[0.000000] (-) TimerEvent: {}
[0.000265] (my_robot_description) JobQueued: {'identifier': 'my_robot_description', 'dependencies': OrderedDict()}
[0.000390] (my_robot_description) JobStarted: {'identifier': 'my_robot_description'}
[0.004585] (my_robot_description) JobProgress: {'identifier': 'my_robot_description', 'progress': 'cmake'}
[0.004857] (my_robot_description) JobProgress: {'identifier': 'my_robot_description', 'progress': 'build'}
[0.005250] (my_robot_description) Command: {'cmd': ['/usr/bin/cmake', '--build', '/home/pratik/ros2_ws/build/my_robot_description', '--', '-j20', '-l20'], 'cwd': '/home/pratik/ros2_ws/build/my_robot_description', 'env': OrderedDict([('LESSOPEN', '| /usr/bin/lesspipe %s'), ('LANGUAGE', 'en_IN:en'), ('USER', 'pratik'), ('XDG_SESSION_TYPE', 'wayland'), ('SHLVL', '1'), ('LD_LIBRARY_PATH', '/home/pratik/ros2_ws/install/my_robot_description/lib:/usr/lib/x86_64-linux-gnu/gazebo-11/plugins:/opt/ros/humble/opt/rviz_ogre_vendor/lib:/opt/ros/humble/lib/x86_64-linux-gnu:/opt/ros/humble/lib'), ('HOME', '/home/pratik'), ('OLDPWD', '/home/pratik/ros2_ws'), ('DESKTOP_SESSION', 'ubuntu'), ('ROS_PYTHON_VERSION', '3'), ('GNOME_SHELL_SESSION_MODE', 'ubuntu'), ('GTK_MODULES', 'gail:atk-bridge'), ('DBUS_STARTER_BUS_TYPE', 'session'), ('SYSTEMD_EXEC_PID', '2874'), ('DBUS_SESSION_BUS_ADDRESS', 'unix:path=/run/user/1000/bus,guid=c70e1f429a8ae012b4bbf98d697caaa0'), ('COLORTERM', 'truecolor'), ('PYTHONNOUSERSITE', '1'), ('_colcon_cd_root', '/opt/ros/humble/'), ('IM_CONFIG_PHASE', '1'), ('WAYLAND_DISPLAY', 'wayland-0'), ('COLCON_PREFIX_PATH', '/home/pratik/ros2_ws/install'), ('ROS_DISTRO', 'humble'), ('LOGNAME', 'pratik'), ('_', '/usr/bin/colcon'), ('ROS_VERSION', '2'), ('XDG_SESSION_CLASS', 'user'), ('USERNAME', 'pratik'), ('TERM', 'xterm-256color'), ('GAZEBO_MODEL_PATH', ':/home/pratik/ros2_ws/src/my_robot_description/models'), ('GNOME_DESKTOP_SESSION_ID', 'this-is-deprecated'), ('ROS_LOCALHOST_ONLY', '1'), ('PATH', '/opt/ros/humble/bin:/home/pratik/.local/bin:/usr/local/sbin:/usr/local/bin:/usr/sbin:/usr/bin:/sbin:/bin:/usr/games:/usr/local/games:/snap/bin:/snap/bin'), ('SESSION_MANAGER', 'local/pratik-Legion-5-15IRX9:@/tmp/.ICE-unix/2874,unix/pratik-Legion-5-15IRX9:/tmp/.ICE-unix/2874'), ('XDG_MENU_PREFIX', 'gnome-'), ('GNOME_TERMINAL_SCREEN', '/org/gnome/Terminal/screen/b836c0ed_f0fc_4f5d_bed4_1ae3bea0ec91'), ('GNOME_SETUP_DISPLAY', ':1'), ('XDG_RUNTIME_DIR', '/run/user/1000'), ('DISPLAY', ':0'), ('LANG', 'en_US.UTF-8'), ('XDG_CURRENT_DESKTOP', 'ubuntu:GNOME'), ('XMODIFIERS', '@im=ibus'), ('XDG_SESSION_DESKTOP', 'ubuntu'), ('XAUTHORITY', '/run/user/1000/.mutter-Xwaylandauth.TH82J3'), ('LS_COLORS', 'rs=0:di=01;34:ln=01;36:mh=00:pi=40;33:so=01;35:do=01;35:bd=40;33;01:cd=40;33;01:or=40;31;01:mi=00:su=37;41:sg=30;43:ca=30;41:tw=30;42:ow=34;42:st=37;44:ex=01;32:*.tar=01;31:*.tgz=01;31:*.arc=01;31:*.arj=01;31:*.taz=01;31:*.lha=01;31:*.lz4=01;31:*.lzh=01;31:*.lzma=01;31:*.tlz=01;31:*.txz=01;31:*.tzo=01;31:*.t7z=01;31:*.zip=01;31:*.z=01;31:*.dz=01;31:*.gz=01;31:*.lrz=01;31:*.lz=01;31:*.lzo=01;31:*.xz=01;31:*.zst=01;31:*.tzst=01;31:*.bz2=01;31:*.bz=01;31:*.tbz=01;31:*.tbz2=01;31:*.tz=01;31:*.deb=01;31:*.rpm=01;31:*.jar=01;31:*.war=01;31:*.ear=01;31:*.sar=01;31:*.rar=01;31:*.alz=01;31:*.ace=01;31:*.zoo=01;31:*.cpio=01;31:*.7z=01;31:*.rz=01;31:*.cab=01;31:*.wim=01;31:*.swm=01;31:*.dwm=01;31:*.esd=01;31:*.jpg=01;35:*.jpeg=01;35:*.mjpg=01;35:*.mjpeg=01;35:*.gif=01;35:*.bmp=01;35:*.pbm=01;35:*.pgm=01;35:*.ppm=01;35:*.tga=01;35:*.xbm=01;35:*.xpm=01;35:*.tif=01;35:*.tiff=01;35:*.png=01;35:*.svg=01;35:*.svgz=01;35:*.mng=01;35:*.pcx=01;35:*.mov=01;35:*.mpg=01;35:*.mpeg=01;35:*.m2v=01;35:*.mkv=01;35:*.webm=01;35:*.webp=01;35:*.ogm=01;35:*.mp4=01;35:*.m4v=01;35:*.mp4v=01;35:*.vob=01;35:*.qt=01;35:*.nuv=01;35:*.wmv=01;35:*.asf=01;35:*.rm=01;35:*.rmvb=01;35:*.flc=01;35:*.avi=01;35:*.fli=01;35:*.flv=01;35:*.gl=01;35:*.dl=01;35:*.xcf=01;35:*.xwd=01;35:*.yuv=01;35:*.cgm=01;35:*.emf=01;35:*.ogv=01;35:*.ogx=01;35:*.aac=00;36:*.au=00;36:*.flac=00;36:*.m4a=00;36:*.mid=00;36:*.midi=00;36:*.mka=00;36:*.mp3=00;36:*.mpc=00;36:*.ogg=00;36:*.ra=00;36:*.wav=00;36:*.oga=00;36:*.opus=00;36:*.spx=00;36:*.xspf=00;36:'), ('GNOME_TERMINAL_SERVICE', ':1.125'), ('SSH_AGENT_LAUNCHER', 'gnome-keyring'), ('SSH_AUTH_SOCK', '/run/user/1000/keyring/ssh'), ('ROS_DOMAIN_ID', '66'), ('AMENT_PREFIX_PATH', '/home/pratik/ros2_ws/install/my_robot_description:/opt/ros/humble'), ('SHELL', '/bin/bash'), ('QT_ACCESSIBILITY', '1'), ('GDMSESSION', 'ubuntu'), ('LESSCLOSE', '/usr/bin/lesspipe %s %s'), ('QT_IM_MODULE', 'ibus'), ('PWD', '/home/pratik/ros2_ws/build/my_robot_description'), ('LC_ALL', 'en_US.UTF-8'), ('XDG_CONFIG_DIRS', '/etc/xdg/xdg-ubuntu:/etc/xdg'), ('DBUS_STARTER_ADDRESS', 'unix:path=/run/user/1000/bus,guid=c70e1f429a8ae012b4bbf98d697caaa0'), ('XDG_DATA_DIRS', '/usr/share/ubuntu:/usr/local/share/:/usr/share/:/var/lib/snapd/desktop'), ('PYTHONPATH', '/home/pratik/ros2_ws/install/my_robot_description/local/lib/python3.10/dist-packages:/opt/ros/humble/lib/python3.10/site-packages:/opt/ros/humble/local/lib/python3.10/dist-packages'), ('COLCON', '1'), ('VTE_VERSION', '6800'), ('CMAKE_PREFIX_PATH', '/home/pratik/ros2_ws/install/my_robot_description:/opt/ros/humble')]), 'shell': False}
[0.023430] (my_robot_description) StdoutLine: {'line': b'-- Found ament_cmake: 1.3.12 (/opt/ros/humble/share/ament_cmake/cmake)\n'}
[0.099902] (-) TimerEvent: {}
[0.108094] (my_robot_description) StdoutLine: {'line': b'-- Found rclcpp: 16.0.17 (/opt/ros/humble/share/rclcpp/cmake)\n'}
[0.122823] (my_robot_description) StdoutLine: {'line': b'-- Found rosidl_generator_c: 3.1.8 (/opt/ros/humble/share/rosidl_generator_c/cmake)\n'}
[0.123924] (my_robot_description) StdoutLine: {'line': b'-- Found rosidl_adapter: 3.1.8 (/opt/ros/humble/share/rosidl_adapter/cmake)\n'}
[0.126928] (my_robot_description) StdoutLine: {'line': b'-- Found rosidl_generator_cpp: 3.1.8 (/opt/ros/humble/share/rosidl_generator_cpp/cmake)\n'}
[0.131972] (my_robot_description) StdoutLine: {'line': b'-- Using all available rosidl_typesupport_c: rosidl_typesupport_fastrtps_c;rosidl_typesupport_introspection_c\n'}
[0.138079] (my_robot_description) StdoutLine: {'line': b'-- Using all available rosidl_typesupport_cpp: rosidl_typesupport_fastrtps_cpp;rosidl_typesupport_introspection_cpp\n'}
[0.154324] (my_robot_description) StdoutLine: {'line': b'-- Found rmw_implementation_cmake: 6.1.2 (/opt/ros/humble/share/rmw_implementation_cmake/cmake)\n'}
[0.154949] (my_robot_description) StdoutLine: {'line': b'-- Found rmw_fastrtps_cpp: 6.2.9 (/opt/ros/humble/share/rmw_fastrtps_cpp/cmake)\n'}
[0.199974] (-) TimerEvent: {}
[0.217911] (my_robot_description) StdoutLine: {'line': b"-- Using RMW implementation 'rmw_fastrtps_cpp' as default\n"}
[0.244376] (my_robot_description) StdoutLine: {'line': b'-- Found geometry_msgs: 4.9.0 (/opt/ros/humble/share/geometry_msgs/cmake)\n'}
[0.250331] (my_robot_description) StdoutLine: {'line': b'-- Found sensor_msgs: 4.9.0 (/opt/ros/humble/share/sensor_msgs/cmake)\n'}
[0.258585] (my_robot_description) StdoutLine: {'line': b'-- Found rosidl_default_generators: 1.2.0 (/opt/ros/humble/share/rosidl_default_generators/cmake)\n'}
[0.300062] (-) TimerEvent: {}
[0.395032] (my_robot_description) StdoutLine: {'line': b'-- Found ament_cmake_ros: 0.10.0 (/opt/ros/humble/share/ament_cmake_ros/cmake)\n'}
[0.400135] (-) TimerEvent: {}
[0.500336] (-) TimerEvent: {}
[0.589843] (my_robot_description) StdoutLine: {'line': b'-- Using all available rosidl_typesupport_c: rosidl_typesupport_fastrtps_c;rosidl_typesupport_introspection_c\n'}
[0.600407] (-) TimerEvent: {}
[0.674097] (my_robot_description) StdoutLine: {'line': b'-- Using all available rosidl_typesupport_cpp: rosidl_typesupport_fastrtps_cpp;rosidl_typesupport_introspection_cpp\n'}
[0.695981] (my_robot_description) StdoutLine: {'line': b'-- Found python_cmake_module: 0.10.0 (/opt/ros/humble/share/python_cmake_module/cmake)\n'}
[0.700504] (-) TimerEvent: {}
[0.713103] (my_robot_description) StdoutLine: {'line': b'-- Using PYTHON_EXECUTABLE: /usr/bin/python3\n'}
[0.713195] (my_robot_description) StdoutLine: {'line': b'-- Using PYTHON_INCLUDE_DIRS: /usr/include/python3.10\n'}
[0.713233] (my_robot_description) StdoutLine: {'line': b'-- Using PYTHON_LIBRARIES: /usr/lib/x86_64-linux-gnu/libpython3.10.so\n'}
[0.719992] (my_robot_description) StdoutLine: {'line': b'-- Found ament_lint_auto: 0.12.14 (/opt/ros/humble/share/ament_lint_auto/cmake)\n'}
[0.730135] (my_robot_description) StdoutLine: {'line': b"-- Added test 'cppcheck' to perform static code analysis on C / C++ code\n"}
[0.730390] (my_robot_description) StdoutLine: {'line': b'-- Configured cppcheck include dirs: \n'}
[0.730418] (my_robot_description) StdoutLine: {'line': b'-- Configured cppcheck exclude dirs and/or files: \n'}
[0.731306] (my_robot_description) StdoutLine: {'line': b"-- Added test 'flake8' to check Python code syntax and style conventions\n"}
[0.732932] (my_robot_description) StdoutLine: {'line': b"-- Added test 'lint_cmake' to check CMake code style\n"}
[0.733848] (my_robot_description) StdoutLine: {'line': b"-- Added test 'pep257' to check Python code against some of the docstring style conventions in PEP 257\n"}
[0.739794] (my_robot_description) StdoutLine: {'line': b"-- Added test 'uncrustify' to check C / C++ code style\n"}
[0.739834] (my_robot_description) StdoutLine: {'line': b'-- Configured uncrustify additional arguments: \n'}
[0.740754] (my_robot_description) StdoutLine: {'line': b"-- Added test 'xmllint' to check XML markup files\n"}
[0.741529] (my_robot_description) StdoutLine: {'line': b'-- Configuring done\n'}
[0.758902] (my_robot_description) StdoutLine: {'line': b'-- Generating done\n'}
[0.765591] (my_robot_description) StdoutLine: {'line': b'-- Build files have been written to: /home/pratik/ros2_ws/build/my_robot_description\n'}
[0.785563] (my_robot_description) StdoutLine: {'line': b'\x1b[35m\x1b[1mConsolidate compiler generated dependencies of target my_robot_description__rosidl_generator_c\x1b[0m\n'}
[0.792289] (my_robot_description) StdoutLine: {'line': b'[  2%] Built target my_robot_description__cpp\n'}
[0.792570] (my_robot_description) StdoutLine: {'line': b'[ 11%] Built target my_robot_description__rosidl_generator_c\n'}
[0.798443] (my_robot_description) StdoutLine: {'line': b'[ 11%] Built target ament_cmake_python_copy_my_robot_description\n'}
[0.798636] (my_robot_description) StdoutLine: {'line': b'\x1b[35m\x1b[1mConsolidate compiler generated dependencies of target my_robot_description__rosidl_typesupport_fastrtps_cpp\x1b[0m\n'}
[0.799043] (my_robot_description) StdoutLine: {'line': b'\x1b[35m\x1b[1mConsolidate compiler generated dependencies of target my_robot_description__rosidl_typesupport_introspection_cpp\x1b[0m\n'}
[0.800648] (-) TimerEvent: {}
[0.802523] (my_robot_description) StdoutLine: {'line': b'\x1b[35m\x1b[1mConsolidate compiler generated dependencies of target my_robot_description__rosidl_typesupport_cpp\x1b[0m\n'}
[0.802629] (my_robot_description) StdoutLine: {'line': b'\x1b[35m\x1b[1mConsolidate compiler generated dependencies of target my_robot_description__rosidl_typesupport_introspection_c\x1b[0m\n'}
[0.802868] (my_robot_description) StdoutLine: {'line': b'\x1b[35m\x1b[1mConsolidate compiler generated dependencies of target my_robot_description__rosidl_typesupport_c\x1b[0m\n'}
[0.805856] (my_robot_description) StdoutLine: {'line': b'\x1b[35m\x1b[1mConsolidate compiler generated dependencies of target my_robot_description__rosidl_typesupport_fastrtps_c\x1b[0m\n'}
[0.809678] (my_robot_description) StdoutLine: {'line': b'[ 20%] Built target my_robot_description__rosidl_typesupport_introspection_cpp\n'}
[0.810039] (my_robot_description) StdoutLine: {'line': b'[ 28%] Built target my_robot_description__rosidl_typesupport_fastrtps_cpp\n'}
[0.814359] (my_robot_description) StdoutLine: {'line': b'[ 37%] Built target my_robot_description__rosidl_typesupport_c\n'}
[0.814465] (my_robot_description) StdoutLine: {'line': b'[ 45%] Built target my_robot_description__rosidl_typesupport_introspection_c\n'}
[0.814531] (my_robot_description) StdoutLine: {'line': b'[ 54%] Built target my_robot_description__rosidl_typesupport_cpp\n'}
[0.818012] (my_robot_description) StdoutLine: {'line': b'[ 62%] Built target my_robot_description__rosidl_typesupport_fastrtps_c\n'}
[0.821372] (my_robot_description) StdoutLine: {'line': b'\x1b[35m\x1b[1mConsolidate compiler generated dependencies of target robot_controller_node\x1b[0m\n'}
[0.821507] (my_robot_description) StdoutLine: {'line': b'\x1b[35m\x1b[1mConsolidate compiler generated dependencies of target teleop_node\x1b[0m\n'}
[0.831543] (my_robot_description) StdoutLine: {'line': b'[ 62%] Built target my_robot_description\n'}
[0.831734] (my_robot_description) StdoutLine: {'line': b'[ 68%] Built target teleop_node\n'}
[0.832561] (my_robot_description) StdoutLine: {'line': b'[ 74%] Built target robot_controller_node\n'}
[0.845852] (my_robot_description) StdoutLine: {'line': b'[ 77%] Built target my_robot_description__py\n'}
[0.852141] (my_robot_description) StdoutLine: {'line': b'\x1b[35m\x1b[1mConsolidate compiler generated dependencies of target my_robot_description__rosidl_generator_py\x1b[0m\n'}
[0.860461] (my_robot_description) StdoutLine: {'line': b'[ 82%] Built target my_robot_description__rosidl_generator_py\n'}
[0.866101] (my_robot_description) StdoutLine: {'line': b'\x1b[35m\x1b[1mConsolidate compiler generated dependencies of target my_robot_description__rosidl_typesupport_fastrtps_c__pyext\x1b[0m\n'}
[0.868178] (my_robot_description) StdoutLine: {'line': b'\x1b[35m\x1b[1mConsolidate compiler generated dependencies of target my_robot_description__rosidl_typesupport_introspection_c__pyext\x1b[0m\n'}
[0.868440] (my_robot_description) StdoutLine: {'line': b'\x1b[35m\x1b[1mConsolidate compiler generated dependencies of target my_robot_description__rosidl_typesupport_c__pyext\x1b[0m\n'}
[0.873535] (my_robot_description) StdoutLine: {'line': b'[ 88%] Built target my_robot_description__rosidl_typesupport_fastrtps_c__pyext\n'}
[0.875599] (my_robot_description) StdoutLine: {'line': b'[ 94%] Built target my_robot_description__rosidl_typesupport_c__pyext\n'}
[0.876148] (my_robot_description) StdoutLine: {'line': b'[100%] Built target my_robot_description__rosidl_typesupport_introspection_c__pyext\n'}
[0.900749] (-) TimerEvent: {}
[0.923183] (my_robot_description) StdoutLine: {'line': b'running egg_info\n'}
[0.923451] (my_robot_description) StdoutLine: {'line': b'writing my_robot_description.egg-info/PKG-INFO\n'}
[0.923536] (my_robot_description) StdoutLine: {'line': b'writing dependency_links to my_robot_description.egg-info/dependency_links.txt\n'}
[0.923619] (my_robot_description) StdoutLine: {'line': b'writing top-level names to my_robot_description.egg-info/top_level.txt\n'}
[0.924655] (my_robot_description) StdoutLine: {'line': b"reading manifest file 'my_robot_description.egg-info/SOURCES.txt'\n"}
[0.924867] (my_robot_description) StdoutLine: {'line': b"writing manifest file 'my_robot_description.egg-info/SOURCES.txt'\n"}
[0.943319] (my_robot_description) StdoutLine: {'line': b'[100%] Built target ament_cmake_python_build_my_robot_description_egg\n'}
[0.952838] (my_robot_description) CommandEnded: {'returncode': 0}
[0.953850] (my_robot_description) JobProgress: {'identifier': 'my_robot_description', 'progress': 'install'}
[0.962028] (my_robot_description) Command: {'cmd': ['/usr/bin/cmake', '--install', '/home/pratik/ros2_ws/build/my_robot_description'], 'cwd': '/home/pratik/ros2_ws/build/my_robot_description', 'env': OrderedDict([('LESSOPEN', '| /usr/bin/lesspipe %s'), ('LANGUAGE', 'en_IN:en'), ('USER', 'pratik'), ('XDG_SESSION_TYPE', 'wayland'), ('SHLVL', '1'), ('LD_LIBRARY_PATH', '/home/pratik/ros2_ws/install/my_robot_description/lib:/usr/lib/x86_64-linux-gnu/gazebo-11/plugins:/opt/ros/humble/opt/rviz_ogre_vendor/lib:/opt/ros/humble/lib/x86_64-linux-gnu:/opt/ros/humble/lib'), ('HOME', '/home/pratik'), ('OLDPWD', '/home/pratik/ros2_ws'), ('DESKTOP_SESSION', 'ubuntu'), ('ROS_PYTHON_VERSION', '3'), ('GNOME_SHELL_SESSION_MODE', 'ubuntu'), ('GTK_MODULES', 'gail:atk-bridge'), ('DBUS_STARTER_BUS_TYPE', 'session'), ('SYSTEMD_EXEC_PID', '2874'), ('DBUS_SESSION_BUS_ADDRESS', 'unix:path=/run/user/1000/bus,guid=c70e1f429a8ae012b4bbf98d697caaa0'), ('COLORTERM', 'truecolor'), ('PYTHONNOUSERSITE', '1'), ('_colcon_cd_root', '/opt/ros/humble/'), ('IM_CONFIG_PHASE', '1'), ('WAYLAND_DISPLAY', 'wayland-0'), ('COLCON_PREFIX_PATH', '/home/pratik/ros2_ws/install'), ('ROS_DISTRO', 'humble'), ('LOGNAME', 'pratik'), ('_', '/usr/bin/colcon'), ('ROS_VERSION', '2'), ('XDG_SESSION_CLASS', 'user'), ('USERNAME', 'pratik'), ('TERM', 'xterm-256color'), ('GAZEBO_MODEL_PATH', ':/home/pratik/ros2_ws/src/my_robot_description/models'), ('GNOME_DESKTOP_SESSION_ID', 'this-is-deprecated'), ('ROS_LOCALHOST_ONLY', '1'), ('PATH', '/opt/ros/humble/bin:/home/pratik/.local/bin:/usr/local/sbin:/usr/local/bin:/usr/sbin:/usr/bin:/sbin:/bin:/usr/games:/usr/local/games:/snap/bin:/snap/bin'), ('SESSION_MANAGER', 'local/pratik-Legion-5-15IRX9:@/tmp/.ICE-unix/2874,unix/pratik-Legion-5-15IRX9:/tmp/.ICE-unix/2874'), ('XDG_MENU_PREFIX', 'gnome-'), ('GNOME_TERMINAL_SCREEN', '/org/gnome/Terminal/screen/b836c0ed_f0fc_4f5d_bed4_1ae3bea0ec91'), ('GNOME_SETUP_DISPLAY', ':1'), ('XDG_RUNTIME_DIR', '/run/user/1000'), ('DISPLAY', ':0'), ('LANG', 'en_US.UTF-8'), ('XDG_CURRENT_DESKTOP', 'ubuntu:GNOME'), ('XMODIFIERS', '@im=ibus'), ('XDG_SESSION_DESKTOP', 'ubuntu'), ('XAUTHORITY', '/run/user/1000/.mutter-Xwaylandauth.TH82J3'), ('LS_COLORS', 'rs=0:di=01;34:ln=01;36:mh=00:pi=40;33:so=01;35:do=01;35:bd=40;33;01:cd=40;33;01:or=40;31;01:mi=00:su=37;41:sg=30;43:ca=30;41:tw=30;42:ow=34;42:st=37;44:ex=01;32:*.tar=01;31:*.tgz=01;31:*.arc=01;31:*.arj=01;31:*.taz=01;31:*.lha=01;31:*.lz4=01;31:*.lzh=01;31:*.lzma=01;31:*.tlz=01;31:*.txz=01;31:*.tzo=01;31:*.t7z=01;31:*.zip=01;31:*.z=01;31:*.dz=01;31:*.gz=01;31:*.lrz=01;31:*.lz=01;31:*.lzo=01;31:*.xz=01;31:*.zst=01;31:*.tzst=01;31:*.bz2=01;31:*.bz=01;31:*.tbz=01;31:*.tbz2=01;31:*.tz=01;31:*.deb=01;31:*.rpm=01;31:*.jar=01;31:*.war=01;31:*.ear=01;31:*.sar=01;31:*.rar=01;31:*.alz=01;31:*.ace=01;31:*.zoo=01;31:*.cpio=01;31:*.7z=01;31:*.rz=01;31:*.cab=01;31:*.wim=01;31:*.swm=01;31:*.dwm=01;31:*.esd=01;31:*.jpg=01;35:*.jpeg=01;35:*.mjpg=01;35:*.mjpeg=01;35:*.gif=01;35:*.bmp=01;35:*.pbm=01;35:*.pgm=01;35:*.ppm=01;35:*.tga=01;35:*.xbm=01;35:*.xpm=01;35:*.tif=01;35:*.tiff=01;35:*.png=01;35:*.svg=01;35:*.svgz=01;35:*.mng=01;35:*.pcx=01;35:*.mov=01;35:*.mpg=01;35:*.mpeg=01;35:*.m2v=01;35:*.mkv=01;35:*.webm=01;35:*.webp=01;35:*.ogm=01;35:*.mp4=01;35:*.m4v=01;35:*.mp4v=01;35:*.vob=01;35:*.qt=01;35:*.nuv=01;35:*.wmv=01;35:*.asf=01;35:*.rm=01;35:*.rmvb=01;35:*.flc=01;35:*.avi=01;35:*.fli=01;35:*.flv=01;35:*.gl=01;35:*.dl=01;35:*.xcf=01;35:*.xwd=01;35:*.yuv=01;35:*.cgm=01;35:*.emf=01;35:*.ogv=01;35:*.ogx=01;35:*.aac=00;36:*.au=00;36:*.flac=00;36:*.m4a=00;36:*.mid=00;36:*.midi=00;36:*.mka=00;36:*.mp3=00;36:*.mpc=00;36:*.ogg=00;36:*.ra=00;36:*.wav=00;36:*.oga=00;36:*.opus=00;36:*.spx=00;36:*.xspf=00;36:'), ('GNOME_TERMINAL_SERVICE', ':1.125'), ('SSH_AGENT_LAUNCHER', 'gnome-keyring'), ('SSH_AUTH_SOCK', '/run/user/1000/keyring/ssh'), ('ROS_DOMAIN_ID', '66'), ('AMENT_PREFIX_PATH', '/home/pratik/ros2_ws/install/my_robot_description:/opt/ros/humble'), ('SHELL', '/bin/bash'), ('QT_ACCESSIBILITY', '1'), ('GDMSESSION', 'ubuntu'), ('LESSCLOSE', '/usr/bin/lesspipe %s %s'), ('QT_IM_MODULE', 'ibus'), ('PWD', '/home/pratik/ros2_ws/build/my_robot_description'), ('LC_ALL', 'en_US.UTF-8'), ('XDG_CONFIG_DIRS', '/etc/xdg/xdg-ubuntu:/etc/xdg'), ('DBUS_STARTER_ADDRESS', 'unix:path=/run/user/1000/bus,guid=c70e1f429a8ae012b4bbf98d697caaa0'), ('XDG_DATA_DIRS', '/usr/share/ubuntu:/usr/local/share/:/usr/share/:/var/lib/snapd/desktop'), ('PYTHONPATH', '/home/pratik/ros2_ws/install/my_robot_description/local/lib/python3.10/dist-packages:/opt/ros/humble/lib/python3.10/site-packages:/opt/ros/humble/local/lib/python3.10/dist-packages'), ('COLCON', '1'), ('VTE_VERSION', '6800'), ('CMAKE_PREFIX_PATH', '/home/pratik/ros2_ws/install/my_robot_description:/opt/ros/humble')]), 'shell': False}
[0.969590] (my_robot_description) StdoutLine: {'line': b'-- Install configuration: ""\n'}
[0.969743] (my_robot_description) StdoutLine: {'line': b'-- Up-to-date: /home/pratik/ros2_ws/install/my_robot_description/share/ament_index/resource_index/rosidl_interfaces/my_robot_description\n'}
[0.969810] (my_robot_description) StdoutLine: {'line': b'-- Up-to-date: /home/pratik/ros2_ws/install/my_robot_description/include/my_robot_description/my_robot_description\n'}
[0.970061] (my_robot_description) StdoutLine: {'line': b'-- Up-to-date: /home/pratik/ros2_ws/install/my_robot_description/include/my_robot_description/my_robot_description/srv\n'}
[0.970136] (my_robot_description) StdoutLine: {'line': b'-- Up-to-date: /home/pratik/ros2_ws/install/my_robot_description/include/my_robot_description/my_robot_description/srv/set_velocity.h\n'}
[0.970193] (my_robot_description) StdoutLine: {'line': b'-- Up-to-date: /home/pratik/ros2_ws/install/my_robot_description/include/my_robot_description/my_robot_description/srv/detail\n'}
[0.970404] (my_robot_description) StdoutLine: {'line': b'-- Up-to-date: /home/pratik/ros2_ws/install/my_robot_description/include/my_robot_description/my_robot_description/srv/detail/set_velocity__type_support.h\n'}
[0.970561] (my_robot_description) StdoutLine: {'line': b'-- Up-to-date: /home/pratik/ros2_ws/install/my_robot_description/include/my_robot_description/my_robot_description/srv/detail/set_velocity__functions.c\n'}
[0.970659] (my_robot_description) StdoutLine: {'line': b'-- Up-to-date: /home/pratik/ros2_ws/install/my_robot_description/include/my_robot_description/my_robot_description/srv/detail/set_velocity__struct.h\n'}
[0.970754] (my_robot_description) StdoutLine: {'line': b'-- Up-to-date: /home/pratik/ros2_ws/install/my_robot_description/include/my_robot_description/my_robot_description/srv/detail/set_velocity__functions.h\n'}
[0.970845] (my_robot_description) StdoutLine: {'line': b'-- Up-to-date: /home/pratik/ros2_ws/install/my_robot_description/include/my_robot_description/my_robot_description/msg\n'}
[0.970936] (my_robot_description) StdoutLine: {'line': b'-- Up-to-date: /home/pratik/ros2_ws/install/my_robot_description/include/my_robot_description/my_robot_description/msg/rosidl_generator_c__visibility_control.h\n'}
[0.971075] (my_robot_description) StdoutLine: {'line': b'-- Up-to-date: /home/pratik/ros2_ws/install/my_robot_description/share/my_robot_description/environment/library_path.sh\n'}
[0.971170] (my_robot_description) StdoutLine: {'line': b'-- Installing: /home/pratik/ros2_ws/install/my_robot_description/share/my_robot_description/environment/library_path.dsv\n'}
[0.971469] (my_robot_description) StdoutLine: {'line': b'-- Up-to-date: /home/pratik/ros2_ws/install/my_robot_description/lib/libmy_robot_description__rosidl_generator_c.so\n'}
[0.971629] (my_robot_description) StdoutLine: {'line': b'-- Up-to-date: /home/pratik/ros2_ws/install/my_robot_description/include/my_robot_description/my_robot_description\n'}
[0.971729] (my_robot_description) StdoutLine: {'line': b'-- Up-to-date: /home/pratik/ros2_ws/install/my_robot_description/include/my_robot_description/my_robot_description/srv\n'}
[0.971823] (my_robot_description) StdoutLine: {'line': b'-- Up-to-date: /home/pratik/ros2_ws/install/my_robot_description/include/my_robot_description/my_robot_description/srv/detail\n'}
[0.971915] (my_robot_description) StdoutLine: {'line': b'-- Up-to-date: /home/pratik/ros2_ws/install/my_robot_description/include/my_robot_description/my_robot_description/srv/detail/set_velocity__rosidl_typesupport_fastrtps_c.h\n'}
[0.972006] (my_robot_description) StdoutLine: {'line': b'-- Up-to-date: /home/pratik/ros2_ws/install/my_robot_description/include/my_robot_description/my_robot_description/msg\n'}
[0.972096] (my_robot_description) StdoutLine: {'line': b'-- Up-to-date: /home/pratik/ros2_ws/install/my_robot_description/include/my_robot_description/my_robot_description/msg/rosidl_typesupport_fastrtps_c__visibility_control.h\n'}
[0.972187] (my_robot_description) StdoutLine: {'line': b'-- Up-to-date: /home/pratik/ros2_ws/install/my_robot_description/lib/libmy_robot_description__rosidl_typesupport_fastrtps_c.so\n'}
[0.972456] (my_robot_description) StdoutLine: {'line': b'-- Up-to-date: /home/pratik/ros2_ws/install/my_robot_description/include/my_robot_description/my_robot_description\n'}
[0.972612] (my_robot_description) StdoutLine: {'line': b'-- Up-to-date: /home/pratik/ros2_ws/install/my_robot_description/include/my_robot_description/my_robot_description/srv\n'}
[0.972740] (my_robot_description) StdoutLine: {'line': b'-- Up-to-date: /home/pratik/ros2_ws/install/my_robot_description/include/my_robot_description/my_robot_description/srv/set_velocity.hpp\n'}
[0.972837] (my_robot_description) StdoutLine: {'line': b'-- Up-to-date: /home/pratik/ros2_ws/install/my_robot_description/include/my_robot_description/my_robot_description/srv/detail\n'}
[0.972929] (my_robot_description) StdoutLine: {'line': b'-- Up-to-date: /home/pratik/ros2_ws/install/my_robot_description/include/my_robot_description/my_robot_description/srv/detail/set_velocity__type_support.hpp\n'}
[0.973021] (my_robot_description) StdoutLine: {'line': b'-- Up-to-date: /home/pratik/ros2_ws/install/my_robot_description/include/my_robot_description/my_robot_description/srv/detail/set_velocity__traits.hpp\n'}
[0.973112] (my_robot_description) StdoutLine: {'line': b'-- Up-to-date: /home/pratik/ros2_ws/install/my_robot_description/include/my_robot_description/my_robot_description/srv/detail/set_velocity__struct.hpp\n'}
[0.973205] (my_robot_description) StdoutLine: {'line': b'-- Up-to-date: /home/pratik/ros2_ws/install/my_robot_description/include/my_robot_description/my_robot_description/srv/detail/set_velocity__builder.hpp\n'}
[0.973377] (my_robot_description) StdoutLine: {'line': b'-- Up-to-date: /home/pratik/ros2_ws/install/my_robot_description/include/my_robot_description/my_robot_description/msg\n'}
[0.973469] (my_robot_description) StdoutLine: {'line': b'-- Up-to-date: /home/pratik/ros2_ws/install/my_robot_description/include/my_robot_description/my_robot_description/msg/rosidl_generator_cpp__visibility_control.hpp\n'}
[0.973555] (my_robot_description) StdoutLine: {'line': b'-- Up-to-date: /home/pratik/ros2_ws/install/my_robot_description/include/my_robot_description/my_robot_description\n'}
[0.973641] (my_robot_description) StdoutLine: {'line': b'-- Up-to-date: /home/pratik/ros2_ws/install/my_robot_description/include/my_robot_description/my_robot_description/srv\n'}
[0.973727] (my_robot_description) StdoutLine: {'line': b'-- Up-to-date: /home/pratik/ros2_ws/install/my_robot_description/include/my_robot_description/my_robot_description/srv/detail\n'}
[0.973813] (my_robot_description) StdoutLine: {'line': b'-- Up-to-date: /home/pratik/ros2_ws/install/my_robot_description/include/my_robot_description/my_robot_description/srv/detail/set_velocity__rosidl_typesupport_fastrtps_cpp.hpp\n'}
[0.973900] (my_robot_description) StdoutLine: {'line': b'-- Up-to-date: /home/pratik/ros2_ws/install/my_robot_description/include/my_robot_description/my_robot_description/srv/detail/dds_fastrtps\n'}
[0.973988] (my_robot_description) StdoutLine: {'line': b'-- Up-to-date: /home/pratik/ros2_ws/install/my_robot_description/include/my_robot_description/my_robot_description/msg\n'}
[0.974078] (my_robot_description) StdoutLine: {'line': b'-- Up-to-date: /home/pratik/ros2_ws/install/my_robot_description/include/my_robot_description/my_robot_description/msg/rosidl_typesupport_fastrtps_cpp__visibility_control.h\n'}
[0.974170] (my_robot_description) StdoutLine: {'line': b'-- Up-to-date: /home/pratik/ros2_ws/install/my_robot_description/lib/libmy_robot_description__rosidl_typesupport_fastrtps_cpp.so\n'}
[0.974275] (my_robot_description) StdoutLine: {'line': b'-- Up-to-date: /home/pratik/ros2_ws/install/my_robot_description/include/my_robot_description/my_robot_description\n'}
[0.974372] (my_robot_description) StdoutLine: {'line': b'-- Up-to-date: /home/pratik/ros2_ws/install/my_robot_description/include/my_robot_description/my_robot_description/srv\n'}
[0.974463] (my_robot_description) StdoutLine: {'line': b'-- Up-to-date: /home/pratik/ros2_ws/install/my_robot_description/include/my_robot_description/my_robot_description/srv/detail\n'}
[0.974553] (my_robot_description) StdoutLine: {'line': b'-- Up-to-date: /home/pratik/ros2_ws/install/my_robot_description/include/my_robot_description/my_robot_description/srv/detail/set_velocity__rosidl_typesupport_introspection_c.h\n'}
[0.974648] (my_robot_description) StdoutLine: {'line': b'-- Up-to-date: /home/pratik/ros2_ws/install/my_robot_description/include/my_robot_description/my_robot_description/srv/detail/set_velocity__type_support.c\n'}
[0.974740] (my_robot_description) StdoutLine: {'line': b'-- Up-to-date: /home/pratik/ros2_ws/install/my_robot_description/include/my_robot_description/my_robot_description/msg\n'}
[0.974830] (my_robot_description) StdoutLine: {'line': b'-- Up-to-date: /home/pratik/ros2_ws/install/my_robot_description/include/my_robot_description/my_robot_description/msg/rosidl_typesupport_introspection_c__visibility_control.h\n'}
[0.974921] (my_robot_description) StdoutLine: {'line': b'-- Up-to-date: /home/pratik/ros2_ws/install/my_robot_description/lib/libmy_robot_description__rosidl_typesupport_introspection_c.so\n'}
[0.975012] (my_robot_description) StdoutLine: {'line': b'-- Up-to-date: /home/pratik/ros2_ws/install/my_robot_description/lib/libmy_robot_description__rosidl_typesupport_c.so\n'}
[0.975102] (my_robot_description) StdoutLine: {'line': b'-- Up-to-date: /home/pratik/ros2_ws/install/my_robot_description/include/my_robot_description/my_robot_description\n'}
[0.975192] (my_robot_description) StdoutLine: {'line': b'-- Up-to-date: /home/pratik/ros2_ws/install/my_robot_description/include/my_robot_description/my_robot_description/srv\n'}
[0.975294] (my_robot_description) StdoutLine: {'line': b'-- Up-to-date: /home/pratik/ros2_ws/install/my_robot_description/include/my_robot_description/my_robot_description/srv/detail\n'}
[0.975387] (my_robot_description) StdoutLine: {'line': b'-- Up-to-date: /home/pratik/ros2_ws/install/my_robot_description/include/my_robot_description/my_robot_description/srv/detail/set_velocity__type_support.cpp\n'}
[0.975488] (my_robot_description) StdoutLine: {'line': b'-- Up-to-date: /home/pratik/ros2_ws/install/my_robot_description/include/my_robot_description/my_robot_description/srv/detail/set_velocity__rosidl_typesupport_introspection_cpp.hpp\n'}
[0.975579] (my_robot_description) StdoutLine: {'line': b'-- Up-to-date: /home/pratik/ros2_ws/install/my_robot_description/lib/libmy_robot_description__rosidl_typesupport_introspection_cpp.so\n'}
[0.975670] (my_robot_description) StdoutLine: {'line': b'-- Up-to-date: /home/pratik/ros2_ws/install/my_robot_description/lib/libmy_robot_description__rosidl_typesupport_cpp.so\n'}
[0.975760] (my_robot_description) StdoutLine: {'line': b'-- Up-to-date: /home/pratik/ros2_ws/install/my_robot_description/share/my_robot_description/environment/pythonpath.sh\n'}
[0.975849] (my_robot_description) StdoutLine: {'line': b'-- Installing: /home/pratik/ros2_ws/install/my_robot_description/share/my_robot_description/environment/pythonpath.dsv\n'}
[0.975939] (my_robot_description) StdoutLine: {'line': b'-- Up-to-date: /home/pratik/ros2_ws/install/my_robot_description/local/lib/python3.10/dist-packages/my_robot_description-0.0.0-py3.10.egg-info\n'}
[0.976029] (my_robot_description) StdoutLine: {'line': b'-- Installing: /home/pratik/ros2_ws/install/my_robot_description/local/lib/python3.10/dist-packages/my_robot_description-0.0.0-py3.10.egg-info/PKG-INFO\n'}
[0.976119] (my_robot_description) StdoutLine: {'line': b'-- Installing: /home/pratik/ros2_ws/install/my_robot_description/local/lib/python3.10/dist-packages/my_robot_description-0.0.0-py3.10.egg-info/SOURCES.txt\n'}
[0.976208] (my_robot_description) StdoutLine: {'line': b'-- Installing: /home/pratik/ros2_ws/install/my_robot_description/local/lib/python3.10/dist-packages/my_robot_description-0.0.0-py3.10.egg-info/top_level.txt\n'}
[0.976309] (my_robot_description) StdoutLine: {'line': b'-- Installing: /home/pratik/ros2_ws/install/my_robot_description/local/lib/python3.10/dist-packages/my_robot_description-0.0.0-py3.10.egg-info/dependency_links.txt\n'}
[0.976401] (my_robot_description) StdoutLine: {'line': b'-- Up-to-date: /home/pratik/ros2_ws/install/my_robot_description/local/lib/python3.10/dist-packages/my_robot_description\n'}
[0.976490] (my_robot_description) StdoutLine: {'line': b'-- Up-to-date: /home/pratik/ros2_ws/install/my_robot_description/local/lib/python3.10/dist-packages/my_robot_description/_my_robot_description_s.ep.rosidl_typesupport_introspection_c.c\n'}
[0.976586] (my_robot_description) StdoutLine: {'line': b'-- Installing: /home/pratik/ros2_ws/install/my_robot_description/local/lib/python3.10/dist-packages/my_robot_description/__init__.py\n'}
[0.976675] (my_robot_description) StdoutLine: {'line': b'-- Up-to-date: /home/pratik/ros2_ws/install/my_robot_description/local/lib/python3.10/dist-packages/my_robot_description/my_robot_description_s__rosidl_typesupport_introspection_c.cpython-310-x86_64-linux-gnu.so\n'}
[0.976778] (my_robot_description) StdoutLine: {'line': b'-- Up-to-date: /home/pratik/ros2_ws/install/my_robot_description/local/lib/python3.10/dist-packages/my_robot_description/my_robot_description_s__rosidl_typesupport_fastrtps_c.cpython-310-x86_64-linux-gnu.so\n'}
[0.976871] (my_robot_description) StdoutLine: {'line': b'-- Up-to-date: /home/pratik/ros2_ws/install/my_robot_description/local/lib/python3.10/dist-packages/my_robot_description/_my_robot_description_s.ep.rosidl_typesupport_c.c\n'}
[0.976960] (my_robot_description) StdoutLine: {'line': b'-- Up-to-date: /home/pratik/ros2_ws/install/my_robot_description/local/lib/python3.10/dist-packages/my_robot_description/my_robot_description_s__rosidl_typesupport_c.cpython-310-x86_64-linux-gnu.so\n'}
[0.977050] (my_robot_description) StdoutLine: {'line': b'-- Up-to-date: /home/pratik/ros2_ws/install/my_robot_description/local/lib/python3.10/dist-packages/my_robot_description/libmy_robot_description__rosidl_generator_py.so\n'}
[0.977139] (my_robot_description) StdoutLine: {'line': b'-- Up-to-date: /home/pratik/ros2_ws/install/my_robot_description/local/lib/python3.10/dist-packages/my_robot_description/srv\n'}
[0.977233] (my_robot_description) StdoutLine: {'line': b'-- Up-to-date: /home/pratik/ros2_ws/install/my_robot_description/local/lib/python3.10/dist-packages/my_robot_description/srv/__init__.py\n'}
[0.977333] (my_robot_description) StdoutLine: {'line': b'-- Up-to-date: /home/pratik/ros2_ws/install/my_robot_description/local/lib/python3.10/dist-packages/my_robot_description/srv/_set_velocity.py\n'}
[0.977423] (my_robot_description) StdoutLine: {'line': b'-- Up-to-date: /home/pratik/ros2_ws/install/my_robot_description/local/lib/python3.10/dist-packages/my_robot_description/srv/_set_velocity_s.c\n'}
[0.977512] (my_robot_description) StdoutLine: {'line': b'-- Up-to-date: /home/pratik/ros2_ws/install/my_robot_description/local/lib/python3.10/dist-packages/my_robot_description/_my_robot_description_s.ep.rosidl_typesupport_fastrtps_c.c\n'}
[1.000879] (-) TimerEvent: {}
[1.005518] (my_robot_description) StdoutLine: {'line': b"Listing '/home/pratik/ros2_ws/install/my_robot_description/local/lib/python3.10/dist-packages/my_robot_description'...\n"}
[1.005649] (my_robot_description) StdoutLine: {'line': b"Compiling '/home/pratik/ros2_ws/install/my_robot_description/local/lib/python3.10/dist-packages/my_robot_description/__init__.py'...\n"}
[1.005712] (my_robot_description) StdoutLine: {'line': b"Listing '/home/pratik/ros2_ws/install/my_robot_description/local/lib/python3.10/dist-packages/my_robot_description/srv'...\n"}
[1.008108] (my_robot_description) StdoutLine: {'line': b'-- Up-to-date: /home/pratik/ros2_ws/install/my_robot_description/local/lib/python3.10/dist-packages/my_robot_description/my_robot_description_s__rosidl_typesupport_fastrtps_c.cpython-310-x86_64-linux-gnu.so\n'}
[1.008389] (my_robot_description) StdoutLine: {'line': b'-- Up-to-date: /home/pratik/ros2_ws/install/my_robot_description/local/lib/python3.10/dist-packages/my_robot_description/my_robot_description_s__rosidl_typesupport_introspection_c.cpython-310-x86_64-linux-gnu.so\n'}
[1.008576] (my_robot_description) StdoutLine: {'line': b'-- Up-to-date: /home/pratik/ros2_ws/install/my_robot_description/local/lib/python3.10/dist-packages/my_robot_description/my_robot_description_s__rosidl_typesupport_c.cpython-310-x86_64-linux-gnu.so\n'}
[1.008694] (my_robot_description) StdoutLine: {'line': b'-- Up-to-date: /home/pratik/ros2_ws/install/my_robot_description/lib/libmy_robot_description__rosidl_generator_py.so\n'}
[1.008846] (my_robot_description) StdoutLine: {'line': b'-- Up-to-date: /home/pratik/ros2_ws/install/my_robot_description/share/my_robot_description/srv/SetVelocity.idl\n'}
[1.008906] (my_robot_description) StdoutLine: {'line': b'-- Up-to-date: /home/pratik/ros2_ws/install/my_robot_description/share/my_robot_description/srv/SetVelocity.srv\n'}
[1.008962] (my_robot_description) StdoutLine: {'line': b'-- Up-to-date: /home/pratik/ros2_ws/install/my_robot_description/share/my_robot_description/srv/SetVelocity_Request.msg\n'}
[1.009043] (my_robot_description) StdoutLine: {'line': b'-- Up-to-date: /home/pratik/ros2_ws/install/my_robot_description/share/my_robot_description/srv/SetVelocity_Response.msg\n'}
[1.009136] (my_robot_description) StdoutLine: {'line': b'-- Up-to-date: /home/pratik/ros2_ws/install/my_robot_description/share/my_robot_description/urdf\n'}
[1.009191] (my_robot_description) StdoutLine: {'line': b'-- Up-to-date: /home/pratik/ros2_ws/install/my_robot_description/share/my_robot_description/urdf/robot.urdf.xacro\n'}
[1.009251] (my_robot_description) StdoutLine: {'line': b'-- Up-to-date: /home/pratik/ros2_ws/install/my_robot_description/share/my_robot_description/launch\n'}
[1.009311] (my_robot_description) StdoutLine: {'line': b'-- Up-to-date: /home/pratik/ros2_ws/install/my_robot_description/share/my_robot_description/launch/robot_gazebo_rviz.launch.py\n'}
[1.009366] (my_robot_description) StdoutLine: {'line': b'-- Up-to-date: /home/pratik/ros2_ws/install/my_robot_description/lib/my_robot_description/robot_controller_node\n'}
[1.009448] (my_robot_description) StdoutLine: {'line': b'-- Up-to-date: /home/pratik/ros2_ws/install/my_robot_description/lib/my_robot_description/teleop_node\n'}
[1.009502] (my_robot_description) StdoutLine: {'line': b'-- Up-to-date: /home/pratik/ros2_ws/install/my_robot_description/lib/my_robot_description/robot_controller.py\n'}
[1.009559] (my_robot_description) StdoutLine: {'line': b'-- Installing: /home/pratik/ros2_ws/install/my_robot_description/share/my_robot_description/models\n'}
[1.009641] (my_robot_description) StdoutLine: {'line': b'-- Installing: /home/pratik/ros2_ws/install/my_robot_description/share/my_robot_description/models/cardboard_box\n'}
[1.009695] (my_robot_description) StdoutLine: {'line': b'-- Installing: /home/pratik/ros2_ws/install/my_robot_description/share/my_robot_description/models/cardboard_box/meshes\n'}
[1.009749] (my_robot_description) StdoutLine: {'line': b'-- Installing: /home/pratik/ros2_ws/install/my_robot_description/share/my_robot_description/models/cardboard_box/meshes/cardboard_box.dae\n'}
[1.009825] (my_robot_description) StdoutLine: {'line': b'-- Installing: /home/pratik/ros2_ws/install/my_robot_description/share/my_robot_description/models/cardboard_box/meshes/cardboard_box.png\n'}
[1.010120] (my_robot_description) StdoutLine: {'line': b'-- Installing: /home/pratik/ros2_ws/install/my_robot_description/share/my_robot_description/models/cardboard_box/model.sdf\n'}
[1.010191] (my_robot_description) StdoutLine: {'line': b'-- Installing: /home/pratik/ros2_ws/install/my_robot_description/share/my_robot_description/models/cardboard_box/materials\n'}
[1.010267] (my_robot_description) StdoutLine: {'line': b'-- Installing: /home/pratik/ros2_ws/install/my_robot_description/share/my_robot_description/models/cardboard_box/materials/textures\n'}
[1.010357] (my_robot_description) StdoutLine: {'line': b'-- Installing: /home/pratik/ros2_ws/install/my_robot_description/share/my_robot_description/models/cardboard_box/materials/textures/cardboard_box.png\n'}
[1.010539] (my_robot_description) StdoutLine: {'line': b'-- Installing: /home/pratik/ros2_ws/install/my_robot_description/share/my_robot_description/models/cardboard_box/thumbnails\n'}
[1.010612] (my_robot_description) StdoutLine: {'line': b'-- Installing: /home/pratik/ros2_ws/install/my_robot_description/share/my_robot_description/models/cardboard_box/thumbnails/2.png\n'}
[1.010688] (my_robot_description) StdoutLine: {'line': b'-- Installing: /home/pratik/ros2_ws/install/my_robot_description/share/my_robot_description/models/cardboard_box/thumbnails/5.png\n'}
[1.010759] (my_robot_description) StdoutLine: {'line': b'-- Installing: /home/pratik/ros2_ws/install/my_robot_description/share/my_robot_description/models/cardboard_box/thumbnails/4.png\n'}
[1.010830] (my_robot_description) StdoutLine: {'line': b'-- Installing: /home/pratik/ros2_ws/install/my_robot_description/share/my_robot_description/models/cardboard_box/thumbnails/3.png\n'}
[1.010900] (my_robot_description) StdoutLine: {'line': b'-- Installing: /home/pratik/ros2_ws/install/my_robot_description/share/my_robot_description/models/cardboard_box/thumbnails/1.png\n'}
[1.010970] (my_robot_description) StdoutLine: {'line': b'-- Installing: /home/pratik/ros2_ws/install/my_robot_description/share/my_robot_description/models/cardboard_box/model.config\n'}
[1.011043] (my_robot_description) StdoutLine: {'line': b'-- Installing: /home/pratik/ros2_ws/install/my_robot_description/share/my_robot_description/models/MARBLE_HUSKY_SENSOR_CONFIG_2\n'}
[1.011170] (my_robot_description) StdoutLine: {'line': b'-- Installing: /home/pratik/ros2_ws/install/my_robot_description/share/my_robot_description/models/MARBLE_HUSKY_SENSOR_CONFIG_2/meshes\n'}
[1.011247] (my_robot_description) StdoutLine: {'line': b'-- Installing: /home/pratik/ros2_ws/install/my_robot_description/share/my_robot_description/models/MARBLE_HUSKY_SENSOR_CONFIG_2/meshes/spotlight.dae\n'}
[1.011319] (my_robot_description) StdoutLine: {'line': b'-- Installing: /home/pratik/ros2_ws/install/my_robot_description/share/my_robot_description/models/MARBLE_HUSKY_SENSOR_CONFIG_2/meshes/user_rail.dae\n'}
[1.011466] (my_robot_description) StdoutLine: {'line': b'-- Installing: /home/pratik/ros2_ws/install/my_robot_description/share/my_robot_description/models/MARBLE_HUSKY_SENSOR_CONFIG_2/meshes/base_link.dae\n'}
[1.011681] (my_robot_description) StdoutLine: {'line': b'-- Installing: /home/pratik/ros2_ws/install/my_robot_description/share/my_robot_description/models/MARBLE_HUSKY_SENSOR_CONFIG_2/meshes/jpl04_arch_nosensor.stl\n'}
[1.011775] (my_robot_description) StdoutLine: {'line': b'-- Installing: /home/pratik/ros2_ws/install/my_robot_description/share/my_robot_description/models/MARBLE_HUSKY_SENSOR_CONFIG_2/meshes/top_plate.dae\n'}
[1.011858] (my_robot_description) StdoutLine: {'line': b'-- Installing: /home/pratik/ros2_ws/install/my_robot_description/share/my_robot_description/models/MARBLE_HUSKY_SENSOR_CONFIG_2/meshes/VLP16_base_2.dae\n'}
[1.011934] (my_robot_description) StdoutLine: {'line': b'-- Installing: /home/pratik/ros2_ws/install/my_robot_description/share/my_robot_description/models/MARBLE_HUSKY_SENSOR_CONFIG_2/meshes/bumper.dae\n'}
[1.012007] (my_robot_description) StdoutLine: {'line': b'-- Installing: /home/pratik/ros2_ws/install/my_robot_description/share/my_robot_description/models/MARBLE_HUSKY_SENSOR_CONFIG_2/meshes/VLP16_base_1.dae\n'}
[1.012113] (my_robot_description) StdoutLine: {'line': b'-- Installing: /home/pratik/ros2_ws/install/my_robot_description/share/my_robot_description/models/MARBLE_HUSKY_SENSOR_CONFIG_2/meshes/VLP16_scan.dae\n'}
[1.012188] (my_robot_description) StdoutLine: {'line': b'-- Installing: /home/pratik/ros2_ws/install/my_robot_description/share/my_robot_description/models/MARBLE_HUSKY_SENSOR_CONFIG_2/meshes/wheel.dae\n'}
[1.012910] (my_robot_description) StdoutLine: {'line': b'-- Installing: /home/pratik/ros2_ws/install/my_robot_description/share/my_robot_description/models/MARBLE_HUSKY_SENSOR_CONFIG_2/meshes/realsense.dae\n'}
[1.012988] (my_robot_description) StdoutLine: {'line': b'-- Installing: /home/pratik/ros2_ws/install/my_robot_description/share/my_robot_description/models/MARBLE_HUSKY_SENSOR_CONFIG_2/meshes/top_chassis.dae\n'}
[1.013480] (my_robot_description) StdoutLine: {'line': b'-- Installing: /home/pratik/ros2_ws/install/my_robot_description/share/my_robot_description/models/MARBLE_HUSKY_SENSOR_CONFIG_2/model.sdf\n'}
[1.013579] (my_robot_description) StdoutLine: {'line': b'-- Installing: /home/pratik/ros2_ws/install/my_robot_description/share/my_robot_description/models/MARBLE_HUSKY_SENSOR_CONFIG_2/materials\n'}
[1.013635] (my_robot_description) StdoutLine: {'line': b'-- Installing: /home/pratik/ros2_ws/install/my_robot_description/share/my_robot_description/models/MARBLE_HUSKY_SENSOR_CONFIG_2/materials/textures\n'}
[1.013690] (my_robot_description) StdoutLine: {'line': b'-- Installing: /home/pratik/ros2_ws/install/my_robot_description/share/my_robot_description/models/MARBLE_HUSKY_SENSOR_CONFIG_2/materials/textures/realsense_diffuse.jpg\n'}
[1.013763] (my_robot_description) StdoutLine: {'line': b'-- Installing: /home/pratik/ros2_ws/install/my_robot_description/share/my_robot_description/models/MARBLE_HUSKY_SENSOR_CONFIG_2/materials/textures/spotlight.jpg\n'}
[1.013856] (my_robot_description) StdoutLine: {'line': b'-- Installing: /home/pratik/ros2_ws/install/my_robot_description/share/my_robot_description/models/MARBLE_HUSKY_SENSOR_CONFIG_2/thumbnails\n'}
[1.013913] (my_robot_description) StdoutLine: {'line': b'-- Installing: /home/pratik/ros2_ws/install/my_robot_description/share/my_robot_description/models/MARBLE_HUSKY_SENSOR_CONFIG_2/thumbnails/4.jpg\n'}
[1.013968] (my_robot_description) StdoutLine: {'line': b'-- Installing: /home/pratik/ros2_ws/install/my_robot_description/share/my_robot_description/models/MARBLE_HUSKY_SENSOR_CONFIG_2/thumbnails/2.jpg\n'}
[1.014024] (my_robot_description) StdoutLine: {'line': b'-- Installing: /home/pratik/ros2_ws/install/my_robot_description/share/my_robot_description/models/MARBLE_HUSKY_SENSOR_CONFIG_2/thumbnails/3.jpg\n'}
[1.014079] (my_robot_description) StdoutLine: {'line': b'-- Installing: /home/pratik/ros2_ws/install/my_robot_description/share/my_robot_description/models/MARBLE_HUSKY_SENSOR_CONFIG_2/thumbnails/1.jpg\n'}
[1.014135] (my_robot_description) StdoutLine: {'line': b'-- Installing: /home/pratik/ros2_ws/install/my_robot_description/share/my_robot_description/models/MARBLE_HUSKY_SENSOR_CONFIG_2/model.config\n'}
[1.014190] (my_robot_description) StdoutLine: {'line': b'-- Installing: /home/pratik/ros2_ws/install/my_robot_description/share/my_robot_description/models/coke_can\n'}
[1.014281] (my_robot_description) StdoutLine: {'line': b'-- Installing: /home/pratik/ros2_ws/install/my_robot_description/share/my_robot_description/models/coke_can/meshes\n'}
[1.014337] (my_robot_description) StdoutLine: {'line': b'-- Installing: /home/pratik/ros2_ws/install/my_robot_description/share/my_robot_description/models/coke_can/meshes/coke_can.dae\n'}
[1.014389] (my_robot_description) StdoutLine: {'line': b'-- Installing: /home/pratik/ros2_ws/install/my_robot_description/share/my_robot_description/models/coke_can/model.sdf\n'}
[1.014441] (my_robot_description) StdoutLine: {'line': b'-- Installing: /home/pratik/ros2_ws/install/my_robot_description/share/my_robot_description/models/coke_can/materials\n'}
[1.014500] (my_robot_description) StdoutLine: {'line': b'-- Installing: /home/pratik/ros2_ws/install/my_robot_description/share/my_robot_description/models/coke_can/materials/textures\n'}
[1.014552] (my_robot_description) StdoutLine: {'line': b'-- Installing: /home/pratik/ros2_ws/install/my_robot_description/share/my_robot_description/models/coke_can/materials/textures/coke_can.png\n'}
[1.014815] (my_robot_description) StdoutLine: {'line': b'-- Installing: /home/pratik/ros2_ws/install/my_robot_description/share/my_robot_description/models/coke_can/model-1_2.sdf\n'}
[1.014872] (my_robot_description) StdoutLine: {'line': b'-- Installing: /home/pratik/ros2_ws/install/my_robot_description/share/my_robot_description/models/coke_can/thumbnails\n'}
[1.014952] (my_robot_description) StdoutLine: {'line': b'-- Installing: /home/pratik/ros2_ws/install/my_robot_description/share/my_robot_description/models/coke_can/thumbnails/2.png\n'}
[1.015010] (my_robot_description) StdoutLine: {'line': b'-- Installing: /home/pratik/ros2_ws/install/my_robot_description/share/my_robot_description/models/coke_can/thumbnails/5.png\n'}
[1.015080] (my_robot_description) StdoutLine: {'line': b'-- Installing: /home/pratik/ros2_ws/install/my_robot_description/share/my_robot_description/models/coke_can/thumbnails/4.png\n'}
[1.015159] (my_robot_description) StdoutLine: {'line': b'-- Installing: /home/pratik/ros2_ws/install/my_robot_description/share/my_robot_description/models/coke_can/thumbnails/3.png\n'}
[1.015215] (my_robot_description) StdoutLine: {'line': b'-- Installing: /home/pratik/ros2_ws/install/my_robot_description/share/my_robot_description/models/coke_can/thumbnails/1.png\n'}
[1.015301] (my_robot_description) StdoutLine: {'line': b'-- Installing: /home/pratik/ros2_ws/install/my_robot_description/share/my_robot_description/models/coke_can/model.config\n'}
[1.015359] (my_robot_description) StdoutLine: {'line': b'-- Installing: /home/pratik/ros2_ws/install/my_robot_description/share/my_robot_description/models/coke_can/model-1_3.sdf\n'}
[1.015414] (my_robot_description) StdoutLine: {'line': b'-- Installing: /home/pratik/ros2_ws/install/my_robot_description/share/my_robot_description/models/coke_can/model-1_4.sdf\n'}
[1.015490] (my_robot_description) StdoutLine: {'line': b'-- Installing: /home/pratik/ros2_ws/install/my_robot_description/share/my_robot_description/models/LitterBin\n'}
[1.015543] (my_robot_description) StdoutLine: {'line': b'-- Installing: /home/pratik/ros2_ws/install/my_robot_description/share/my_robot_description/models/LitterBin/meshes\n'}
[1.015594] (my_robot_description) StdoutLine: {'line': b'-- Installing: /home/pratik/ros2_ws/install/my_robot_description/share/my_robot_description/models/LitterBin/meshes/LitterBin_Diffuse.png\n'}
[1.015817] (my_robot_description) StdoutLine: {'line': b'-- Installing: /home/pratik/ros2_ws/install/my_robot_description/share/my_robot_description/models/LitterBin/meshes/Litter.obj\n'}
[1.015894] (my_robot_description) StdoutLine: {'line': b'-- Installing: /home/pratik/ros2_ws/install/my_robot_description/share/my_robot_description/models/LitterBin/meshes/Litter.mtl\n'}
[1.015981] (my_robot_description) StdoutLine: {'line': b'-- Installing: /home/pratik/ros2_ws/install/my_robot_description/share/my_robot_description/models/LitterBin/model.sdf\n'}
[1.016034] (my_robot_description) StdoutLine: {'line': b'-- Installing: /home/pratik/ros2_ws/install/my_robot_description/share/my_robot_description/models/LitterBin/thumbnails\n'}
[1.016089] (my_robot_description) StdoutLine: {'line': b'-- Installing: /home/pratik/ros2_ws/install/my_robot_description/share/my_robot_description/models/LitterBin/thumbnails/2.png\n'}
[1.016162] (my_robot_description) StdoutLine: {'line': b'-- Installing: /home/pratik/ros2_ws/install/my_robot_description/share/my_robot_description/models/LitterBin/thumbnails/5.png\n'}
[1.016259] (my_robot_description) StdoutLine: {'line': b'-- Installing: /home/pratik/ros2_ws/install/my_robot_description/share/my_robot_description/models/LitterBin/thumbnails/4.png\n'}
[1.016334] (my_robot_description) StdoutLine: {'line': b'-- Installing: /home/pratik/ros2_ws/install/my_robot_description/share/my_robot_description/models/LitterBin/thumbnails/3.png\n'}
[1.016387] (my_robot_description) StdoutLine: {'line': b'-- Installing: /home/pratik/ros2_ws/install/my_robot_description/share/my_robot_description/models/LitterBin/thumbnails/1.png\n'}
[1.016440] (my_robot_description) StdoutLine: {'line': b'-- Installing: /home/pratik/ros2_ws/install/my_robot_description/share/my_robot_description/models/LitterBin/model.config\n'}
[1.016491] (my_robot_description) StdoutLine: {'line': b'-- Installing: /home/pratik/ros2_ws/install/my_robot_description/share/my_robot_description/models/Table\n'}
[1.016542] (my_robot_description) StdoutLine: {'line': b'-- Installing: /home/pratik/ros2_ws/install/my_robot_description/share/my_robot_description/models/Table/model.sdf\n'}
[1.016594] (my_robot_description) StdoutLine: {'line': b'-- Installing: /home/pratik/ros2_ws/install/my_robot_description/share/my_robot_description/models/Table/Table_Diffuse.jpg\n'}
[1.016676] (my_robot_description) StdoutLine: {'line': b'-- Installing: /home/pratik/ros2_ws/install/my_robot_description/share/my_robot_description/models/Table/model-1_2.sdf\n'}
[1.016733] (my_robot_description) StdoutLine: {'line': b'-- Installing: /home/pratik/ros2_ws/install/my_robot_description/share/my_robot_description/models/Table/thumbnails\n'}
[1.016788] (my_robot_description) StdoutLine: {'line': b'-- Installing: /home/pratik/ros2_ws/install/my_robot_description/share/my_robot_description/models/Table/thumbnails/2.png\n'}
[1.016877] (my_robot_description) StdoutLine: {'line': b'-- Installing: /home/pratik/ros2_ws/install/my_robot_description/share/my_robot_description/models/Table/thumbnails/5.png\n'}
[1.016934] (my_robot_description) StdoutLine: {'line': b'-- Installing: /home/pratik/ros2_ws/install/my_robot_description/share/my_robot_description/models/Table/thumbnails/4.png\n'}
[1.017026] (my_robot_description) StdoutLine: {'line': b'-- Installing: /home/pratik/ros2_ws/install/my_robot_description/share/my_robot_description/models/Table/thumbnails/3.png\n'}
[1.017078] (my_robot_description) StdoutLine: {'line': b'-- Installing: /home/pratik/ros2_ws/install/my_robot_description/share/my_robot_description/models/Table/thumbnails/1.png\n'}
[1.017129] (my_robot_description) StdoutLine: {'line': b'-- Installing: /home/pratik/ros2_ws/install/my_robot_description/share/my_robot_description/models/Table/model.config\n'}
[1.017180] (my_robot_description) StdoutLine: {'line': b'-- Installing: /home/pratik/ros2_ws/install/my_robot_description/share/my_robot_description/models/Table/model-1_3.sdf\n'}
[1.017235] (my_robot_description) StdoutLine: {'line': b'-- Installing: /home/pratik/ros2_ws/install/my_robot_description/share/my_robot_description/models/Table/model-1_4.sdf\n'}
[1.017295] (my_robot_description) StdoutLine: {'line': b'-- Installing: /home/pratik/ros2_ws/install/my_robot_description/share/my_robot_description/models/first_2015_trash_can\n'}
[1.017346] (my_robot_description) StdoutLine: {'line': b'-- Installing: /home/pratik/ros2_ws/install/my_robot_description/share/my_robot_description/models/first_2015_trash_can/meshes\n'}
[1.017399] (my_robot_description) StdoutLine: {'line': b'-- Installing: /home/pratik/ros2_ws/install/my_robot_description/share/my_robot_description/models/first_2015_trash_can/meshes/trash_can.dae\n'}
[1.017488] (my_robot_description) StdoutLine: {'line': b'-- Installing: /home/pratik/ros2_ws/install/my_robot_description/share/my_robot_description/models/first_2015_trash_can/model.sdf\n'}
[1.017556] (my_robot_description) StdoutLine: {'line': b'-- Installing: /home/pratik/ros2_ws/install/my_robot_description/share/my_robot_description/models/first_2015_trash_can/thumbnails\n'}
[1.017631] (my_robot_description) StdoutLine: {'line': b'-- Installing: /home/pratik/ros2_ws/install/my_robot_description/share/my_robot_description/models/first_2015_trash_can/thumbnails/2.png\n'}
[1.017687] (my_robot_description) StdoutLine: {'line': b'-- Installing: /home/pratik/ros2_ws/install/my_robot_description/share/my_robot_description/models/first_2015_trash_can/thumbnails/5.png\n'}
[1.017742] (my_robot_description) StdoutLine: {'line': b'-- Installing: /home/pratik/ros2_ws/install/my_robot_description/share/my_robot_description/models/first_2015_trash_can/thumbnails/4.png\n'}
[1.017797] (my_robot_description) StdoutLine: {'line': b'-- Installing: /home/pratik/ros2_ws/install/my_robot_description/share/my_robot_description/models/first_2015_trash_can/thumbnails/3.png\n'}
[1.017852] (my_robot_description) StdoutLine: {'line': b'-- Installing: /home/pratik/ros2_ws/install/my_robot_description/share/my_robot_description/models/first_2015_trash_can/thumbnails/1.png\n'}
[1.017937] (my_robot_description) StdoutLine: {'line': b'-- Installing: /home/pratik/ros2_ws/install/my_robot_description/share/my_robot_description/models/first_2015_trash_can/model.config\n'}
[1.017993] (my_robot_description) StdoutLine: {'line': b'-- Installing: /home/pratik/ros2_ws/install/my_robot_description/share/my_robot_description/models/Office Chair\n'}
[1.018048] (my_robot_description) StdoutLine: {'line': b'-- Installing: /home/pratik/ros2_ws/install/my_robot_description/share/my_robot_description/models/Office Chair/meshes\n'}
[1.018125] (my_robot_description) StdoutLine: {'line': b'-- Installing: /home/pratik/ros2_ws/install/my_robot_description/share/my_robot_description/models/Office Chair/meshes/officechair.dae\n'}
[1.018176] (my_robot_description) StdoutLine: {'line': b'-- Installing: /home/pratik/ros2_ws/install/my_robot_description/share/my_robot_description/models/Office Chair/model.sdf\n'}
[1.018231] (my_robot_description) StdoutLine: {'line': b'-- Installing: /home/pratik/ros2_ws/install/my_robot_description/share/my_robot_description/models/Office Chair/materials\n'}
[1.018288] (my_robot_description) StdoutLine: {'line': b'-- Installing: /home/pratik/ros2_ws/install/my_robot_description/share/my_robot_description/models/Office Chair/materials/textures\n'}
[1.018339] (my_robot_description) StdoutLine: {'line': b'-- Installing: /home/pratik/ros2_ws/install/my_robot_description/share/my_robot_description/models/Office Chair/materials/textures/OfficeChair_Roughness.png\n'}
[1.019637] (my_robot_description) StdoutLine: {'line': b'-- Installing: /home/pratik/ros2_ws/install/my_robot_description/share/my_robot_description/models/Office Chair/materials/textures/OfficeChair_Albedo.png\n'}
[1.020339] (my_robot_description) StdoutLine: {'line': b'-- Installing: /home/pratik/ros2_ws/install/my_robot_description/share/my_robot_description/models/Office Chair/materials/textures/OfficeChair_Normal.png\n'}
[1.022323] (my_robot_description) StdoutLine: {'line': b'-- Installing: /home/pratik/ros2_ws/install/my_robot_description/share/my_robot_description/models/Office Chair/materials/textures/OfficeChair_Metalness.png\n'}
[1.022416] (my_robot_description) StdoutLine: {'line': b'-- Installing: /home/pratik/ros2_ws/install/my_robot_description/share/my_robot_description/models/Office Chair/thumbnails\n'}
[1.022468] (my_robot_description) StdoutLine: {'line': b'-- Installing: /home/pratik/ros2_ws/install/my_robot_description/share/my_robot_description/models/Office Chair/thumbnails/OfficeChair.png\n'}
[1.023074] (my_robot_description) StdoutLine: {'line': b'-- Installing: /home/pratik/ros2_ws/install/my_robot_description/share/my_robot_description/models/Office Chair/model.config\n'}
[1.023149] (my_robot_description) StdoutLine: {'line': b'-- Installing: /home/pratik/ros2_ws/install/my_robot_description/share/my_robot_description/models/mailbox\n'}
[1.023234] (my_robot_description) StdoutLine: {'line': b'-- Installing: /home/pratik/ros2_ws/install/my_robot_description/share/my_robot_description/models/mailbox/meshes\n'}
[1.023298] (my_robot_description) StdoutLine: {'line': b'-- Installing: /home/pratik/ros2_ws/install/my_robot_description/share/my_robot_description/models/mailbox/meshes/mailbox.dae\n'}
[1.023370] (my_robot_description) StdoutLine: {'line': b'-- Installing: /home/pratik/ros2_ws/install/my_robot_description/share/my_robot_description/models/mailbox/meshes/Mailbox_Spec.png\n'}
[1.023425] (my_robot_description) StdoutLine: {'line': b'-- Installing: /home/pratik/ros2_ws/install/my_robot_description/share/my_robot_description/models/mailbox/meshes/Mailbox_Diffuse.png\n'}
[1.023496] (my_robot_description) StdoutLine: {'line': b'-- Installing: /home/pratik/ros2_ws/install/my_robot_description/share/my_robot_description/models/mailbox/model.sdf\n'}
[1.023582] (my_robot_description) StdoutLine: {'line': b'-- Installing: /home/pratik/ros2_ws/install/my_robot_description/share/my_robot_description/models/mailbox/materials\n'}
[1.023638] (my_robot_description) StdoutLine: {'line': b'-- Installing: /home/pratik/ros2_ws/install/my_robot_description/share/my_robot_description/models/mailbox/materials/scripts\n'}
[1.023693] (my_robot_description) StdoutLine: {'line': b'-- Installing: /home/pratik/ros2_ws/install/my_robot_description/share/my_robot_description/models/mailbox/materials/scripts/mailbox.material\n'}
[1.023747] (my_robot_description) StdoutLine: {'line': b'-- Installing: /home/pratik/ros2_ws/install/my_robot_description/share/my_robot_description/models/mailbox/materials/textures\n'}
[1.023820] (my_robot_description) StdoutLine: {'line': b'-- Installing: /home/pratik/ros2_ws/install/my_robot_description/share/my_robot_description/models/mailbox/materials/textures/Mailbox_Spec.png\n'}
[1.023871] (my_robot_description) StdoutLine: {'line': b'-- Installing: /home/pratik/ros2_ws/install/my_robot_description/share/my_robot_description/models/mailbox/materials/textures/Mailbox_Diffuse.tga.orig\n'}
[1.023957] (my_robot_description) StdoutLine: {'line': b'-- Installing: /home/pratik/ros2_ws/install/my_robot_description/share/my_robot_description/models/mailbox/materials/textures/Mailbox_Diffuse.png\n'}
[1.024070] (my_robot_description) StdoutLine: {'line': b'-- Installing: /home/pratik/ros2_ws/install/my_robot_description/share/my_robot_description/models/mailbox/thumbnails\n'}
[1.024143] (my_robot_description) StdoutLine: {'line': b'-- Installing: /home/pratik/ros2_ws/install/my_robot_description/share/my_robot_description/models/mailbox/thumbnails/2.png\n'}
[1.024216] (my_robot_description) StdoutLine: {'line': b'-- Installing: /home/pratik/ros2_ws/install/my_robot_description/share/my_robot_description/models/mailbox/thumbnails/5.png\n'}
[1.024417] (my_robot_description) StdoutLine: {'line': b'-- Installing: /home/pratik/ros2_ws/install/my_robot_description/share/my_robot_description/models/mailbox/thumbnails/4.png\n'}
[1.024610] (my_robot_description) StdoutLine: {'line': b'-- Installing: /home/pratik/ros2_ws/install/my_robot_description/share/my_robot_description/models/mailbox/thumbnails/3.png\n'}
[1.024645] (my_robot_description) StdoutLine: {'line': b'-- Installing: /home/pratik/ros2_ws/install/my_robot_description/share/my_robot_description/models/mailbox/thumbnails/1.png\n'}
[1.024671] (my_robot_description) StdoutLine: {'line': b'-- Installing: /home/pratik/ros2_ws/install/my_robot_description/share/my_robot_description/models/mailbox/model.config\n'}
[1.024695] (my_robot_description) StdoutLine: {'line': b'-- Installing: /home/pratik/ros2_ws/install/my_robot_description/share/my_robot_description/models/mailbox/model-1_3.sdf\n'}
[1.024721] (my_robot_description) StdoutLine: {'line': b'-- Installing: /home/pratik/ros2_ws/install/my_robot_description/share/my_robot_description/models/mailbox/model-1_4.sdf\n'}
[1.024851] (my_robot_description) StdoutLine: {'line': b'-- Installing: /home/pratik/ros2_ws/install/my_robot_description/share/my_robot_description/models/RoboCup SPL Ball\n'}
[1.024905] (my_robot_description) StdoutLine: {'line': b'-- Installing: /home/pratik/ros2_ws/install/my_robot_description/share/my_robot_description/models/RoboCup SPL Ball/model.sdf\n'}
[1.024934] (my_robot_description) StdoutLine: {'line': b'-- Installing: /home/pratik/ros2_ws/install/my_robot_description/share/my_robot_description/models/RoboCup SPL Ball/thumbnails\n'}
[1.024960] (my_robot_description) StdoutLine: {'line': b'-- Installing: /home/pratik/ros2_ws/install/my_robot_description/share/my_robot_description/models/RoboCup SPL Ball/thumbnails/2.png\n'}
[1.024987] (my_robot_description) StdoutLine: {'line': b'-- Installing: /home/pratik/ros2_ws/install/my_robot_description/share/my_robot_description/models/RoboCup SPL Ball/thumbnails/5.png\n'}
[1.025011] (my_robot_description) StdoutLine: {'line': b'-- Installing: /home/pratik/ros2_ws/install/my_robot_description/share/my_robot_description/models/RoboCup SPL Ball/thumbnails/4.png\n'}
[1.025035] (my_robot_description) StdoutLine: {'line': b'-- Installing: /home/pratik/ros2_ws/install/my_robot_description/share/my_robot_description/models/RoboCup SPL Ball/thumbnails/3.png\n'}
[1.025059] (my_robot_description) StdoutLine: {'line': b'-- Installing: /home/pratik/ros2_ws/install/my_robot_description/share/my_robot_description/models/RoboCup SPL Ball/thumbnails/1.png\n'}
[1.025082] (my_robot_description) StdoutLine: {'line': b'-- Installing: /home/pratik/ros2_ws/install/my_robot_description/share/my_robot_description/models/RoboCup SPL Ball/model.config\n'}
[1.025105] (my_robot_description) StdoutLine: {'line': b'-- Installing: /home/pratik/ros2_ws/install/my_robot_description/share/my_robot_description/models/brick_box_3x1x3\n'}
[1.025146] (my_robot_description) StdoutLine: {'line': b'-- Installing: /home/pratik/ros2_ws/install/my_robot_description/share/my_robot_description/models/brick_box_3x1x3/meshes\n'}
[1.025167] (my_robot_description) StdoutLine: {'line': b'-- Installing: /home/pratik/ros2_ws/install/my_robot_description/share/my_robot_description/models/brick_box_3x1x3/meshes/simple_box.dae\n'}
[1.025187] (my_robot_description) StdoutLine: {'line': b'-- Installing: /home/pratik/ros2_ws/install/my_robot_description/share/my_robot_description/models/brick_box_3x1x3/model.sdf\n'}
[1.025210] (my_robot_description) StdoutLine: {'line': b'-- Installing: /home/pratik/ros2_ws/install/my_robot_description/share/my_robot_description/models/brick_box_3x1x3/materials\n'}
[1.025234] (my_robot_description) StdoutLine: {'line': b'-- Installing: /home/pratik/ros2_ws/install/my_robot_description/share/my_robot_description/models/brick_box_3x1x3/materials/scripts\n'}
[1.025258] (my_robot_description) StdoutLine: {'line': b'-- Installing: /home/pratik/ros2_ws/install/my_robot_description/share/my_robot_description/models/brick_box_3x1x3/materials/scripts/brick_box.material\n'}
[1.025279] (my_robot_description) StdoutLine: {'line': b'-- Installing: /home/pratik/ros2_ws/install/my_robot_description/share/my_robot_description/models/brick_box_3x1x3/materials/textures\n'}
[1.025300] (my_robot_description) StdoutLine: {'line': b'-- Installing: /home/pratik/ros2_ws/install/my_robot_description/share/my_robot_description/models/brick_box_3x1x3/materials/textures/simple_box.png\n'}
[1.026157] (my_robot_description) StdoutLine: {'line': b'-- Installing: /home/pratik/ros2_ws/install/my_robot_description/share/my_robot_description/models/brick_box_3x1x3/thumbnails\n'}
[1.026238] (my_robot_description) StdoutLine: {'line': b'-- Installing: /home/pratik/ros2_ws/install/my_robot_description/share/my_robot_description/models/brick_box_3x1x3/thumbnails/2.png\n'}
[1.026265] (my_robot_description) StdoutLine: {'line': b'-- Installing: /home/pratik/ros2_ws/install/my_robot_description/share/my_robot_description/models/brick_box_3x1x3/thumbnails/5.png\n'}
[1.026333] (my_robot_description) StdoutLine: {'line': b'-- Installing: /home/pratik/ros2_ws/install/my_robot_description/share/my_robot_description/models/brick_box_3x1x3/thumbnails/4.png\n'}
[1.026496] (my_robot_description) StdoutLine: {'line': b'-- Installing: /home/pratik/ros2_ws/install/my_robot_description/share/my_robot_description/models/brick_box_3x1x3/thumbnails/3.png\n'}
[1.026597] (my_robot_description) StdoutLine: {'line': b'-- Installing: /home/pratik/ros2_ws/install/my_robot_description/share/my_robot_description/models/brick_box_3x1x3/thumbnails/1.png\n'}
[1.026768] (my_robot_description) StdoutLine: {'line': b'-- Installing: /home/pratik/ros2_ws/install/my_robot_description/share/my_robot_description/models/brick_box_3x1x3/model.config\n'}
[1.026807] (my_robot_description) StdoutLine: {'line': b'-- Installing: /home/pratik/ros2_ws/install/my_robot_description/share/my_robot_description/models/brick_box_3x1x3/model-1_3.sdf\n'}
[1.026851] (my_robot_description) StdoutLine: {'line': b'-- Installing: /home/pratik/ros2_ws/install/my_robot_description/share/my_robot_description/models/brick_box_3x1x3/model-1_4.sdf\n'}
[1.026876] (my_robot_description) StdoutLine: {'line': b'-- Installing: /home/pratik/ros2_ws/install/my_robot_description/share/my_robot_description/models/fire_hydrant\n'}
[1.026915] (my_robot_description) StdoutLine: {'line': b'-- Installing: /home/pratik/ros2_ws/install/my_robot_description/share/my_robot_description/models/fire_hydrant/meshes\n'}
[1.026937] (my_robot_description) StdoutLine: {'line': b'-- Installing: /home/pratik/ros2_ws/install/my_robot_description/share/my_robot_description/models/fire_hydrant/meshes/fire_hydrant_diffuse.png\n'}
[1.027101] (my_robot_description) StdoutLine: {'line': b'-- Installing: /home/pratik/ros2_ws/install/my_robot_description/share/my_robot_description/models/fire_hydrant/meshes/fire_hydrant_spec.png\n'}
[1.027192] (my_robot_description) StdoutLine: {'line': b'-- Installing: /home/pratik/ros2_ws/install/my_robot_description/share/my_robot_description/models/fire_hydrant/meshes/fire_hydrant.dae\n'}
[1.027266] (my_robot_description) StdoutLine: {'line': b'-- Installing: /home/pratik/ros2_ws/install/my_robot_description/share/my_robot_description/models/fire_hydrant/model.sdf\n'}
[1.027357] (my_robot_description) StdoutLine: {'line': b'-- Installing: /home/pratik/ros2_ws/install/my_robot_description/share/my_robot_description/models/fire_hydrant/materials\n'}
[1.027444] (my_robot_description) StdoutLine: {'line': b'-- Installing: /home/pratik/ros2_ws/install/my_robot_description/share/my_robot_description/models/fire_hydrant/materials/textures\n'}
[1.027503] (my_robot_description) StdoutLine: {'line': b'-- Installing: /home/pratik/ros2_ws/install/my_robot_description/share/my_robot_description/models/fire_hydrant/materials/textures/fire_hydrant_diffuse.png\n'}
[1.027893] (my_robot_description) StdoutLine: {'line': b'-- Installing: /home/pratik/ros2_ws/install/my_robot_description/share/my_robot_description/models/fire_hydrant/materials/textures/fire_hydrant_spec.png\n'}
[1.027979] (my_robot_description) StdoutLine: {'line': b'-- Installing: /home/pratik/ros2_ws/install/my_robot_description/share/my_robot_description/models/fire_hydrant/thumbnails\n'}
[1.028009] (my_robot_description) StdoutLine: {'line': b'-- Installing: /home/pratik/ros2_ws/install/my_robot_description/share/my_robot_description/models/fire_hydrant/thumbnails/2.png\n'}
[1.028101] (my_robot_description) StdoutLine: {'line': b'-- Installing: /home/pratik/ros2_ws/install/my_robot_description/share/my_robot_description/models/fire_hydrant/thumbnails/5.png\n'}
[1.028144] (my_robot_description) StdoutLine: {'line': b'-- Installing: /home/pratik/ros2_ws/install/my_robot_description/share/my_robot_description/models/fire_hydrant/thumbnails/4.png\n'}
[1.028191] (my_robot_description) StdoutLine: {'line': b'-- Installing: /home/pratik/ros2_ws/install/my_robot_description/share/my_robot_description/models/fire_hydrant/thumbnails/3.png\n'}
[1.028216] (my_robot_description) StdoutLine: {'line': b'-- Installing: /home/pratik/ros2_ws/install/my_robot_description/share/my_robot_description/models/fire_hydrant/thumbnails/1.png\n'}
[1.028273] (my_robot_description) StdoutLine: {'line': b'-- Installing: /home/pratik/ros2_ws/install/my_robot_description/share/my_robot_description/models/fire_hydrant/model.config\n'}
[1.028340] (my_robot_description) StdoutLine: {'line': b'-- Installing: /home/pratik/ros2_ws/install/my_robot_description/share/my_robot_description/models/fire_hydrant/model-1_4.sdf\n'}
[1.028459] (my_robot_description) StdoutLine: {'line': b'-- Installing: /home/pratik/ros2_ws/install/my_robot_description/share/my_robot_description/models/Mine Cart\n'}
[1.028485] (my_robot_description) StdoutLine: {'line': b'-- Installing: /home/pratik/ros2_ws/install/my_robot_description/share/my_robot_description/models/Mine Cart/meshes\n'}
[1.028511] (my_robot_description) StdoutLine: {'line': b'-- Installing: /home/pratik/ros2_ws/install/my_robot_description/share/my_robot_description/models/Mine Cart/meshes/minecart.dae\n'}
[1.028759] (my_robot_description) StdoutLine: {'line': b'-- Installing: /home/pratik/ros2_ws/install/my_robot_description/share/my_robot_description/models/Mine Cart/model.sdf\n'}
[1.028791] (my_robot_description) StdoutLine: {'line': b'-- Installing: /home/pratik/ros2_ws/install/my_robot_description/share/my_robot_description/models/Mine Cart/metadata.pbtxt\n'}
[1.028833] (my_robot_description) StdoutLine: {'line': b'-- Installing: /home/pratik/ros2_ws/install/my_robot_description/share/my_robot_description/models/Mine Cart/materials\n'}
[1.028875] (my_robot_description) StdoutLine: {'line': b'-- Installing: /home/pratik/ros2_ws/install/my_robot_description/share/my_robot_description/models/Mine Cart/materials/scripts\n'}
[1.028898] (my_robot_description) StdoutLine: {'line': b'-- Installing: /home/pratik/ros2_ws/install/my_robot_description/share/my_robot_description/models/Mine Cart/materials/scripts/model.material\n'}
[1.028920] (my_robot_description) StdoutLine: {'line': b'-- Installing: /home/pratik/ros2_ws/install/my_robot_description/share/my_robot_description/models/Mine Cart/materials/textures\n'}
[1.028942] (my_robot_description) StdoutLine: {'line': b'-- Installing: /home/pratik/ros2_ws/install/my_robot_description/share/my_robot_description/models/Mine Cart/materials/textures/MineCart_Roughness.png\n'}
[1.030299] (my_robot_description) StdoutLine: {'line': b'-- Installing: /home/pratik/ros2_ws/install/my_robot_description/share/my_robot_description/models/Mine Cart/materials/textures/MineCart_Albedo.png\n'}
[1.032340] (my_robot_description) StdoutLine: {'line': b'-- Installing: /home/pratik/ros2_ws/install/my_robot_description/share/my_robot_description/models/Mine Cart/materials/textures/MineCart_Metalness.png\n'}
[1.032743] (my_robot_description) StdoutLine: {'line': b'-- Installing: /home/pratik/ros2_ws/install/my_robot_description/share/my_robot_description/models/Mine Cart/thumbnails\n'}
[1.032795] (my_robot_description) StdoutLine: {'line': b'-- Installing: /home/pratik/ros2_ws/install/my_robot_description/share/my_robot_description/models/Mine Cart/thumbnails/2.png\n'}
[1.032900] (my_robot_description) StdoutLine: {'line': b'-- Installing: /home/pratik/ros2_ws/install/my_robot_description/share/my_robot_description/models/Mine Cart/thumbnails/4.png\n'}
[1.033135] (my_robot_description) StdoutLine: {'line': b'-- Installing: /home/pratik/ros2_ws/install/my_robot_description/share/my_robot_description/models/Mine Cart/thumbnails/3.png\n'}
[1.033317] (my_robot_description) StdoutLine: {'line': b'-- Installing: /home/pratik/ros2_ws/install/my_robot_description/share/my_robot_description/models/Mine Cart/thumbnails/1.png\n'}
[1.033484] (my_robot_description) StdoutLine: {'line': b'-- Installing: /home/pratik/ros2_ws/install/my_robot_description/share/my_robot_description/models/Mine Cart/model.config\n'}
[1.033517] (my_robot_description) StdoutLine: {'line': b'-- Installing: /home/pratik/ros2_ws/install/my_robot_description/share/my_robot_description/models/nist_maze_wall_120\n'}
[1.033546] (my_robot_description) StdoutLine: {'line': b'-- Installing: /home/pratik/ros2_ws/install/my_robot_description/share/my_robot_description/models/nist_maze_wall_120/meshes\n'}
[1.033578] (my_robot_description) StdoutLine: {'line': b'-- Installing: /home/pratik/ros2_ws/install/my_robot_description/share/my_robot_description/models/nist_maze_wall_120/meshes/nist_maze_wall_120.dae\n'}
[1.033611] (my_robot_description) StdoutLine: {'line': b'-- Installing: /home/pratik/ros2_ws/install/my_robot_description/share/my_robot_description/models/nist_maze_wall_120/model.sdf\n'}
[1.033648] (my_robot_description) StdoutLine: {'line': b'-- Installing: /home/pratik/ros2_ws/install/my_robot_description/share/my_robot_description/models/nist_maze_wall_120/materials\n'}
[1.033672] (my_robot_description) StdoutLine: {'line': b'-- Installing: /home/pratik/ros2_ws/install/my_robot_description/share/my_robot_description/models/nist_maze_wall_120/materials/textures\n'}
[1.033705] (my_robot_description) StdoutLine: {'line': b'-- Installing: /home/pratik/ros2_ws/install/my_robot_description/share/my_robot_description/models/nist_maze_wall_120/materials/textures/plywood256x256.png\n'}
[1.033761] (my_robot_description) StdoutLine: {'line': b'-- Installing: /home/pratik/ros2_ws/install/my_robot_description/share/my_robot_description/models/nist_maze_wall_120/model-1_2.sdf\n'}
[1.033794] (my_robot_description) StdoutLine: {'line': b'-- Installing: /home/pratik/ros2_ws/install/my_robot_description/share/my_robot_description/models/nist_maze_wall_120/thumbnails\n'}
[1.033826] (my_robot_description) StdoutLine: {'line': b'-- Installing: /home/pratik/ros2_ws/install/my_robot_description/share/my_robot_description/models/nist_maze_wall_120/thumbnails/2.png\n'}
[1.033857] (my_robot_description) StdoutLine: {'line': b'-- Installing: /home/pratik/ros2_ws/install/my_robot_description/share/my_robot_description/models/nist_maze_wall_120/thumbnails/5.png\n'}
[1.033891] (my_robot_description) StdoutLine: {'line': b'-- Installing: /home/pratik/ros2_ws/install/my_robot_description/share/my_robot_description/models/nist_maze_wall_120/thumbnails/4.png\n'}
[1.034005] (my_robot_description) StdoutLine: {'line': b'-- Installing: /home/pratik/ros2_ws/install/my_robot_description/share/my_robot_description/models/nist_maze_wall_120/thumbnails/3.png\n'}
[1.034037] (my_robot_description) StdoutLine: {'line': b'-- Installing: /home/pratik/ros2_ws/install/my_robot_description/share/my_robot_description/models/nist_maze_wall_120/thumbnails/1.png\n'}
[1.034109] (my_robot_description) StdoutLine: {'line': b'-- Installing: /home/pratik/ros2_ws/install/my_robot_description/share/my_robot_description/models/nist_maze_wall_120/model.config\n'}
[1.034142] (my_robot_description) StdoutLine: {'line': b'-- Installing: /home/pratik/ros2_ws/install/my_robot_description/share/my_robot_description/models/nist_maze_wall_120/model-1_3.sdf\n'}
[1.034174] (my_robot_description) StdoutLine: {'line': b'-- Installing: /home/pratik/ros2_ws/install/my_robot_description/share/my_robot_description/models/nist_maze_wall_120/model-1_4.sdf\n'}
[1.034206] (my_robot_description) StdoutLine: {'line': b'-- Installing: /home/pratik/ros2_ws/install/my_robot_description/share/my_robot_description/models/Sofa\n'}
[1.034248] (my_robot_description) StdoutLine: {'line': b'-- Installing: /home/pratik/ros2_ws/install/my_robot_description/share/my_robot_description/models/Sofa/meshes\n'}
[1.034274] (my_robot_description) StdoutLine: {'line': b'-- Installing: /home/pratik/ros2_ws/install/my_robot_description/share/my_robot_description/models/Sofa/meshes/SofaDiffuse.png\n'}
[1.034702] (my_robot_description) StdoutLine: {'line': b'-- Installing: /home/pratik/ros2_ws/install/my_robot_description/share/my_robot_description/models/Sofa/meshes/Sofa.obj\n'}
[1.034760] (my_robot_description) StdoutLine: {'line': b'-- Installing: /home/pratik/ros2_ws/install/my_robot_description/share/my_robot_description/models/Sofa/meshes/Sofa.mtl\n'}
[1.034784] (my_robot_description) StdoutLine: {'line': b'-- Installing: /home/pratik/ros2_ws/install/my_robot_description/share/my_robot_description/models/Sofa/model.sdf\n'}
[1.034819] (my_robot_description) StdoutLine: {'line': b'-- Installing: /home/pratik/ros2_ws/install/my_robot_description/share/my_robot_description/models/Sofa/thumbnails\n'}
[1.034842] (my_robot_description) StdoutLine: {'line': b'-- Installing: /home/pratik/ros2_ws/install/my_robot_description/share/my_robot_description/models/Sofa/thumbnails/2.png\n'}
[1.034874] (my_robot_description) StdoutLine: {'line': b'-- Installing: /home/pratik/ros2_ws/install/my_robot_description/share/my_robot_description/models/Sofa/thumbnails/5.png\n'}
[1.034942] (my_robot_description) StdoutLine: {'line': b'-- Installing: /home/pratik/ros2_ws/install/my_robot_description/share/my_robot_description/models/Sofa/thumbnails/4.png\n'}
[1.034993] (my_robot_description) StdoutLine: {'line': b'-- Installing: /home/pratik/ros2_ws/install/my_robot_description/share/my_robot_description/models/Sofa/thumbnails/3.png\n'}
[1.035063] (my_robot_description) StdoutLine: {'line': b'-- Installing: /home/pratik/ros2_ws/install/my_robot_description/share/my_robot_description/models/Sofa/thumbnails/1.png\n'}
[1.035127] (my_robot_description) StdoutLine: {'line': b'-- Installing: /home/pratik/ros2_ws/install/my_robot_description/share/my_robot_description/models/Sofa/model.config\n'}
[1.035163] (my_robot_description) StdoutLine: {'line': b'-- Installing: /home/pratik/ros2_ws/install/my_robot_description/share/my_robot_description/models/table_marble\n'}
[1.035196] (my_robot_description) StdoutLine: {'line': b'-- Installing: /home/pratik/ros2_ws/install/my_robot_description/share/my_robot_description/models/table_marble/meshes\n'}
[1.035235] (my_robot_description) StdoutLine: {'line': b'-- Installing: /home/pratik/ros2_ws/install/my_robot_description/share/my_robot_description/models/table_marble/meshes/table_lightmap.png\n'}
[1.035507] (my_robot_description) StdoutLine: {'line': b'-- Installing: /home/pratik/ros2_ws/install/my_robot_description/share/my_robot_description/models/table_marble/meshes/table_lightmap.dae\n'}
[1.035736] (my_robot_description) StdoutLine: {'line': b'-- Installing: /home/pratik/ros2_ws/install/my_robot_description/share/my_robot_description/models/table_marble/meshes/marble.png\n'}
[1.035797] (my_robot_description) StdoutLine: {'line': b'-- Installing: /home/pratik/ros2_ws/install/my_robot_description/share/my_robot_description/models/table_marble/model.sdf\n'}
[1.035828] (my_robot_description) StdoutLine: {'line': b'-- Installing: /home/pratik/ros2_ws/install/my_robot_description/share/my_robot_description/models/table_marble/materials\n'}
[1.035853] (my_robot_description) StdoutLine: {'line': b'-- Installing: /home/pratik/ros2_ws/install/my_robot_description/share/my_robot_description/models/table_marble/materials/scripts\n'}
[1.035888] (my_robot_description) StdoutLine: {'line': b'-- Installing: /home/pratik/ros2_ws/install/my_robot_description/share/my_robot_description/models/table_marble/materials/scripts/table_lightmap.material\n'}
[1.035951] (my_robot_description) StdoutLine: {'line': b'-- Installing: /home/pratik/ros2_ws/install/my_robot_description/share/my_robot_description/models/table_marble/materials/textures\n'}
[1.035983] (my_robot_description) StdoutLine: {'line': b'-- Installing: /home/pratik/ros2_ws/install/my_robot_description/share/my_robot_description/models/table_marble/materials/textures/table_lightmap.png\n'}
[1.036010] (my_robot_description) StdoutLine: {'line': b'-- Installing: /home/pratik/ros2_ws/install/my_robot_description/share/my_robot_description/models/table_marble/materials/textures/marble.png\n'}
[1.036049] (my_robot_description) StdoutLine: {'line': b'-- Installing: /home/pratik/ros2_ws/install/my_robot_description/share/my_robot_description/models/table_marble/thumbnails\n'}
[1.036074] (my_robot_description) StdoutLine: {'line': b'-- Installing: /home/pratik/ros2_ws/install/my_robot_description/share/my_robot_description/models/table_marble/thumbnails/2.png\n'}
[1.036105] (my_robot_description) StdoutLine: {'line': b'-- Installing: /home/pratik/ros2_ws/install/my_robot_description/share/my_robot_description/models/table_marble/thumbnails/5.png\n'}
[1.036142] (my_robot_description) StdoutLine: {'line': b'-- Installing: /home/pratik/ros2_ws/install/my_robot_description/share/my_robot_description/models/table_marble/thumbnails/4.png\n'}
[1.036176] (my_robot_description) StdoutLine: {'line': b'-- Installing: /home/pratik/ros2_ws/install/my_robot_description/share/my_robot_description/models/table_marble/thumbnails/3.png\n'}
[1.036210] (my_robot_description) StdoutLine: {'line': b'-- Installing: /home/pratik/ros2_ws/install/my_robot_description/share/my_robot_description/models/table_marble/thumbnails/1.png\n'}
[1.036267] (my_robot_description) StdoutLine: {'line': b'-- Installing: /home/pratik/ros2_ws/install/my_robot_description/share/my_robot_description/models/table_marble/model.config\n'}
[1.036306] (my_robot_description) StdoutLine: {'line': b'-- Installing: /home/pratik/ros2_ws/install/my_robot_description/share/my_robot_description/models/table_marble/model-1_4.sdf\n'}
[1.036340] (my_robot_description) StdoutLine: {'line': b'-- Installing: /home/pratik/ros2_ws/install/my_robot_description/share/my_robot_description/models/coke_can_steel\n'}
[1.036381] (my_robot_description) StdoutLine: {'line': b'-- Installing: /home/pratik/ros2_ws/install/my_robot_description/share/my_robot_description/models/coke_can_steel/meshes\n'}
[1.036405] (my_robot_description) StdoutLine: {'line': b'-- Installing: /home/pratik/ros2_ws/install/my_robot_description/share/my_robot_description/models/coke_can_steel/meshes/coke_can.png\n'}
[1.036997] (my_robot_description) StdoutLine: {'line': b'-- Installing: /home/pratik/ros2_ws/install/my_robot_description/share/my_robot_description/models/coke_can_steel/meshes/coke_can.mtl\n'}
[1.037046] (my_robot_description) StdoutLine: {'line': b'-- Installing: /home/pratik/ros2_ws/install/my_robot_description/share/my_robot_description/models/coke_can_steel/meshes/coke_can.obj\n'}
[1.037220] (my_robot_description) StdoutLine: {'line': b'-- Installing: /home/pratik/ros2_ws/install/my_robot_description/share/my_robot_description/models/coke_can_steel/model.sdf\n'}
[1.037258] (my_robot_description) StdoutLine: {'line': b'-- Installing: /home/pratik/ros2_ws/install/my_robot_description/share/my_robot_description/models/coke_can_steel/thumbnails\n'}
[1.037300] (my_robot_description) StdoutLine: {'line': b'-- Installing: /home/pratik/ros2_ws/install/my_robot_description/share/my_robot_description/models/coke_can_steel/thumbnails/2.png\n'}
[1.037352] (my_robot_description) StdoutLine: {'line': b'-- Installing: /home/pratik/ros2_ws/install/my_robot_description/share/my_robot_description/models/coke_can_steel/thumbnails/1.png\n'}
[1.037404] (my_robot_description) StdoutLine: {'line': b'-- Installing: /home/pratik/ros2_ws/install/my_robot_description/share/my_robot_description/models/coke_can_steel/model.config\n'}
[1.037438] (my_robot_description) StdoutLine: {'line': b'-- Installing: /home/pratik/ros2_ws/install/my_robot_description/share/my_robot_description/models/red_ball_10in\n'}
[1.037472] (my_robot_description) StdoutLine: {'line': b'-- Installing: /home/pratik/ros2_ws/install/my_robot_description/share/my_robot_description/models/red_ball_10in/model.sdf\n'}
[1.037505] (my_robot_description) StdoutLine: {'line': b'-- Installing: /home/pratik/ros2_ws/install/my_robot_description/share/my_robot_description/models/red_ball_10in/thumbnails\n'}
[1.037539] (my_robot_description) StdoutLine: {'line': b'-- Installing: /home/pratik/ros2_ws/install/my_robot_description/share/my_robot_description/models/red_ball_10in/thumbnails/1.png\n'}
[1.037576] (my_robot_description) StdoutLine: {'line': b'-- Installing: /home/pratik/ros2_ws/install/my_robot_description/share/my_robot_description/models/red_ball_10in/model.config\n'}
[1.037613] (my_robot_description) StdoutLine: {'line': b'-- Installing: /home/pratik/ros2_ws/install/my_robot_description/share/my_robot_description/models/dumpster\n'}
[1.037638] (my_robot_description) StdoutLine: {'line': b'-- Installing: /home/pratik/ros2_ws/install/my_robot_description/share/my_robot_description/models/dumpster/meshes\n'}
[1.037675] (my_robot_description) StdoutLine: {'line': b'-- Installing: /home/pratik/ros2_ws/install/my_robot_description/share/my_robot_description/models/dumpster/meshes/dumpster.dae\n'}
[1.037699] (my_robot_description) StdoutLine: {'line': b'-- Installing: /home/pratik/ros2_ws/install/my_robot_description/share/my_robot_description/models/dumpster/model.sdf\n'}
[1.037735] (my_robot_description) StdoutLine: {'line': b'-- Installing: /home/pratik/ros2_ws/install/my_robot_description/share/my_robot_description/models/dumpster/materials\n'}
[1.037759] (my_robot_description) StdoutLine: {'line': b'-- Installing: /home/pratik/ros2_ws/install/my_robot_description/share/my_robot_description/models/dumpster/materials/scripts\n'}
[1.037798] (my_robot_description) StdoutLine: {'line': b'-- Installing: /home/pratik/ros2_ws/install/my_robot_description/share/my_robot_description/models/dumpster/materials/scripts/dumpster.material\n'}
[1.037820] (my_robot_description) StdoutLine: {'line': b'-- Installing: /home/pratik/ros2_ws/install/my_robot_description/share/my_robot_description/models/dumpster/materials/textures\n'}
[1.037842] (my_robot_description) StdoutLine: {'line': b'-- Installing: /home/pratik/ros2_ws/install/my_robot_description/share/my_robot_description/models/dumpster/materials/textures/Dumpster_Spec.png\n'}
[1.038161] (my_robot_description) StdoutLine: {'line': b'-- Installing: /home/pratik/ros2_ws/install/my_robot_description/share/my_robot_description/models/dumpster/materials/textures/Dumpster_Diffuse.png\n'}
[1.038810] (my_robot_description) StdoutLine: {'line': b'-- Installing: /home/pratik/ros2_ws/install/my_robot_description/share/my_robot_description/models/dumpster/thumbnails\n'}
[1.038852] (my_robot_description) StdoutLine: {'line': b'-- Installing: /home/pratik/ros2_ws/install/my_robot_description/share/my_robot_description/models/dumpster/thumbnails/2.png\n'}
[1.038885] (my_robot_description) StdoutLine: {'line': b'-- Installing: /home/pratik/ros2_ws/install/my_robot_description/share/my_robot_description/models/dumpster/thumbnails/5.png\n'}
[1.038935] (my_robot_description) StdoutLine: {'line': b'-- Installing: /home/pratik/ros2_ws/install/my_robot_description/share/my_robot_description/models/dumpster/thumbnails/4.png\n'}
[1.039028] (my_robot_description) StdoutLine: {'line': b'-- Installing: /home/pratik/ros2_ws/install/my_robot_description/share/my_robot_description/models/dumpster/thumbnails/3.png\n'}
[1.039107] (my_robot_description) StdoutLine: {'line': b'-- Installing: /home/pratik/ros2_ws/install/my_robot_description/share/my_robot_description/models/dumpster/thumbnails/1.png\n'}
[1.039183] (my_robot_description) StdoutLine: {'line': b'-- Installing: /home/pratik/ros2_ws/install/my_robot_description/share/my_robot_description/models/dumpster/model.config\n'}
[1.039215] (my_robot_description) StdoutLine: {'line': b'-- Installing: /home/pratik/ros2_ws/install/my_robot_description/share/my_robot_description/models/dumpster/model-1_3.sdf\n'}
[1.039251] (my_robot_description) StdoutLine: {'line': b'-- Installing: /home/pratik/ros2_ws/install/my_robot_description/share/my_robot_description/models/dumpster/model-1_4.sdf\n'}
[1.039286] (my_robot_description) StdoutLine: {'line': b'-- Installing: /home/pratik/ros2_ws/install/my_robot_description/share/my_robot_description/models/cafe_table\n'}
[1.039328] (my_robot_description) StdoutLine: {'line': b'-- Installing: /home/pratik/ros2_ws/install/my_robot_description/share/my_robot_description/models/cafe_table/meshes\n'}
[1.039351] (my_robot_description) StdoutLine: {'line': b'-- Installing: /home/pratik/ros2_ws/install/my_robot_description/share/my_robot_description/models/cafe_table/meshes/cafe_table.dae\n'}
[1.039385] (my_robot_description) StdoutLine: {'line': b'-- Installing: /home/pratik/ros2_ws/install/my_robot_description/share/my_robot_description/models/cafe_table/meshes/Wood_Floor_Dark.jpg\n'}
[1.039415] (my_robot_description) StdoutLine: {'line': b'-- Installing: /home/pratik/ros2_ws/install/my_robot_description/share/my_robot_description/models/cafe_table/meshes/Maple.jpg\n'}
[1.039454] (my_robot_description) StdoutLine: {'line': b'-- Installing: /home/pratik/ros2_ws/install/my_robot_description/share/my_robot_description/models/cafe_table/model.sdf\n'}
[1.039486] (my_robot_description) StdoutLine: {'line': b'-- Installing: /home/pratik/ros2_ws/install/my_robot_description/share/my_robot_description/models/cafe_table/materials\n'}
[1.039523] (my_robot_description) StdoutLine: {'line': b'-- Installing: /home/pratik/ros2_ws/install/my_robot_description/share/my_robot_description/models/cafe_table/materials/textures\n'}
[1.039547] (my_robot_description) StdoutLine: {'line': b'-- Installing: /home/pratik/ros2_ws/install/my_robot_description/share/my_robot_description/models/cafe_table/materials/textures/Wood_Floor_Dark.jpg\n'}
[1.039578] (my_robot_description) StdoutLine: {'line': b'-- Installing: /home/pratik/ros2_ws/install/my_robot_description/share/my_robot_description/models/cafe_table/materials/textures/Maple.jpg\n'}
[1.039619] (my_robot_description) StdoutLine: {'line': b'-- Installing: /home/pratik/ros2_ws/install/my_robot_description/share/my_robot_description/models/cafe_table/thumbnails\n'}
[1.039652] (my_robot_description) StdoutLine: {'line': b'-- Installing: /home/pratik/ros2_ws/install/my_robot_description/share/my_robot_description/models/cafe_table/thumbnails/2.png\n'}
[1.039740] (my_robot_description) StdoutLine: {'line': b'-- Installing: /home/pratik/ros2_ws/install/my_robot_description/share/my_robot_description/models/cafe_table/thumbnails/5.png\n'}
[1.039778] (my_robot_description) StdoutLine: {'line': b'-- Installing: /home/pratik/ros2_ws/install/my_robot_description/share/my_robot_description/models/cafe_table/thumbnails/4.png\n'}
[1.039815] (my_robot_description) StdoutLine: {'line': b'-- Installing: /home/pratik/ros2_ws/install/my_robot_description/share/my_robot_description/models/cafe_table/thumbnails/3.png\n'}
[1.039850] (my_robot_description) StdoutLine: {'line': b'-- Installing: /home/pratik/ros2_ws/install/my_robot_description/share/my_robot_description/models/cafe_table/thumbnails/1.png\n'}
[1.039907] (my_robot_description) StdoutLine: {'line': b'-- Installing: /home/pratik/ros2_ws/install/my_robot_description/share/my_robot_description/models/cafe_table/model.config\n'}
[1.039948] (my_robot_description) StdoutLine: {'line': b'-- Installing: /home/pratik/ros2_ws/install/my_robot_description/share/my_robot_description/models/cafe_table/model-1_4.sdf\n'}
[1.039981] (my_robot_description) StdoutLine: {'line': b'-- Installing: /home/pratik/ros2_ws/install/my_robot_description/share/my_robot_description/models/rescue_randy\n'}
[1.040015] (my_robot_description) StdoutLine: {'line': b'-- Installing: /home/pratik/ros2_ws/install/my_robot_description/share/my_robot_description/models/rescue_randy/meshes\n'}
[1.040049] (my_robot_description) StdoutLine: {'line': b'-- Installing: /home/pratik/ros2_ws/install/my_robot_description/share/my_robot_description/models/rescue_randy/meshes/rescue_randy.dae\n'}
[1.040563] (my_robot_description) StdoutLine: {'line': b'-- Installing: /home/pratik/ros2_ws/install/my_robot_description/share/my_robot_description/models/rescue_randy/model.sdf\n'}
[1.040637] (my_robot_description) StdoutLine: {'line': b'-- Installing: /home/pratik/ros2_ws/install/my_robot_description/share/my_robot_description/models/rescue_randy/materials\n'}
[1.040661] (my_robot_description) StdoutLine: {'line': b'-- Installing: /home/pratik/ros2_ws/install/my_robot_description/share/my_robot_description/models/rescue_randy/materials/scripts\n'}
[1.040700] (my_robot_description) StdoutLine: {'line': b'-- Installing: /home/pratik/ros2_ws/install/my_robot_description/share/my_robot_description/models/rescue_randy/materials/scripts/rescue_randy.material\n'}
[1.040723] (my_robot_description) StdoutLine: {'line': b'-- Installing: /home/pratik/ros2_ws/install/my_robot_description/share/my_robot_description/models/rescue_randy/materials/textures\n'}
[1.040752] (my_robot_description) StdoutLine: {'line': b'-- Installing: /home/pratik/ros2_ws/install/my_robot_description/share/my_robot_description/models/rescue_randy/materials/textures/rescue_randy_metalness.png\n'}
[1.040774] (my_robot_description) StdoutLine: {'line': b'-- Installing: /home/pratik/ros2_ws/install/my_robot_description/share/my_robot_description/models/rescue_randy/materials/textures/rescue_randy_roughness.png\n'}
[1.041075] (my_robot_description) StdoutLine: {'line': b'-- Installing: /home/pratik/ros2_ws/install/my_robot_description/share/my_robot_description/models/rescue_randy/materials/textures/RescueRandy_Thermal.png\n'}
[1.041763] (my_robot_description) StdoutLine: {'line': b'-- Installing: /home/pratik/ros2_ws/install/my_robot_description/share/my_robot_description/models/rescue_randy/materials/textures/rescue_randy_normal.png\n'}
[1.044088] (my_robot_description) StdoutLine: {'line': b'-- Installing: /home/pratik/ros2_ws/install/my_robot_description/share/my_robot_description/models/rescue_randy/materials/textures/rescue_randy_albedo.png\n'}
[1.045432] (my_robot_description) StdoutLine: {'line': b'-- Installing: /home/pratik/ros2_ws/install/my_robot_description/share/my_robot_description/models/rescue_randy/thumbnails\n'}
[1.045493] (my_robot_description) StdoutLine: {'line': b'-- Installing: /home/pratik/ros2_ws/install/my_robot_description/share/my_robot_description/models/rescue_randy/thumbnails/2.png\n'}
[1.045531] (my_robot_description) StdoutLine: {'line': b'-- Installing: /home/pratik/ros2_ws/install/my_robot_description/share/my_robot_description/models/rescue_randy/thumbnails/5.png\n'}
[1.045554] (my_robot_description) StdoutLine: {'line': b'-- Installing: /home/pratik/ros2_ws/install/my_robot_description/share/my_robot_description/models/rescue_randy/thumbnails/4.png\n'}
[1.045583] (my_robot_description) StdoutLine: {'line': b'-- Installing: /home/pratik/ros2_ws/install/my_robot_description/share/my_robot_description/models/rescue_randy/thumbnails/3.png\n'}
[1.045620] (my_robot_description) StdoutLine: {'line': b'-- Installing: /home/pratik/ros2_ws/install/my_robot_description/share/my_robot_description/models/rescue_randy/thumbnails/1.png\n'}
[1.045655] (my_robot_description) StdoutLine: {'line': b'-- Installing: /home/pratik/ros2_ws/install/my_robot_description/share/my_robot_description/models/rescue_randy/model.config\n'}
[1.045687] (my_robot_description) StdoutLine: {'line': b'-- Installing: /home/pratik/ros2_ws/install/my_robot_description/share/my_robot_description/models/Suitcase1H\n'}
[1.045719] (my_robot_description) StdoutLine: {'line': b'-- Installing: /home/pratik/ros2_ws/install/my_robot_description/share/my_robot_description/models/Suitcase1H/meshes\n'}
[1.045751] (my_robot_description) StdoutLine: {'line': b'-- Installing: /home/pratik/ros2_ws/install/my_robot_description/share/my_robot_description/models/Suitcase1H/meshes/Suitcase1H_Col.obj\n'}
[1.045784] (my_robot_description) StdoutLine: {'line': b'-- Installing: /home/pratik/ros2_ws/install/my_robot_description/share/my_robot_description/models/Suitcase1H/meshes/Suitcase1H_Metal.png\n'}
[1.045814] (my_robot_description) StdoutLine: {'line': b'-- Installing: /home/pratik/ros2_ws/install/my_robot_description/share/my_robot_description/models/Suitcase1H/meshes/Suitcase1H_Normal.png\n'}
[1.045907] (my_robot_description) StdoutLine: {'line': b'-- Installing: /home/pratik/ros2_ws/install/my_robot_description/share/my_robot_description/models/Suitcase1H/meshes/Suitcase1H_Rough.png\n'}
[1.046030] (my_robot_description) StdoutLine: {'line': b'-- Installing: /home/pratik/ros2_ws/install/my_robot_description/share/my_robot_description/models/Suitcase1H/meshes/Suitcase1H.obj\n'}
[1.046107] (my_robot_description) StdoutLine: {'line': b'-- Installing: /home/pratik/ros2_ws/install/my_robot_description/share/my_robot_description/models/Suitcase1H/meshes/Suitcase1H.mtl\n'}
[1.046138] (my_robot_description) StdoutLine: {'line': b'-- Installing: /home/pratik/ros2_ws/install/my_robot_description/share/my_robot_description/models/Suitcase1H/meshes/Suitcase1H_Col.mtl\n'}
[1.046168] (my_robot_description) StdoutLine: {'line': b'-- Installing: /home/pratik/ros2_ws/install/my_robot_description/share/my_robot_description/models/Suitcase1H/meshes/Suitcase1H_Diffuse.png\n'}
[1.046845] (my_robot_description) StdoutLine: {'line': b'-- Installing: /home/pratik/ros2_ws/install/my_robot_description/share/my_robot_description/models/Suitcase1H/model.sdf\n'}
[1.046915] (my_robot_description) StdoutLine: {'line': b'-- Installing: /home/pratik/ros2_ws/install/my_robot_description/share/my_robot_description/models/Suitcase1H/thumbnails\n'}
[1.046937] (my_robot_description) StdoutLine: {'line': b'-- Installing: /home/pratik/ros2_ws/install/my_robot_description/share/my_robot_description/models/Suitcase1H/thumbnails/2.png\n'}
[1.046960] (my_robot_description) StdoutLine: {'line': b'-- Installing: /home/pratik/ros2_ws/install/my_robot_description/share/my_robot_description/models/Suitcase1H/thumbnails/5.png\n'}
[1.046996] (my_robot_description) StdoutLine: {'line': b'-- Installing: /home/pratik/ros2_ws/install/my_robot_description/share/my_robot_description/models/Suitcase1H/thumbnails/4.png\n'}
[1.047019] (my_robot_description) StdoutLine: {'line': b'-- Installing: /home/pratik/ros2_ws/install/my_robot_description/share/my_robot_description/models/Suitcase1H/thumbnails/3.png\n'}
[1.047049] (my_robot_description) StdoutLine: {'line': b'-- Installing: /home/pratik/ros2_ws/install/my_robot_description/share/my_robot_description/models/Suitcase1H/thumbnails/1.png\n'}
[1.047092] (my_robot_description) StdoutLine: {'line': b'-- Installing: /home/pratik/ros2_ws/install/my_robot_description/share/my_robot_description/models/Suitcase1H/model.config\n'}
[1.047127] (my_robot_description) StdoutLine: {'line': b'-- Installing: /home/pratik/ros2_ws/install/my_robot_description/share/my_robot_description/models/beer\n'}
[1.047162] (my_robot_description) StdoutLine: {'line': b'-- Installing: /home/pratik/ros2_ws/install/my_robot_description/share/my_robot_description/models/beer/model.sdf\n'}
[1.047198] (my_robot_description) StdoutLine: {'line': b'-- Installing: /home/pratik/ros2_ws/install/my_robot_description/share/my_robot_description/models/beer/materials\n'}
[1.047222] (my_robot_description) StdoutLine: {'line': b'-- Installing: /home/pratik/ros2_ws/install/my_robot_description/share/my_robot_description/models/beer/materials/scripts\n'}
[1.047269] (my_robot_description) StdoutLine: {'line': b'-- Installing: /home/pratik/ros2_ws/install/my_robot_description/share/my_robot_description/models/beer/materials/scripts/beer.material\n'}
[1.047294] (my_robot_description) StdoutLine: {'line': b'-- Installing: /home/pratik/ros2_ws/install/my_robot_description/share/my_robot_description/models/beer/materials/textures\n'}
[1.047317] (my_robot_description) StdoutLine: {'line': b'-- Installing: /home/pratik/ros2_ws/install/my_robot_description/share/my_robot_description/models/beer/materials/textures/beer.png\n'}
[1.048242] (my_robot_description) StdoutLine: {'line': b'-- Installing: /home/pratik/ros2_ws/install/my_robot_description/share/my_robot_description/models/beer/thumbnails\n'}
[1.048290] (my_robot_description) StdoutLine: {'line': b'-- Installing: /home/pratik/ros2_ws/install/my_robot_description/share/my_robot_description/models/beer/thumbnails/2.png\n'}
[1.048325] (my_robot_description) StdoutLine: {'line': b'-- Installing: /home/pratik/ros2_ws/install/my_robot_description/share/my_robot_description/models/beer/thumbnails/5.png\n'}
[1.048379] (my_robot_description) StdoutLine: {'line': b'-- Installing: /home/pratik/ros2_ws/install/my_robot_description/share/my_robot_description/models/beer/thumbnails/4.png\n'}
[1.048468] (my_robot_description) StdoutLine: {'line': b'-- Installing: /home/pratik/ros2_ws/install/my_robot_description/share/my_robot_description/models/beer/thumbnails/3.png\n'}
[1.048564] (my_robot_description) StdoutLine: {'line': b'-- Installing: /home/pratik/ros2_ws/install/my_robot_description/share/my_robot_description/models/beer/thumbnails/1.png\n'}
[1.048673] (my_robot_description) StdoutLine: {'line': b'-- Installing: /home/pratik/ros2_ws/install/my_robot_description/share/my_robot_description/models/beer/model.config\n'}
[1.048707] (my_robot_description) StdoutLine: {'line': b'-- Installing: /home/pratik/ros2_ws/install/my_robot_description/share/my_robot_description/models/beer/model-1_4.sdf\n'}
[1.048743] (my_robot_description) StdoutLine: {'line': b'-- Installing: /home/pratik/ros2_ws/install/my_robot_description/share/my_robot_description/models/person_standing\n'}
[1.048767] (my_robot_description) StdoutLine: {'line': b'-- Installing: /home/pratik/ros2_ws/install/my_robot_description/share/my_robot_description/models/person_standing/meshes\n'}
[1.048800] (my_robot_description) StdoutLine: {'line': b'-- Installing: /home/pratik/ros2_ws/install/my_robot_description/share/my_robot_description/models/person_standing/meshes/standing.dae\n'}
[1.050672] (my_robot_description) StdoutLine: {'line': b'-- Installing: /home/pratik/ros2_ws/install/my_robot_description/share/my_robot_description/models/person_standing/model.sdf\n'}
[1.050729] (my_robot_description) StdoutLine: {'line': b'-- Installing: /home/pratik/ros2_ws/install/my_robot_description/share/my_robot_description/models/person_standing/materials\n'}
[1.050753] (my_robot_description) StdoutLine: {'line': b'-- Installing: /home/pratik/ros2_ws/install/my_robot_description/share/my_robot_description/models/person_standing/materials/textures\n'}
[1.050787] (my_robot_description) StdoutLine: {'line': b'-- Installing: /home/pratik/ros2_ws/install/my_robot_description/share/my_robot_description/models/person_standing/materials/textures/tshirt02_texture.png\n'}
[1.050821] (my_robot_description) StdoutLine: {'line': b'-- Installing: /home/pratik/ros2_ws/install/my_robot_description/share/my_robot_description/models/person_standing/materials/textures/eyebrow001-unmodified.png\n'}
[1.050869] (my_robot_description) StdoutLine: {'line': b'-- Installing: /home/pratik/ros2_ws/install/my_robot_description/share/my_robot_description/models/person_standing/materials/textures/young_lightskinned_male_diffuse.png\n'}
[1.052893] (my_robot_description) StdoutLine: {'line': b'-- Installing: /home/pratik/ros2_ws/install/my_robot_description/share/my_robot_description/models/person_standing/materials/textures/teeth.png\n'}
[1.053680] (my_robot_description) StdoutLine: {'line': b'-- Installing: /home/pratik/ros2_ws/install/my_robot_description/share/my_robot_description/models/person_standing/materials/textures/jeans_basic_diffuse.png\n'}
[1.055495] (my_robot_description) StdoutLine: {'line': b'-- Installing: /home/pratik/ros2_ws/install/my_robot_description/share/my_robot_description/models/person_standing/materials/textures/eyebrow001.png\n'}
[1.055606] (my_robot_description) StdoutLine: {'line': b'-- Installing: /home/pratik/ros2_ws/install/my_robot_description/share/my_robot_description/models/person_standing/materials/textures/green_eye.png\n'}
[1.055924] (my_robot_description) StdoutLine: {'line': b'-- Installing: /home/pratik/ros2_ws/install/my_robot_description/share/my_robot_description/models/person_standing/materials/textures/male02_diffuse_black-unmodified.png\n'}
[1.057985] (my_robot_description) StdoutLine: {'line': b'-- Installing: /home/pratik/ros2_ws/install/my_robot_description/share/my_robot_description/models/person_standing/materials/textures/tshirt02_normals.png\n'}
[1.058129] (my_robot_description) StdoutLine: {'line': b'-- Installing: /home/pratik/ros2_ws/install/my_robot_description/share/my_robot_description/models/person_standing/materials/textures/jeans01_normals.png\n'}
[1.059951] (my_robot_description) StdoutLine: {'line': b'-- Installing: /home/pratik/ros2_ws/install/my_robot_description/share/my_robot_description/models/person_standing/materials/textures/male02_diffuse_black.png\n'}
[1.061533] (my_robot_description) StdoutLine: {'line': b'-- Installing: /home/pratik/ros2_ws/install/my_robot_description/share/my_robot_description/models/person_standing/thumbnails\n'}
[1.061570] (my_robot_description) StdoutLine: {'line': b'-- Installing: /home/pratik/ros2_ws/install/my_robot_description/share/my_robot_description/models/person_standing/thumbnails/2.png\n'}
[1.061601] (my_robot_description) StdoutLine: {'line': b'-- Installing: /home/pratik/ros2_ws/install/my_robot_description/share/my_robot_description/models/person_standing/thumbnails/5.png\n'}
[1.061635] (my_robot_description) StdoutLine: {'line': b'-- Installing: /home/pratik/ros2_ws/install/my_robot_description/share/my_robot_description/models/person_standing/thumbnails/4.png\n'}
[1.061679] (my_robot_description) StdoutLine: {'line': b'-- Installing: /home/pratik/ros2_ws/install/my_robot_description/share/my_robot_description/models/person_standing/thumbnails/3.png\n'}
[1.061720] (my_robot_description) StdoutLine: {'line': b'-- Installing: /home/pratik/ros2_ws/install/my_robot_description/share/my_robot_description/models/person_standing/thumbnails/1.png\n'}
[1.061761] (my_robot_description) StdoutLine: {'line': b'-- Installing: /home/pratik/ros2_ws/install/my_robot_description/share/my_robot_description/models/person_standing/model.config\n'}
[1.061799] (my_robot_description) StdoutLine: {'line': b'-- Installing: /home/pratik/ros2_ws/install/my_robot_description/share/my_robot_description/models/aws_robomaker_warehouse_ClutteringC_01\n'}
[1.061832] (my_robot_description) StdoutLine: {'line': b'-- Installing: /home/pratik/ros2_ws/install/my_robot_description/share/my_robot_description/models/aws_robomaker_warehouse_ClutteringC_01/meshes\n'}
[1.061866] (my_robot_description) StdoutLine: {'line': b'-- Installing: /home/pratik/ros2_ws/install/my_robot_description/share/my_robot_description/models/aws_robomaker_warehouse_ClutteringC_01/meshes/aws_robomaker_warehouse_ClutteringC_01_collision.DAE\n'}
[1.061898] (my_robot_description) StdoutLine: {'line': b'-- Installing: /home/pratik/ros2_ws/install/my_robot_description/share/my_robot_description/models/aws_robomaker_warehouse_ClutteringC_01/meshes/aws_robomaker_warehouse_ClutteringC_01_visual.DAE\n'}
[1.061930] (my_robot_description) StdoutLine: {'line': b'-- Installing: /home/pratik/ros2_ws/install/my_robot_description/share/my_robot_description/models/aws_robomaker_warehouse_ClutteringC_01/model.sdf\n'}
[1.061962] (my_robot_description) StdoutLine: {'line': b'-- Installing: /home/pratik/ros2_ws/install/my_robot_description/share/my_robot_description/models/aws_robomaker_warehouse_ClutteringC_01/metadata.pbtxt\n'}
[1.061994] (my_robot_description) StdoutLine: {'line': b'-- Installing: /home/pratik/ros2_ws/install/my_robot_description/share/my_robot_description/models/aws_robomaker_warehouse_ClutteringC_01/materials\n'}
[1.062032] (my_robot_description) StdoutLine: {'line': b'-- Installing: /home/pratik/ros2_ws/install/my_robot_description/share/my_robot_description/models/aws_robomaker_warehouse_ClutteringC_01/materials/textures\n'}
[1.062055] (my_robot_description) StdoutLine: {'line': b'-- Installing: /home/pratik/ros2_ws/install/my_robot_description/share/my_robot_description/models/aws_robomaker_warehouse_ClutteringC_01/materials/textures/aws_robomaker_warehouse_ClutteringC_01.png\n'}
[1.062164] (my_robot_description) StdoutLine: {'line': b'-- Installing: /home/pratik/ros2_ws/install/my_robot_description/share/my_robot_description/models/aws_robomaker_warehouse_ClutteringC_01/materials/textures/aws_robomaker_warehouse_ClutteringC_02.png\n'}
[1.062267] (my_robot_description) StdoutLine: {'line': b'-- Installing: /home/pratik/ros2_ws/install/my_robot_description/share/my_robot_description/models/aws_robomaker_warehouse_ClutteringC_01/thumbnails\n'}
[1.062302] (my_robot_description) StdoutLine: {'line': b'-- Installing: /home/pratik/ros2_ws/install/my_robot_description/share/my_robot_description/models/aws_robomaker_warehouse_ClutteringC_01/thumbnails/2.png\n'}
[1.062426] (my_robot_description) StdoutLine: {'line': b'-- Installing: /home/pratik/ros2_ws/install/my_robot_description/share/my_robot_description/models/aws_robomaker_warehouse_ClutteringC_01/thumbnails/5.png\n'}
[1.062587] (my_robot_description) StdoutLine: {'line': b'-- Installing: /home/pratik/ros2_ws/install/my_robot_description/share/my_robot_description/models/aws_robomaker_warehouse_ClutteringC_01/thumbnails/4.png\n'}
[1.062740] (my_robot_description) StdoutLine: {'line': b'-- Installing: /home/pratik/ros2_ws/install/my_robot_description/share/my_robot_description/models/aws_robomaker_warehouse_ClutteringC_01/thumbnails/3.png\n'}
[1.062904] (my_robot_description) StdoutLine: {'line': b'-- Installing: /home/pratik/ros2_ws/install/my_robot_description/share/my_robot_description/models/aws_robomaker_warehouse_ClutteringC_01/thumbnails/1.png\n'}
[1.063017] (my_robot_description) StdoutLine: {'line': b'-- Installing: /home/pratik/ros2_ws/install/my_robot_description/share/my_robot_description/models/aws_robomaker_warehouse_ClutteringC_01/model.config\n'}
[1.063047] (my_robot_description) StdoutLine: {'line': b'-- Installing: /home/pratik/ros2_ws/install/my_robot_description/share/my_robot_description/models/Nurse\n'}
[1.063079] (my_robot_description) StdoutLine: {'line': b'-- Installing: /home/pratik/ros2_ws/install/my_robot_description/share/my_robot_description/models/Nurse/meshes\n'}
[1.063115] (my_robot_description) StdoutLine: {'line': b'-- Installing: /home/pratik/ros2_ws/install/my_robot_description/share/my_robot_description/models/Nurse/meshes/Clipboard.png\n'}
[1.063148] (my_robot_description) StdoutLine: {'line': b'-- Installing: /home/pratik/ros2_ws/install/my_robot_description/share/my_robot_description/models/Nurse/meshes/NurseFemaleDiffuse.png\n'}
[1.063318] (my_robot_description) StdoutLine: {'line': b'-- Installing: /home/pratik/ros2_ws/install/my_robot_description/share/my_robot_description/models/Nurse/meshes/Nurse.obj\n'}
[1.063460] (my_robot_description) StdoutLine: {'line': b'-- Installing: /home/pratik/ros2_ws/install/my_robot_description/share/my_robot_description/models/Nurse/meshes/Nurse_Col.obj\n'}
[1.063494] (my_robot_description) StdoutLine: {'line': b'-- Installing: /home/pratik/ros2_ws/install/my_robot_description/share/my_robot_description/models/Nurse/meshes/Nurse_Col.mtl\n'}
[1.063524] (my_robot_description) StdoutLine: {'line': b'-- Installing: /home/pratik/ros2_ws/install/my_robot_description/share/my_robot_description/models/Nurse/meshes/Nurse.mtl\n'}
[1.063556] (my_robot_description) StdoutLine: {'line': b'-- Installing: /home/pratik/ros2_ws/install/my_robot_description/share/my_robot_description/models/Nurse/model.sdf\n'}
[1.063588] (my_robot_description) StdoutLine: {'line': b'-- Installing: /home/pratik/ros2_ws/install/my_robot_description/share/my_robot_description/models/Nurse/thumbnails\n'}
[1.063621] (my_robot_description) StdoutLine: {'line': b'-- Installing: /home/pratik/ros2_ws/install/my_robot_description/share/my_robot_description/models/Nurse/thumbnails/2.png\n'}
[1.063649] (my_robot_description) StdoutLine: {'line': b'-- Installing: /home/pratik/ros2_ws/install/my_robot_description/share/my_robot_description/models/Nurse/thumbnails/5.png\n'}
[1.063695] (my_robot_description) StdoutLine: {'line': b'-- Installing: /home/pratik/ros2_ws/install/my_robot_description/share/my_robot_description/models/Nurse/thumbnails/4.png\n'}
[1.063740] (my_robot_description) StdoutLine: {'line': b'-- Installing: /home/pratik/ros2_ws/install/my_robot_description/share/my_robot_description/models/Nurse/thumbnails/3.png\n'}
[1.063778] (my_robot_description) StdoutLine: {'line': b'-- Installing: /home/pratik/ros2_ws/install/my_robot_description/share/my_robot_description/models/Nurse/thumbnails/1.png\n'}
[1.063853] (my_robot_description) StdoutLine: {'line': b'-- Installing: /home/pratik/ros2_ws/install/my_robot_description/share/my_robot_description/models/Nurse/model.config\n'}
[1.063886] (my_robot_description) StdoutLine: {'line': b'-- Installing: /home/pratik/ros2_ws/install/my_robot_description/share/my_robot_description/worlds\n'}
[1.063918] (my_robot_description) StdoutLine: {'line': b'-- Installing: /home/pratik/ros2_ws/install/my_robot_description/share/my_robot_description/worlds/my_world.world\n'}
[1.064015] (my_robot_description) StdoutLine: {'line': b'-- Up-to-date: /home/pratik/ros2_ws/install/my_robot_description/share/my_robot_description/launch\n'}
[1.064056] (my_robot_description) StdoutLine: {'line': b'-- Up-to-date: /home/pratik/ros2_ws/install/my_robot_description/share/my_robot_description/launch/robot_gazebo_rviz.launch.py\n'}
[1.064080] (my_robot_description) StdoutLine: {'line': b'-- Up-to-date: /home/pratik/ros2_ws/install/my_robot_description/share/my_robot_description/urdf\n'}
[1.064103] (my_robot_description) StdoutLine: {'line': b'-- Up-to-date: /home/pratik/ros2_ws/install/my_robot_description/share/my_robot_description/urdf/robot.urdf.xacro\n'}
[1.064135] (my_robot_description) StdoutLine: {'line': b'-- Up-to-date: /home/pratik/ros2_ws/install/my_robot_description/share/my_robot_description/worlds\n'}
[1.064183] (my_robot_description) StdoutLine: {'line': b'-- Up-to-date: /home/pratik/ros2_ws/install/my_robot_description/share/my_robot_description/worlds/my_world.world\n'}
[1.064206] (my_robot_description) StdoutLine: {'line': b'-- Up-to-date: /home/pratik/ros2_ws/install/my_robot_description/share/my_robot_description/models\n'}
[1.064229] (my_robot_description) StdoutLine: {'line': b'-- Up-to-date: /home/pratik/ros2_ws/install/my_robot_description/share/my_robot_description/models/cardboard_box\n'}
[1.064253] (my_robot_description) StdoutLine: {'line': b'-- Up-to-date: /home/pratik/ros2_ws/install/my_robot_description/share/my_robot_description/models/cardboard_box/meshes\n'}
[1.064275] (my_robot_description) StdoutLine: {'line': b'-- Up-to-date: /home/pratik/ros2_ws/install/my_robot_description/share/my_robot_description/models/cardboard_box/meshes/cardboard_box.dae\n'}
[1.064298] (my_robot_description) StdoutLine: {'line': b'-- Up-to-date: /home/pratik/ros2_ws/install/my_robot_description/share/my_robot_description/models/cardboard_box/meshes/cardboard_box.png\n'}
[1.064329] (my_robot_description) StdoutLine: {'line': b'-- Up-to-date: /home/pratik/ros2_ws/install/my_robot_description/share/my_robot_description/models/cardboard_box/model.sdf\n'}
[1.064351] (my_robot_description) StdoutLine: {'line': b'-- Up-to-date: /home/pratik/ros2_ws/install/my_robot_description/share/my_robot_description/models/cardboard_box/materials\n'}
[1.064372] (my_robot_description) StdoutLine: {'line': b'-- Up-to-date: /home/pratik/ros2_ws/install/my_robot_description/share/my_robot_description/models/cardboard_box/materials/textures\n'}
[1.064394] (my_robot_description) StdoutLine: {'line': b'-- Up-to-date: /home/pratik/ros2_ws/install/my_robot_description/share/my_robot_description/models/cardboard_box/materials/textures/cardboard_box.png\n'}
[1.064415] (my_robot_description) StdoutLine: {'line': b'-- Up-to-date: /home/pratik/ros2_ws/install/my_robot_description/share/my_robot_description/models/cardboard_box/thumbnails\n'}
[1.064436] (my_robot_description) StdoutLine: {'line': b'-- Up-to-date: /home/pratik/ros2_ws/install/my_robot_description/share/my_robot_description/models/cardboard_box/thumbnails/2.png\n'}
[1.064458] (my_robot_description) StdoutLine: {'line': b'-- Up-to-date: /home/pratik/ros2_ws/install/my_robot_description/share/my_robot_description/models/cardboard_box/thumbnails/5.png\n'}
[1.064480] (my_robot_description) StdoutLine: {'line': b'-- Up-to-date: /home/pratik/ros2_ws/install/my_robot_description/share/my_robot_description/models/cardboard_box/thumbnails/4.png\n'}
[1.064528] (my_robot_description) StdoutLine: {'line': b'-- Up-to-date: /home/pratik/ros2_ws/install/my_robot_description/share/my_robot_description/models/cardboard_box/thumbnails/3.png\n'}
[1.064550] (my_robot_description) StdoutLine: {'line': b'-- Up-to-date: /home/pratik/ros2_ws/install/my_robot_description/share/my_robot_description/models/cardboard_box/thumbnails/1.png\n'}
[1.064571] (my_robot_description) StdoutLine: {'line': b'-- Up-to-date: /home/pratik/ros2_ws/install/my_robot_description/share/my_robot_description/models/cardboard_box/model.config\n'}
[1.064593] (my_robot_description) StdoutLine: {'line': b'-- Up-to-date: /home/pratik/ros2_ws/install/my_robot_description/share/my_robot_description/models/MARBLE_HUSKY_SENSOR_CONFIG_2\n'}
[1.064615] (my_robot_description) StdoutLine: {'line': b'-- Up-to-date: /home/pratik/ros2_ws/install/my_robot_description/share/my_robot_description/models/MARBLE_HUSKY_SENSOR_CONFIG_2/meshes\n'}
[1.064636] (my_robot_description) StdoutLine: {'line': b'-- Up-to-date: /home/pratik/ros2_ws/install/my_robot_description/share/my_robot_description/models/MARBLE_HUSKY_SENSOR_CONFIG_2/meshes/spotlight.dae\n'}
[1.064659] (my_robot_description) StdoutLine: {'line': b'-- Up-to-date: /home/pratik/ros2_ws/install/my_robot_description/share/my_robot_description/models/MARBLE_HUSKY_SENSOR_CONFIG_2/meshes/user_rail.dae\n'}
[1.064680] (my_robot_description) StdoutLine: {'line': b'-- Up-to-date: /home/pratik/ros2_ws/install/my_robot_description/share/my_robot_description/models/MARBLE_HUSKY_SENSOR_CONFIG_2/meshes/base_link.dae\n'}
[1.064702] (my_robot_description) StdoutLine: {'line': b'-- Up-to-date: /home/pratik/ros2_ws/install/my_robot_description/share/my_robot_description/models/MARBLE_HUSKY_SENSOR_CONFIG_2/meshes/jpl04_arch_nosensor.stl\n'}
[1.064723] (my_robot_description) StdoutLine: {'line': b'-- Up-to-date: /home/pratik/ros2_ws/install/my_robot_description/share/my_robot_description/models/MARBLE_HUSKY_SENSOR_CONFIG_2/meshes/top_plate.dae\n'}
[1.064745] (my_robot_description) StdoutLine: {'line': b'-- Up-to-date: /home/pratik/ros2_ws/install/my_robot_description/share/my_robot_description/models/MARBLE_HUSKY_SENSOR_CONFIG_2/meshes/VLP16_base_2.dae\n'}
[1.064767] (my_robot_description) StdoutLine: {'line': b'-- Up-to-date: /home/pratik/ros2_ws/install/my_robot_description/share/my_robot_description/models/MARBLE_HUSKY_SENSOR_CONFIG_2/meshes/bumper.dae\n'}
[1.064789] (my_robot_description) StdoutLine: {'line': b'-- Up-to-date: /home/pratik/ros2_ws/install/my_robot_description/share/my_robot_description/models/MARBLE_HUSKY_SENSOR_CONFIG_2/meshes/VLP16_base_1.dae\n'}
[1.064811] (my_robot_description) StdoutLine: {'line': b'-- Up-to-date: /home/pratik/ros2_ws/install/my_robot_description/share/my_robot_description/models/MARBLE_HUSKY_SENSOR_CONFIG_2/meshes/VLP16_scan.dae\n'}
[1.064833] (my_robot_description) StdoutLine: {'line': b'-- Up-to-date: /home/pratik/ros2_ws/install/my_robot_description/share/my_robot_description/models/MARBLE_HUSKY_SENSOR_CONFIG_2/meshes/wheel.dae\n'}
[1.064855] (my_robot_description) StdoutLine: {'line': b'-- Up-to-date: /home/pratik/ros2_ws/install/my_robot_description/share/my_robot_description/models/MARBLE_HUSKY_SENSOR_CONFIG_2/meshes/realsense.dae\n'}
[1.064876] (my_robot_description) StdoutLine: {'line': b'-- Up-to-date: /home/pratik/ros2_ws/install/my_robot_description/share/my_robot_description/models/MARBLE_HUSKY_SENSOR_CONFIG_2/meshes/top_chassis.dae\n'}
[1.064938] (my_robot_description) StdoutLine: {'line': b'-- Up-to-date: /home/pratik/ros2_ws/install/my_robot_description/share/my_robot_description/models/MARBLE_HUSKY_SENSOR_CONFIG_2/model.sdf\n'}
[1.064963] (my_robot_description) StdoutLine: {'line': b'-- Up-to-date: /home/pratik/ros2_ws/install/my_robot_description/share/my_robot_description/models/MARBLE_HUSKY_SENSOR_CONFIG_2/materials\n'}
[1.064986] (my_robot_description) StdoutLine: {'line': b'-- Up-to-date: /home/pratik/ros2_ws/install/my_robot_description/share/my_robot_description/models/MARBLE_HUSKY_SENSOR_CONFIG_2/materials/textures\n'}
[1.065008] (my_robot_description) StdoutLine: {'line': b'-- Up-to-date: /home/pratik/ros2_ws/install/my_robot_description/share/my_robot_description/models/MARBLE_HUSKY_SENSOR_CONFIG_2/materials/textures/realsense_diffuse.jpg\n'}
[1.065030] (my_robot_description) StdoutLine: {'line': b'-- Up-to-date: /home/pratik/ros2_ws/install/my_robot_description/share/my_robot_description/models/MARBLE_HUSKY_SENSOR_CONFIG_2/materials/textures/spotlight.jpg\n'}
[1.065051] (my_robot_description) StdoutLine: {'line': b'-- Up-to-date: /home/pratik/ros2_ws/install/my_robot_description/share/my_robot_description/models/MARBLE_HUSKY_SENSOR_CONFIG_2/thumbnails\n'}
[1.065074] (my_robot_description) StdoutLine: {'line': b'-- Up-to-date: /home/pratik/ros2_ws/install/my_robot_description/share/my_robot_description/models/MARBLE_HUSKY_SENSOR_CONFIG_2/thumbnails/4.jpg\n'}
[1.065095] (my_robot_description) StdoutLine: {'line': b'-- Up-to-date: /home/pratik/ros2_ws/install/my_robot_description/share/my_robot_description/models/MARBLE_HUSKY_SENSOR_CONFIG_2/thumbnails/2.jpg\n'}
[1.065117] (my_robot_description) StdoutLine: {'line': b'-- Up-to-date: /home/pratik/ros2_ws/install/my_robot_description/share/my_robot_description/models/MARBLE_HUSKY_SENSOR_CONFIG_2/thumbnails/3.jpg\n'}
[1.065138] (my_robot_description) StdoutLine: {'line': b'-- Up-to-date: /home/pratik/ros2_ws/install/my_robot_description/share/my_robot_description/models/MARBLE_HUSKY_SENSOR_CONFIG_2/thumbnails/1.jpg\n'}
[1.065160] (my_robot_description) StdoutLine: {'line': b'-- Up-to-date: /home/pratik/ros2_ws/install/my_robot_description/share/my_robot_description/models/MARBLE_HUSKY_SENSOR_CONFIG_2/model.config\n'}
[1.065225] (my_robot_description) StdoutLine: {'line': b'-- Up-to-date: /home/pratik/ros2_ws/install/my_robot_description/share/my_robot_description/models/coke_can\n'}
[1.065253] (my_robot_description) StdoutLine: {'line': b'-- Up-to-date: /home/pratik/ros2_ws/install/my_robot_description/share/my_robot_description/models/coke_can/meshes\n'}
[1.065275] (my_robot_description) StdoutLine: {'line': b'-- Up-to-date: /home/pratik/ros2_ws/install/my_robot_description/share/my_robot_description/models/coke_can/meshes/coke_can.dae\n'}
[1.065298] (my_robot_description) StdoutLine: {'line': b'-- Up-to-date: /home/pratik/ros2_ws/install/my_robot_description/share/my_robot_description/models/coke_can/model.sdf\n'}
[1.065366] (my_robot_description) StdoutLine: {'line': b'-- Up-to-date: /home/pratik/ros2_ws/install/my_robot_description/share/my_robot_description/models/coke_can/materials\n'}
[1.065393] (my_robot_description) StdoutLine: {'line': b'-- Up-to-date: /home/pratik/ros2_ws/install/my_robot_description/share/my_robot_description/models/coke_can/materials/textures\n'}
[1.065417] (my_robot_description) StdoutLine: {'line': b'-- Up-to-date: /home/pratik/ros2_ws/install/my_robot_description/share/my_robot_description/models/coke_can/materials/textures/coke_can.png\n'}
[1.065441] (my_robot_description) StdoutLine: {'line': b'-- Up-to-date: /home/pratik/ros2_ws/install/my_robot_description/share/my_robot_description/models/coke_can/model-1_2.sdf\n'}
[1.065463] (my_robot_description) StdoutLine: {'line': b'-- Up-to-date: /home/pratik/ros2_ws/install/my_robot_description/share/my_robot_description/models/coke_can/thumbnails\n'}
[1.065485] (my_robot_description) StdoutLine: {'line': b'-- Up-to-date: /home/pratik/ros2_ws/install/my_robot_description/share/my_robot_description/models/coke_can/thumbnails/2.png\n'}
[1.065506] (my_robot_description) StdoutLine: {'line': b'-- Up-to-date: /home/pratik/ros2_ws/install/my_robot_description/share/my_robot_description/models/coke_can/thumbnails/5.png\n'}
[1.065527] (my_robot_description) StdoutLine: {'line': b'-- Up-to-date: /home/pratik/ros2_ws/install/my_robot_description/share/my_robot_description/models/coke_can/thumbnails/4.png\n'}
[1.065549] (my_robot_description) StdoutLine: {'line': b'-- Up-to-date: /home/pratik/ros2_ws/install/my_robot_description/share/my_robot_description/models/coke_can/thumbnails/3.png\n'}
[1.065570] (my_robot_description) StdoutLine: {'line': b'-- Up-to-date: /home/pratik/ros2_ws/install/my_robot_description/share/my_robot_description/models/coke_can/thumbnails/1.png\n'}
[1.065592] (my_robot_description) StdoutLine: {'line': b'-- Up-to-date: /home/pratik/ros2_ws/install/my_robot_description/share/my_robot_description/models/coke_can/model.config\n'}
[1.065724] (my_robot_description) StdoutLine: {'line': b'-- Up-to-date: /home/pratik/ros2_ws/install/my_robot_description/share/my_robot_description/models/coke_can/model-1_3.sdf\n'}
[1.065754] (my_robot_description) StdoutLine: {'line': b'-- Up-to-date: /home/pratik/ros2_ws/install/my_robot_description/share/my_robot_description/models/coke_can/model-1_4.sdf\n'}
[1.065776] (my_robot_description) StdoutLine: {'line': b'-- Up-to-date: /home/pratik/ros2_ws/install/my_robot_description/share/my_robot_description/models/LitterBin\n'}
[1.065798] (my_robot_description) StdoutLine: {'line': b'-- Up-to-date: /home/pratik/ros2_ws/install/my_robot_description/share/my_robot_description/models/LitterBin/meshes\n'}
[1.065820] (my_robot_description) StdoutLine: {'line': b'-- Up-to-date: /home/pratik/ros2_ws/install/my_robot_description/share/my_robot_description/models/LitterBin/meshes/LitterBin_Diffuse.png\n'}
[1.065842] (my_robot_description) StdoutLine: {'line': b'-- Up-to-date: /home/pratik/ros2_ws/install/my_robot_description/share/my_robot_description/models/LitterBin/meshes/Litter.obj\n'}
[1.065864] (my_robot_description) StdoutLine: {'line': b'-- Up-to-date: /home/pratik/ros2_ws/install/my_robot_description/share/my_robot_description/models/LitterBin/meshes/Litter.mtl\n'}
[1.065893] (my_robot_description) StdoutLine: {'line': b'-- Up-to-date: /home/pratik/ros2_ws/install/my_robot_description/share/my_robot_description/models/LitterBin/model.sdf\n'}
[1.065916] (my_robot_description) StdoutLine: {'line': b'-- Up-to-date: /home/pratik/ros2_ws/install/my_robot_description/share/my_robot_description/models/LitterBin/thumbnails\n'}
[1.065939] (my_robot_description) StdoutLine: {'line': b'-- Up-to-date: /home/pratik/ros2_ws/install/my_robot_description/share/my_robot_description/models/LitterBin/thumbnails/2.png\n'}
[1.065962] (my_robot_description) StdoutLine: {'line': b'-- Up-to-date: /home/pratik/ros2_ws/install/my_robot_description/share/my_robot_description/models/LitterBin/thumbnails/5.png\n'}
[1.065988] (my_robot_description) StdoutLine: {'line': b'-- Up-to-date: /home/pratik/ros2_ws/install/my_robot_description/share/my_robot_description/models/LitterBin/thumbnails/4.png\n'}
[1.066088] (my_robot_description) StdoutLine: {'line': b'-- Up-to-date: /home/pratik/ros2_ws/install/my_robot_description/share/my_robot_description/models/LitterBin/thumbnails/3.png\n'}
[1.066113] (my_robot_description) StdoutLine: {'line': b'-- Up-to-date: /home/pratik/ros2_ws/install/my_robot_description/share/my_robot_description/models/LitterBin/thumbnails/1.png\n'}
[1.066137] (my_robot_description) StdoutLine: {'line': b'-- Up-to-date: /home/pratik/ros2_ws/install/my_robot_description/share/my_robot_description/models/LitterBin/model.config\n'}
[1.066161] (my_robot_description) StdoutLine: {'line': b'-- Up-to-date: /home/pratik/ros2_ws/install/my_robot_description/share/my_robot_description/models/Table\n'}
[1.066184] (my_robot_description) StdoutLine: {'line': b'-- Up-to-date: /home/pratik/ros2_ws/install/my_robot_description/share/my_robot_description/models/Table/model.sdf\n'}
[1.066206] (my_robot_description) StdoutLine: {'line': b'-- Up-to-date: /home/pratik/ros2_ws/install/my_robot_description/share/my_robot_description/models/Table/Table_Diffuse.jpg\n'}
[1.066316] (my_robot_description) StdoutLine: {'line': b'-- Up-to-date: /home/pratik/ros2_ws/install/my_robot_description/share/my_robot_description/models/Table/model-1_2.sdf\n'}
[1.066339] (my_robot_description) StdoutLine: {'line': b'-- Up-to-date: /home/pratik/ros2_ws/install/my_robot_description/share/my_robot_description/models/Table/thumbnails\n'}
[1.066361] (my_robot_description) StdoutLine: {'line': b'-- Up-to-date: /home/pratik/ros2_ws/install/my_robot_description/share/my_robot_description/models/Table/thumbnails/2.png\n'}
[1.066385] (my_robot_description) StdoutLine: {'line': b'-- Up-to-date: /home/pratik/ros2_ws/install/my_robot_description/share/my_robot_description/models/Table/thumbnails/5.png\n'}
[1.066408] (my_robot_description) StdoutLine: {'line': b'-- Up-to-date: /home/pratik/ros2_ws/install/my_robot_description/share/my_robot_description/models/Table/thumbnails/4.png\n'}
[1.066431] (my_robot_description) StdoutLine: {'line': b'-- Up-to-date: /home/pratik/ros2_ws/install/my_robot_description/share/my_robot_description/models/Table/thumbnails/3.png\n'}
[1.066454] (my_robot_description) StdoutLine: {'line': b'-- Up-to-date: /home/pratik/ros2_ws/install/my_robot_description/share/my_robot_description/models/Table/thumbnails/1.png\n'}
[1.066476] (my_robot_description) StdoutLine: {'line': b'-- Up-to-date: /home/pratik/ros2_ws/install/my_robot_description/share/my_robot_description/models/Table/model.config\n'}
[1.066498] (my_robot_description) StdoutLine: {'line': b'-- Up-to-date: /home/pratik/ros2_ws/install/my_robot_description/share/my_robot_description/models/Table/model-1_3.sdf\n'}
[1.066519] (my_robot_description) StdoutLine: {'line': b'-- Up-to-date: /home/pratik/ros2_ws/install/my_robot_description/share/my_robot_description/models/Table/model-1_4.sdf\n'}
[1.066540] (my_robot_description) StdoutLine: {'line': b'-- Up-to-date: /home/pratik/ros2_ws/install/my_robot_description/share/my_robot_description/models/first_2015_trash_can\n'}
[1.066562] (my_robot_description) StdoutLine: {'line': b'-- Up-to-date: /home/pratik/ros2_ws/install/my_robot_description/share/my_robot_description/models/first_2015_trash_can/meshes\n'}
[1.066583] (my_robot_description) StdoutLine: {'line': b'-- Up-to-date: /home/pratik/ros2_ws/install/my_robot_description/share/my_robot_description/models/first_2015_trash_can/meshes/trash_can.dae\n'}
[1.066607] (my_robot_description) StdoutLine: {'line': b'-- Up-to-date: /home/pratik/ros2_ws/install/my_robot_description/share/my_robot_description/models/first_2015_trash_can/model.sdf\n'}
[1.066629] (my_robot_description) StdoutLine: {'line': b'-- Up-to-date: /home/pratik/ros2_ws/install/my_robot_description/share/my_robot_description/models/first_2015_trash_can/thumbnails\n'}
[1.066650] (my_robot_description) StdoutLine: {'line': b'-- Up-to-date: /home/pratik/ros2_ws/install/my_robot_description/share/my_robot_description/models/first_2015_trash_can/thumbnails/2.png\n'}
[1.066695] (my_robot_description) StdoutLine: {'line': b'-- Up-to-date: /home/pratik/ros2_ws/install/my_robot_description/share/my_robot_description/models/first_2015_trash_can/thumbnails/5.png\n'}
[1.066718] (my_robot_description) StdoutLine: {'line': b'-- Up-to-date: /home/pratik/ros2_ws/install/my_robot_description/share/my_robot_description/models/first_2015_trash_can/thumbnails/4.png\n'}
[1.066741] (my_robot_description) StdoutLine: {'line': b'-- Up-to-date: /home/pratik/ros2_ws/install/my_robot_description/share/my_robot_description/models/first_2015_trash_can/thumbnails/3.png\n'}
[1.066763] (my_robot_description) StdoutLine: {'line': b'-- Up-to-date: /home/pratik/ros2_ws/install/my_robot_description/share/my_robot_description/models/first_2015_trash_can/thumbnails/1.png\n'}
[1.066784] (my_robot_description) StdoutLine: {'line': b'-- Up-to-date: /home/pratik/ros2_ws/install/my_robot_description/share/my_robot_description/models/first_2015_trash_can/model.config\n'}
[1.066806] (my_robot_description) StdoutLine: {'line': b'-- Up-to-date: /home/pratik/ros2_ws/install/my_robot_description/share/my_robot_description/models/Office Chair\n'}
[1.066829] (my_robot_description) StdoutLine: {'line': b'-- Up-to-date: /home/pratik/ros2_ws/install/my_robot_description/share/my_robot_description/models/Office Chair/meshes\n'}
[1.066851] (my_robot_description) StdoutLine: {'line': b'-- Up-to-date: /home/pratik/ros2_ws/install/my_robot_description/share/my_robot_description/models/Office Chair/meshes/officechair.dae\n'}
[1.066873] (my_robot_description) StdoutLine: {'line': b'-- Up-to-date: /home/pratik/ros2_ws/install/my_robot_description/share/my_robot_description/models/Office Chair/model.sdf\n'}
[1.066895] (my_robot_description) StdoutLine: {'line': b'-- Up-to-date: /home/pratik/ros2_ws/install/my_robot_description/share/my_robot_description/models/Office Chair/materials\n'}
[1.066916] (my_robot_description) StdoutLine: {'line': b'-- Up-to-date: /home/pratik/ros2_ws/install/my_robot_description/share/my_robot_description/models/Office Chair/materials/textures\n'}
[1.066938] (my_robot_description) StdoutLine: {'line': b'-- Up-to-date: /home/pratik/ros2_ws/install/my_robot_description/share/my_robot_description/models/Office Chair/materials/textures/OfficeChair_Roughness.png\n'}
[1.066959] (my_robot_description) StdoutLine: {'line': b'-- Up-to-date: /home/pratik/ros2_ws/install/my_robot_description/share/my_robot_description/models/Office Chair/materials/textures/OfficeChair_Albedo.png\n'}
[1.066981] (my_robot_description) StdoutLine: {'line': b'-- Up-to-date: /home/pratik/ros2_ws/install/my_robot_description/share/my_robot_description/models/Office Chair/materials/textures/OfficeChair_Normal.png\n'}
[1.067002] (my_robot_description) StdoutLine: {'line': b'-- Up-to-date: /home/pratik/ros2_ws/install/my_robot_description/share/my_robot_description/models/Office Chair/materials/textures/OfficeChair_Metalness.png\n'}
[1.067024] (my_robot_description) StdoutLine: {'line': b'-- Up-to-date: /home/pratik/ros2_ws/install/my_robot_description/share/my_robot_description/models/Office Chair/thumbnails\n'}
[1.067143] (my_robot_description) StdoutLine: {'line': b'-- Up-to-date: /home/pratik/ros2_ws/install/my_robot_description/share/my_robot_description/models/Office Chair/thumbnails/OfficeChair.png\n'}
[1.067166] (my_robot_description) StdoutLine: {'line': b'-- Up-to-date: /home/pratik/ros2_ws/install/my_robot_description/share/my_robot_description/models/Office Chair/model.config\n'}
[1.067189] (my_robot_description) StdoutLine: {'line': b'-- Up-to-date: /home/pratik/ros2_ws/install/my_robot_description/share/my_robot_description/models/mailbox\n'}
[1.067211] (my_robot_description) StdoutLine: {'line': b'-- Up-to-date: /home/pratik/ros2_ws/install/my_robot_description/share/my_robot_description/models/mailbox/meshes\n'}
[1.067234] (my_robot_description) StdoutLine: {'line': b'-- Up-to-date: /home/pratik/ros2_ws/install/my_robot_description/share/my_robot_description/models/mailbox/meshes/mailbox.dae\n'}
[1.067303] (my_robot_description) StdoutLine: {'line': b'-- Up-to-date: /home/pratik/ros2_ws/install/my_robot_description/share/my_robot_description/models/mailbox/meshes/Mailbox_Spec.png\n'}
[1.067331] (my_robot_description) StdoutLine: {'line': b'-- Up-to-date: /home/pratik/ros2_ws/install/my_robot_description/share/my_robot_description/models/mailbox/meshes/Mailbox_Diffuse.png\n'}
[1.067357] (my_robot_description) StdoutLine: {'line': b'-- Up-to-date: /home/pratik/ros2_ws/install/my_robot_description/share/my_robot_description/models/mailbox/model.sdf\n'}
[1.067379] (my_robot_description) StdoutLine: {'line': b'-- Up-to-date: /home/pratik/ros2_ws/install/my_robot_description/share/my_robot_description/models/mailbox/materials\n'}
[1.067402] (my_robot_description) StdoutLine: {'line': b'-- Up-to-date: /home/pratik/ros2_ws/install/my_robot_description/share/my_robot_description/models/mailbox/materials/scripts\n'}
[1.067424] (my_robot_description) StdoutLine: {'line': b'-- Up-to-date: /home/pratik/ros2_ws/install/my_robot_description/share/my_robot_description/models/mailbox/materials/scripts/mailbox.material\n'}
[1.067446] (my_robot_description) StdoutLine: {'line': b'-- Up-to-date: /home/pratik/ros2_ws/install/my_robot_description/share/my_robot_description/models/mailbox/materials/textures\n'}
[1.067467] (my_robot_description) StdoutLine: {'line': b'-- Up-to-date: /home/pratik/ros2_ws/install/my_robot_description/share/my_robot_description/models/mailbox/materials/textures/Mailbox_Spec.png\n'}
[1.067489] (my_robot_description) StdoutLine: {'line': b'-- Up-to-date: /home/pratik/ros2_ws/install/my_robot_description/share/my_robot_description/models/mailbox/materials/textures/Mailbox_Diffuse.tga.orig\n'}
[1.067511] (my_robot_description) StdoutLine: {'line': b'-- Up-to-date: /home/pratik/ros2_ws/install/my_robot_description/share/my_robot_description/models/mailbox/materials/textures/Mailbox_Diffuse.png\n'}
[1.067532] (my_robot_description) StdoutLine: {'line': b'-- Up-to-date: /home/pratik/ros2_ws/install/my_robot_description/share/my_robot_description/models/mailbox/thumbnails\n'}
[1.067554] (my_robot_description) StdoutLine: {'line': b'-- Up-to-date: /home/pratik/ros2_ws/install/my_robot_description/share/my_robot_description/models/mailbox/thumbnails/2.png\n'}
[1.067576] (my_robot_description) StdoutLine: {'line': b'-- Up-to-date: /home/pratik/ros2_ws/install/my_robot_description/share/my_robot_description/models/mailbox/thumbnails/5.png\n'}
[1.067599] (my_robot_description) StdoutLine: {'line': b'-- Up-to-date: /home/pratik/ros2_ws/install/my_robot_description/share/my_robot_description/models/mailbox/thumbnails/4.png\n'}
[1.067622] (my_robot_description) StdoutLine: {'line': b'-- Up-to-date: /home/pratik/ros2_ws/install/my_robot_description/share/my_robot_description/models/mailbox/thumbnails/3.png\n'}
[1.067644] (my_robot_description) StdoutLine: {'line': b'-- Up-to-date: /home/pratik/ros2_ws/install/my_robot_description/share/my_robot_description/models/mailbox/thumbnails/1.png\n'}
[1.067667] (my_robot_description) StdoutLine: {'line': b'-- Up-to-date: /home/pratik/ros2_ws/install/my_robot_description/share/my_robot_description/models/mailbox/model.config\n'}
[1.067688] (my_robot_description) StdoutLine: {'line': b'-- Up-to-date: /home/pratik/ros2_ws/install/my_robot_description/share/my_robot_description/models/mailbox/model-1_3.sdf\n'}
[1.067709] (my_robot_description) StdoutLine: {'line': b'-- Up-to-date: /home/pratik/ros2_ws/install/my_robot_description/share/my_robot_description/models/mailbox/model-1_4.sdf\n'}
[1.067730] (my_robot_description) StdoutLine: {'line': b'-- Up-to-date: /home/pratik/ros2_ws/install/my_robot_description/share/my_robot_description/models/RoboCup SPL Ball\n'}
[1.067753] (my_robot_description) StdoutLine: {'line': b'-- Up-to-date: /home/pratik/ros2_ws/install/my_robot_description/share/my_robot_description/models/RoboCup SPL Ball/model.sdf\n'}
[1.067774] (my_robot_description) StdoutLine: {'line': b'-- Up-to-date: /home/pratik/ros2_ws/install/my_robot_description/share/my_robot_description/models/RoboCup SPL Ball/thumbnails\n'}
[1.067797] (my_robot_description) StdoutLine: {'line': b'-- Up-to-date: /home/pratik/ros2_ws/install/my_robot_description/share/my_robot_description/models/RoboCup SPL Ball/thumbnails/2.png\n'}
[1.067819] (my_robot_description) StdoutLine: {'line': b'-- Up-to-date: /home/pratik/ros2_ws/install/my_robot_description/share/my_robot_description/models/RoboCup SPL Ball/thumbnails/5.png\n'}
[1.067840] (my_robot_description) StdoutLine: {'line': b'-- Up-to-date: /home/pratik/ros2_ws/install/my_robot_description/share/my_robot_description/models/RoboCup SPL Ball/thumbnails/4.png\n'}
[1.067862] (my_robot_description) StdoutLine: {'line': b'-- Up-to-date: /home/pratik/ros2_ws/install/my_robot_description/share/my_robot_description/models/RoboCup SPL Ball/thumbnails/3.png\n'}
[1.067883] (my_robot_description) StdoutLine: {'line': b'-- Up-to-date: /home/pratik/ros2_ws/install/my_robot_description/share/my_robot_description/models/RoboCup SPL Ball/thumbnails/1.png\n'}
[1.067915] (my_robot_description) StdoutLine: {'line': b'-- Up-to-date: /home/pratik/ros2_ws/install/my_robot_description/share/my_robot_description/models/RoboCup SPL Ball/model.config\n'}
[1.067937] (my_robot_description) StdoutLine: {'line': b'-- Up-to-date: /home/pratik/ros2_ws/install/my_robot_description/share/my_robot_description/models/brick_box_3x1x3\n'}
[1.067959] (my_robot_description) StdoutLine: {'line': b'-- Up-to-date: /home/pratik/ros2_ws/install/my_robot_description/share/my_robot_description/models/brick_box_3x1x3/meshes\n'}
[1.067981] (my_robot_description) StdoutLine: {'line': b'-- Up-to-date: /home/pratik/ros2_ws/install/my_robot_description/share/my_robot_description/models/brick_box_3x1x3/meshes/simple_box.dae\n'}
[1.068002] (my_robot_description) StdoutLine: {'line': b'-- Up-to-date: /home/pratik/ros2_ws/install/my_robot_description/share/my_robot_description/models/brick_box_3x1x3/model.sdf\n'}
[1.068023] (my_robot_description) StdoutLine: {'line': b'-- Up-to-date: /home/pratik/ros2_ws/install/my_robot_description/share/my_robot_description/models/brick_box_3x1x3/materials\n'}
[1.068044] (my_robot_description) StdoutLine: {'line': b'-- Up-to-date: /home/pratik/ros2_ws/install/my_robot_description/share/my_robot_description/models/brick_box_3x1x3/materials/scripts\n'}
[1.068065] (my_robot_description) StdoutLine: {'line': b'-- Up-to-date: /home/pratik/ros2_ws/install/my_robot_description/share/my_robot_description/models/brick_box_3x1x3/materials/scripts/brick_box.material\n'}
[1.068088] (my_robot_description) StdoutLine: {'line': b'-- Up-to-date: /home/pratik/ros2_ws/install/my_robot_description/share/my_robot_description/models/brick_box_3x1x3/materials/textures\n'}
[1.068110] (my_robot_description) StdoutLine: {'line': b'-- Up-to-date: /home/pratik/ros2_ws/install/my_robot_description/share/my_robot_description/models/brick_box_3x1x3/materials/textures/simple_box.png\n'}
[1.068131] (my_robot_description) StdoutLine: {'line': b'-- Up-to-date: /home/pratik/ros2_ws/install/my_robot_description/share/my_robot_description/models/brick_box_3x1x3/thumbnails\n'}
[1.068154] (my_robot_description) StdoutLine: {'line': b'-- Up-to-date: /home/pratik/ros2_ws/install/my_robot_description/share/my_robot_description/models/brick_box_3x1x3/thumbnails/2.png\n'}
[1.068176] (my_robot_description) StdoutLine: {'line': b'-- Up-to-date: /home/pratik/ros2_ws/install/my_robot_description/share/my_robot_description/models/brick_box_3x1x3/thumbnails/5.png\n'}
[1.068199] (my_robot_description) StdoutLine: {'line': b'-- Up-to-date: /home/pratik/ros2_ws/install/my_robot_description/share/my_robot_description/models/brick_box_3x1x3/thumbnails/4.png\n'}
[1.068221] (my_robot_description) StdoutLine: {'line': b'-- Up-to-date: /home/pratik/ros2_ws/install/my_robot_description/share/my_robot_description/models/brick_box_3x1x3/thumbnails/3.png\n'}
[1.068246] (my_robot_description) StdoutLine: {'line': b'-- Up-to-date: /home/pratik/ros2_ws/install/my_robot_description/share/my_robot_description/models/brick_box_3x1x3/thumbnails/1.png\n'}
[1.068292] (my_robot_description) StdoutLine: {'line': b'-- Up-to-date: /home/pratik/ros2_ws/install/my_robot_description/share/my_robot_description/models/brick_box_3x1x3/model.config\n'}
[1.068315] (my_robot_description) StdoutLine: {'line': b'-- Up-to-date: /home/pratik/ros2_ws/install/my_robot_description/share/my_robot_description/models/brick_box_3x1x3/model-1_3.sdf\n'}
[1.068339] (my_robot_description) StdoutLine: {'line': b'-- Up-to-date: /home/pratik/ros2_ws/install/my_robot_description/share/my_robot_description/models/brick_box_3x1x3/model-1_4.sdf\n'}
[1.068360] (my_robot_description) StdoutLine: {'line': b'-- Up-to-date: /home/pratik/ros2_ws/install/my_robot_description/share/my_robot_description/models/fire_hydrant\n'}
[1.068382] (my_robot_description) StdoutLine: {'line': b'-- Up-to-date: /home/pratik/ros2_ws/install/my_robot_description/share/my_robot_description/models/fire_hydrant/meshes\n'}
[1.068404] (my_robot_description) StdoutLine: {'line': b'-- Up-to-date: /home/pratik/ros2_ws/install/my_robot_description/share/my_robot_description/models/fire_hydrant/meshes/fire_hydrant_diffuse.png\n'}
[1.068425] (my_robot_description) StdoutLine: {'line': b'-- Up-to-date: /home/pratik/ros2_ws/install/my_robot_description/share/my_robot_description/models/fire_hydrant/meshes/fire_hydrant_spec.png\n'}
[1.068447] (my_robot_description) StdoutLine: {'line': b'-- Up-to-date: /home/pratik/ros2_ws/install/my_robot_description/share/my_robot_description/models/fire_hydrant/meshes/fire_hydrant.dae\n'}
[1.068468] (my_robot_description) StdoutLine: {'line': b'-- Up-to-date: /home/pratik/ros2_ws/install/my_robot_description/share/my_robot_description/models/fire_hydrant/model.sdf\n'}
[1.068490] (my_robot_description) StdoutLine: {'line': b'-- Up-to-date: /home/pratik/ros2_ws/install/my_robot_description/share/my_robot_description/models/fire_hydrant/materials\n'}
[1.068511] (my_robot_description) StdoutLine: {'line': b'-- Up-to-date: /home/pratik/ros2_ws/install/my_robot_description/share/my_robot_description/models/fire_hydrant/materials/textures\n'}
[1.068532] (my_robot_description) StdoutLine: {'line': b'-- Up-to-date: /home/pratik/ros2_ws/install/my_robot_description/share/my_robot_description/models/fire_hydrant/materials/textures/fire_hydrant_diffuse.png\n'}
[1.068553] (my_robot_description) StdoutLine: {'line': b'-- Up-to-date: /home/pratik/ros2_ws/install/my_robot_description/share/my_robot_description/models/fire_hydrant/materials/textures/fire_hydrant_spec.png\n'}
[1.068575] (my_robot_description) StdoutLine: {'line': b'-- Up-to-date: /home/pratik/ros2_ws/install/my_robot_description/share/my_robot_description/models/fire_hydrant/thumbnails\n'}
[1.068596] (my_robot_description) StdoutLine: {'line': b'-- Up-to-date: /home/pratik/ros2_ws/install/my_robot_description/share/my_robot_description/models/fire_hydrant/thumbnails/2.png\n'}
[1.068619] (my_robot_description) StdoutLine: {'line': b'-- Up-to-date: /home/pratik/ros2_ws/install/my_robot_description/share/my_robot_description/models/fire_hydrant/thumbnails/5.png\n'}
[1.068641] (my_robot_description) StdoutLine: {'line': b'-- Up-to-date: /home/pratik/ros2_ws/install/my_robot_description/share/my_robot_description/models/fire_hydrant/thumbnails/4.png\n'}
[1.068663] (my_robot_description) StdoutLine: {'line': b'-- Up-to-date: /home/pratik/ros2_ws/install/my_robot_description/share/my_robot_description/models/fire_hydrant/thumbnails/3.png\n'}
[1.068684] (my_robot_description) StdoutLine: {'line': b'-- Up-to-date: /home/pratik/ros2_ws/install/my_robot_description/share/my_robot_description/models/fire_hydrant/thumbnails/1.png\n'}
[1.068705] (my_robot_description) StdoutLine: {'line': b'-- Up-to-date: /home/pratik/ros2_ws/install/my_robot_description/share/my_robot_description/models/fire_hydrant/model.config\n'}
[1.068726] (my_robot_description) StdoutLine: {'line': b'-- Up-to-date: /home/pratik/ros2_ws/install/my_robot_description/share/my_robot_description/models/fire_hydrant/model-1_4.sdf\n'}
[1.068764] (my_robot_description) StdoutLine: {'line': b'-- Up-to-date: /home/pratik/ros2_ws/install/my_robot_description/share/my_robot_description/models/Mine Cart\n'}
[1.068804] (my_robot_description) StdoutLine: {'line': b'-- Up-to-date: /home/pratik/ros2_ws/install/my_robot_description/share/my_robot_description/models/Mine Cart/meshes\n'}
[1.068825] (my_robot_description) StdoutLine: {'line': b'-- Up-to-date: /home/pratik/ros2_ws/install/my_robot_description/share/my_robot_description/models/Mine Cart/meshes/minecart.dae\n'}
[1.068845] (my_robot_description) StdoutLine: {'line': b'-- Up-to-date: /home/pratik/ros2_ws/install/my_robot_description/share/my_robot_description/models/Mine Cart/model.sdf\n'}
[1.068865] (my_robot_description) StdoutLine: {'line': b'-- Up-to-date: /home/pratik/ros2_ws/install/my_robot_description/share/my_robot_description/models/Mine Cart/metadata.pbtxt\n'}
[1.068885] (my_robot_description) StdoutLine: {'line': b'-- Up-to-date: /home/pratik/ros2_ws/install/my_robot_description/share/my_robot_description/models/Mine Cart/materials\n'}
[1.068906] (my_robot_description) StdoutLine: {'line': b'-- Up-to-date: /home/pratik/ros2_ws/install/my_robot_description/share/my_robot_description/models/Mine Cart/materials/scripts\n'}
[1.068928] (my_robot_description) StdoutLine: {'line': b'-- Up-to-date: /home/pratik/ros2_ws/install/my_robot_description/share/my_robot_description/models/Mine Cart/materials/scripts/model.material\n'}
[1.068950] (my_robot_description) StdoutLine: {'line': b'-- Up-to-date: /home/pratik/ros2_ws/install/my_robot_description/share/my_robot_description/models/Mine Cart/materials/textures\n'}
[1.068971] (my_robot_description) StdoutLine: {'line': b'-- Up-to-date: /home/pratik/ros2_ws/install/my_robot_description/share/my_robot_description/models/Mine Cart/materials/textures/MineCart_Roughness.png\n'}
[1.068993] (my_robot_description) StdoutLine: {'line': b'-- Up-to-date: /home/pratik/ros2_ws/install/my_robot_description/share/my_robot_description/models/Mine Cart/materials/textures/MineCart_Albedo.png\n'}
[1.069014] (my_robot_description) StdoutLine: {'line': b'-- Up-to-date: /home/pratik/ros2_ws/install/my_robot_description/share/my_robot_description/models/Mine Cart/materials/textures/MineCart_Metalness.png\n'}
[1.069036] (my_robot_description) StdoutLine: {'line': b'-- Up-to-date: /home/pratik/ros2_ws/install/my_robot_description/share/my_robot_description/models/Mine Cart/thumbnails\n'}
[1.069057] (my_robot_description) StdoutLine: {'line': b'-- Up-to-date: /home/pratik/ros2_ws/install/my_robot_description/share/my_robot_description/models/Mine Cart/thumbnails/2.png\n'}
[1.069078] (my_robot_description) StdoutLine: {'line': b'-- Up-to-date: /home/pratik/ros2_ws/install/my_robot_description/share/my_robot_description/models/Mine Cart/thumbnails/4.png\n'}
[1.069099] (my_robot_description) StdoutLine: {'line': b'-- Up-to-date: /home/pratik/ros2_ws/install/my_robot_description/share/my_robot_description/models/Mine Cart/thumbnails/3.png\n'}
[1.069120] (my_robot_description) StdoutLine: {'line': b'-- Up-to-date: /home/pratik/ros2_ws/install/my_robot_description/share/my_robot_description/models/Mine Cart/thumbnails/1.png\n'}
[1.069141] (my_robot_description) StdoutLine: {'line': b'-- Up-to-date: /home/pratik/ros2_ws/install/my_robot_description/share/my_robot_description/models/Mine Cart/model.config\n'}
[1.069163] (my_robot_description) StdoutLine: {'line': b'-- Up-to-date: /home/pratik/ros2_ws/install/my_robot_description/share/my_robot_description/models/nist_maze_wall_120\n'}
[1.069184] (my_robot_description) StdoutLine: {'line': b'-- Up-to-date: /home/pratik/ros2_ws/install/my_robot_description/share/my_robot_description/models/nist_maze_wall_120/meshes\n'}
[1.069205] (my_robot_description) StdoutLine: {'line': b'-- Up-to-date: /home/pratik/ros2_ws/install/my_robot_description/share/my_robot_description/models/nist_maze_wall_120/meshes/nist_maze_wall_120.dae\n'}
[1.069228] (my_robot_description) StdoutLine: {'line': b'-- Up-to-date: /home/pratik/ros2_ws/install/my_robot_description/share/my_robot_description/models/nist_maze_wall_120/model.sdf\n'}
[1.069271] (my_robot_description) StdoutLine: {'line': b'-- Up-to-date: /home/pratik/ros2_ws/install/my_robot_description/share/my_robot_description/models/nist_maze_wall_120/materials\n'}
[1.069292] (my_robot_description) StdoutLine: {'line': b'-- Up-to-date: /home/pratik/ros2_ws/install/my_robot_description/share/my_robot_description/models/nist_maze_wall_120/materials/textures\n'}
[1.069312] (my_robot_description) StdoutLine: {'line': b'-- Up-to-date: /home/pratik/ros2_ws/install/my_robot_description/share/my_robot_description/models/nist_maze_wall_120/materials/textures/plywood256x256.png\n'}
[1.069333] (my_robot_description) StdoutLine: {'line': b'-- Up-to-date: /home/pratik/ros2_ws/install/my_robot_description/share/my_robot_description/models/nist_maze_wall_120/model-1_2.sdf\n'}
[1.069354] (my_robot_description) StdoutLine: {'line': b'-- Up-to-date: /home/pratik/ros2_ws/install/my_robot_description/share/my_robot_description/models/nist_maze_wall_120/thumbnails\n'}
[1.069374] (my_robot_description) StdoutLine: {'line': b'-- Up-to-date: /home/pratik/ros2_ws/install/my_robot_description/share/my_robot_description/models/nist_maze_wall_120/thumbnails/2.png\n'}
[1.069394] (my_robot_description) StdoutLine: {'line': b'-- Up-to-date: /home/pratik/ros2_ws/install/my_robot_description/share/my_robot_description/models/nist_maze_wall_120/thumbnails/5.png\n'}
[1.069414] (my_robot_description) StdoutLine: {'line': b'-- Up-to-date: /home/pratik/ros2_ws/install/my_robot_description/share/my_robot_description/models/nist_maze_wall_120/thumbnails/4.png\n'}
[1.069435] (my_robot_description) StdoutLine: {'line': b'-- Up-to-date: /home/pratik/ros2_ws/install/my_robot_description/share/my_robot_description/models/nist_maze_wall_120/thumbnails/3.png\n'}
[1.069454] (my_robot_description) StdoutLine: {'line': b'-- Up-to-date: /home/pratik/ros2_ws/install/my_robot_description/share/my_robot_description/models/nist_maze_wall_120/thumbnails/1.png\n'}
[1.069474] (my_robot_description) StdoutLine: {'line': b'-- Up-to-date: /home/pratik/ros2_ws/install/my_robot_description/share/my_robot_description/models/nist_maze_wall_120/model.config\n'}
[1.069494] (my_robot_description) StdoutLine: {'line': b'-- Up-to-date: /home/pratik/ros2_ws/install/my_robot_description/share/my_robot_description/models/nist_maze_wall_120/model-1_3.sdf\n'}
[1.069513] (my_robot_description) StdoutLine: {'line': b'-- Up-to-date: /home/pratik/ros2_ws/install/my_robot_description/share/my_robot_description/models/nist_maze_wall_120/model-1_4.sdf\n'}
[1.069533] (my_robot_description) StdoutLine: {'line': b'-- Up-to-date: /home/pratik/ros2_ws/install/my_robot_description/share/my_robot_description/models/Sofa\n'}
[1.069553] (my_robot_description) StdoutLine: {'line': b'-- Up-to-date: /home/pratik/ros2_ws/install/my_robot_description/share/my_robot_description/models/Sofa/meshes\n'}
[1.069572] (my_robot_description) StdoutLine: {'line': b'-- Up-to-date: /home/pratik/ros2_ws/install/my_robot_description/share/my_robot_description/models/Sofa/meshes/SofaDiffuse.png\n'}
[1.069591] (my_robot_description) StdoutLine: {'line': b'-- Up-to-date: /home/pratik/ros2_ws/install/my_robot_description/share/my_robot_description/models/Sofa/meshes/Sofa.obj\n'}
[1.069611] (my_robot_description) StdoutLine: {'line': b'-- Up-to-date: /home/pratik/ros2_ws/install/my_robot_description/share/my_robot_description/models/Sofa/meshes/Sofa.mtl\n'}
[1.069634] (my_robot_description) StdoutLine: {'line': b'-- Up-to-date: /home/pratik/ros2_ws/install/my_robot_description/share/my_robot_description/models/Sofa/model.sdf\n'}
[1.069653] (my_robot_description) StdoutLine: {'line': b'-- Up-to-date: /home/pratik/ros2_ws/install/my_robot_description/share/my_robot_description/models/Sofa/thumbnails\n'}
[1.069674] (my_robot_description) StdoutLine: {'line': b'-- Up-to-date: /home/pratik/ros2_ws/install/my_robot_description/share/my_robot_description/models/Sofa/thumbnails/2.png\n'}
[1.069695] (my_robot_description) StdoutLine: {'line': b'-- Up-to-date: /home/pratik/ros2_ws/install/my_robot_description/share/my_robot_description/models/Sofa/thumbnails/5.png\n'}
[1.069717] (my_robot_description) StdoutLine: {'line': b'-- Up-to-date: /home/pratik/ros2_ws/install/my_robot_description/share/my_robot_description/models/Sofa/thumbnails/4.png\n'}
[1.069738] (my_robot_description) StdoutLine: {'line': b'-- Up-to-date: /home/pratik/ros2_ws/install/my_robot_description/share/my_robot_description/models/Sofa/thumbnails/3.png\n'}
[1.069758] (my_robot_description) StdoutLine: {'line': b'-- Up-to-date: /home/pratik/ros2_ws/install/my_robot_description/share/my_robot_description/models/Sofa/thumbnails/1.png\n'}
[1.069778] (my_robot_description) StdoutLine: {'line': b'-- Up-to-date: /home/pratik/ros2_ws/install/my_robot_description/share/my_robot_description/models/Sofa/model.config\n'}
[1.069798] (my_robot_description) StdoutLine: {'line': b'-- Up-to-date: /home/pratik/ros2_ws/install/my_robot_description/share/my_robot_description/models/table_marble\n'}
[1.069818] (my_robot_description) StdoutLine: {'line': b'-- Up-to-date: /home/pratik/ros2_ws/install/my_robot_description/share/my_robot_description/models/table_marble/meshes\n'}
[1.069838] (my_robot_description) StdoutLine: {'line': b'-- Up-to-date: /home/pratik/ros2_ws/install/my_robot_description/share/my_robot_description/models/table_marble/meshes/table_lightmap.png\n'}
[1.069857] (my_robot_description) StdoutLine: {'line': b'-- Up-to-date: /home/pratik/ros2_ws/install/my_robot_description/share/my_robot_description/models/table_marble/meshes/table_lightmap.dae\n'}
[1.069878] (my_robot_description) StdoutLine: {'line': b'-- Up-to-date: /home/pratik/ros2_ws/install/my_robot_description/share/my_robot_description/models/table_marble/meshes/marble.png\n'}
[1.069898] (my_robot_description) StdoutLine: {'line': b'-- Up-to-date: /home/pratik/ros2_ws/install/my_robot_description/share/my_robot_description/models/table_marble/model.sdf\n'}
[1.069918] (my_robot_description) StdoutLine: {'line': b'-- Up-to-date: /home/pratik/ros2_ws/install/my_robot_description/share/my_robot_description/models/table_marble/materials\n'}
[1.069937] (my_robot_description) StdoutLine: {'line': b'-- Up-to-date: /home/pratik/ros2_ws/install/my_robot_description/share/my_robot_description/models/table_marble/materials/scripts\n'}
[1.069957] (my_robot_description) StdoutLine: {'line': b'-- Up-to-date: /home/pratik/ros2_ws/install/my_robot_description/share/my_robot_description/models/table_marble/materials/scripts/table_lightmap.material\n'}
[1.069977] (my_robot_description) StdoutLine: {'line': b'-- Up-to-date: /home/pratik/ros2_ws/install/my_robot_description/share/my_robot_description/models/table_marble/materials/textures\n'}
[1.069999] (my_robot_description) StdoutLine: {'line': b'-- Up-to-date: /home/pratik/ros2_ws/install/my_robot_description/share/my_robot_description/models/table_marble/materials/textures/table_lightmap.png\n'}
[1.070018] (my_robot_description) StdoutLine: {'line': b'-- Up-to-date: /home/pratik/ros2_ws/install/my_robot_description/share/my_robot_description/models/table_marble/materials/textures/marble.png\n'}
[1.070039] (my_robot_description) StdoutLine: {'line': b'-- Up-to-date: /home/pratik/ros2_ws/install/my_robot_description/share/my_robot_description/models/table_marble/thumbnails\n'}
[1.070058] (my_robot_description) StdoutLine: {'line': b'-- Up-to-date: /home/pratik/ros2_ws/install/my_robot_description/share/my_robot_description/models/table_marble/thumbnails/2.png\n'}
[1.070078] (my_robot_description) StdoutLine: {'line': b'-- Up-to-date: /home/pratik/ros2_ws/install/my_robot_description/share/my_robot_description/models/table_marble/thumbnails/5.png\n'}
[1.070098] (my_robot_description) StdoutLine: {'line': b'-- Up-to-date: /home/pratik/ros2_ws/install/my_robot_description/share/my_robot_description/models/table_marble/thumbnails/4.png\n'}
[1.070148] (my_robot_description) StdoutLine: {'line': b'-- Up-to-date: /home/pratik/ros2_ws/install/my_robot_description/share/my_robot_description/models/table_marble/thumbnails/3.png\n'}
[1.070170] (my_robot_description) StdoutLine: {'line': b'-- Up-to-date: /home/pratik/ros2_ws/install/my_robot_description/share/my_robot_description/models/table_marble/thumbnails/1.png\n'}
[1.070193] (my_robot_description) StdoutLine: {'line': b'-- Up-to-date: /home/pratik/ros2_ws/install/my_robot_description/share/my_robot_description/models/table_marble/model.config\n'}
[1.070299] (my_robot_description) StdoutLine: {'line': b'-- Up-to-date: /home/pratik/ros2_ws/install/my_robot_description/share/my_robot_description/models/table_marble/model-1_4.sdf\n'}
[1.070324] (my_robot_description) StdoutLine: {'line': b'-- Up-to-date: /home/pratik/ros2_ws/install/my_robot_description/share/my_robot_description/models/coke_can_steel\n'}
[1.070346] (my_robot_description) StdoutLine: {'line': b'-- Up-to-date: /home/pratik/ros2_ws/install/my_robot_description/share/my_robot_description/models/coke_can_steel/meshes\n'}
[1.070368] (my_robot_description) StdoutLine: {'line': b'-- Up-to-date: /home/pratik/ros2_ws/install/my_robot_description/share/my_robot_description/models/coke_can_steel/meshes/coke_can.png\n'}
[1.070389] (my_robot_description) StdoutLine: {'line': b'-- Up-to-date: /home/pratik/ros2_ws/install/my_robot_description/share/my_robot_description/models/coke_can_steel/meshes/coke_can.mtl\n'}
[1.070410] (my_robot_description) StdoutLine: {'line': b'-- Up-to-date: /home/pratik/ros2_ws/install/my_robot_description/share/my_robot_description/models/coke_can_steel/meshes/coke_can.obj\n'}
[1.070431] (my_robot_description) StdoutLine: {'line': b'-- Up-to-date: /home/pratik/ros2_ws/install/my_robot_description/share/my_robot_description/models/coke_can_steel/model.sdf\n'}
[1.070453] (my_robot_description) StdoutLine: {'line': b'-- Up-to-date: /home/pratik/ros2_ws/install/my_robot_description/share/my_robot_description/models/coke_can_steel/thumbnails\n'}
[1.070474] (my_robot_description) StdoutLine: {'line': b'-- Up-to-date: /home/pratik/ros2_ws/install/my_robot_description/share/my_robot_description/models/coke_can_steel/thumbnails/2.png\n'}
[1.070495] (my_robot_description) StdoutLine: {'line': b'-- Up-to-date: /home/pratik/ros2_ws/install/my_robot_description/share/my_robot_description/models/coke_can_steel/thumbnails/1.png\n'}
[1.070517] (my_robot_description) StdoutLine: {'line': b'-- Up-to-date: /home/pratik/ros2_ws/install/my_robot_description/share/my_robot_description/models/coke_can_steel/model.config\n'}
[1.070538] (my_robot_description) StdoutLine: {'line': b'-- Up-to-date: /home/pratik/ros2_ws/install/my_robot_description/share/my_robot_description/models/red_ball_10in\n'}
[1.070557] (my_robot_description) StdoutLine: {'line': b'-- Up-to-date: /home/pratik/ros2_ws/install/my_robot_description/share/my_robot_description/models/red_ball_10in/model.sdf\n'}
[1.070578] (my_robot_description) StdoutLine: {'line': b'-- Up-to-date: /home/pratik/ros2_ws/install/my_robot_description/share/my_robot_description/models/red_ball_10in/thumbnails\n'}
[1.070601] (my_robot_description) StdoutLine: {'line': b'-- Up-to-date: /home/pratik/ros2_ws/install/my_robot_description/share/my_robot_description/models/red_ball_10in/thumbnails/1.png\n'}
[1.070622] (my_robot_description) StdoutLine: {'line': b'-- Up-to-date: /home/pratik/ros2_ws/install/my_robot_description/share/my_robot_description/models/red_ball_10in/model.config\n'}
[1.070644] (my_robot_description) StdoutLine: {'line': b'-- Up-to-date: /home/pratik/ros2_ws/install/my_robot_description/share/my_robot_description/models/dumpster\n'}
[1.070665] (my_robot_description) StdoutLine: {'line': b'-- Up-to-date: /home/pratik/ros2_ws/install/my_robot_description/share/my_robot_description/models/dumpster/meshes\n'}
[1.070686] (my_robot_description) StdoutLine: {'line': b'-- Up-to-date: /home/pratik/ros2_ws/install/my_robot_description/share/my_robot_description/models/dumpster/meshes/dumpster.dae\n'}
[1.070708] (my_robot_description) StdoutLine: {'line': b'-- Up-to-date: /home/pratik/ros2_ws/install/my_robot_description/share/my_robot_description/models/dumpster/model.sdf\n'}
[1.070730] (my_robot_description) StdoutLine: {'line': b'-- Up-to-date: /home/pratik/ros2_ws/install/my_robot_description/share/my_robot_description/models/dumpster/materials\n'}
[1.070760] (my_robot_description) StdoutLine: {'line': b'-- Up-to-date: /home/pratik/ros2_ws/install/my_robot_description/share/my_robot_description/models/dumpster/materials/scripts\n'}
[1.070782] (my_robot_description) StdoutLine: {'line': b'-- Up-to-date: /home/pratik/ros2_ws/install/my_robot_description/share/my_robot_description/models/dumpster/materials/scripts/dumpster.material\n'}
[1.070805] (my_robot_description) StdoutLine: {'line': b'-- Up-to-date: /home/pratik/ros2_ws/install/my_robot_description/share/my_robot_description/models/dumpster/materials/textures\n'}
[1.070829] (my_robot_description) StdoutLine: {'line': b'-- Up-to-date: /home/pratik/ros2_ws/install/my_robot_description/share/my_robot_description/models/dumpster/materials/textures/Dumpster_Spec.png\n'}
[1.070851] (my_robot_description) StdoutLine: {'line': b'-- Up-to-date: /home/pratik/ros2_ws/install/my_robot_description/share/my_robot_description/models/dumpster/materials/textures/Dumpster_Diffuse.png\n'}
[1.070873] (my_robot_description) StdoutLine: {'line': b'-- Up-to-date: /home/pratik/ros2_ws/install/my_robot_description/share/my_robot_description/models/dumpster/thumbnails\n'}
[1.070894] (my_robot_description) StdoutLine: {'line': b'-- Up-to-date: /home/pratik/ros2_ws/install/my_robot_description/share/my_robot_description/models/dumpster/thumbnails/2.png\n'}
[1.070915] (my_robot_description) StdoutLine: {'line': b'-- Up-to-date: /home/pratik/ros2_ws/install/my_robot_description/share/my_robot_description/models/dumpster/thumbnails/5.png\n'}
[1.070938] (my_robot_description) StdoutLine: {'line': b'-- Up-to-date: /home/pratik/ros2_ws/install/my_robot_description/share/my_robot_description/models/dumpster/thumbnails/4.png\n'}
[1.070959] (my_robot_description) StdoutLine: {'line': b'-- Up-to-date: /home/pratik/ros2_ws/install/my_robot_description/share/my_robot_description/models/dumpster/thumbnails/3.png\n'}
[1.070980] (my_robot_description) StdoutLine: {'line': b'-- Up-to-date: /home/pratik/ros2_ws/install/my_robot_description/share/my_robot_description/models/dumpster/thumbnails/1.png\n'}
[1.071002] (my_robot_description) StdoutLine: {'line': b'-- Up-to-date: /home/pratik/ros2_ws/install/my_robot_description/share/my_robot_description/models/dumpster/model.config\n'}
[1.071023] (my_robot_description) StdoutLine: {'line': b'-- Up-to-date: /home/pratik/ros2_ws/install/my_robot_description/share/my_robot_description/models/dumpster/model-1_3.sdf\n'}
[1.071044] (my_robot_description) StdoutLine: {'line': b'-- Up-to-date: /home/pratik/ros2_ws/install/my_robot_description/share/my_robot_description/models/dumpster/model-1_4.sdf\n'}
[1.071065] (my_robot_description) StdoutLine: {'line': b'-- Up-to-date: /home/pratik/ros2_ws/install/my_robot_description/share/my_robot_description/models/cafe_table\n'}
[1.071086] (my_robot_description) StdoutLine: {'line': b'-- Up-to-date: /home/pratik/ros2_ws/install/my_robot_description/share/my_robot_description/models/cafe_table/meshes\n'}
[1.071108] (my_robot_description) StdoutLine: {'line': b'-- Up-to-date: /home/pratik/ros2_ws/install/my_robot_description/share/my_robot_description/models/cafe_table/meshes/cafe_table.dae\n'}
[1.071129] (my_robot_description) StdoutLine: {'line': b'-- Up-to-date: /home/pratik/ros2_ws/install/my_robot_description/share/my_robot_description/models/cafe_table/meshes/Wood_Floor_Dark.jpg\n'}
[1.071151] (my_robot_description) StdoutLine: {'line': b'-- Up-to-date: /home/pratik/ros2_ws/install/my_robot_description/share/my_robot_description/models/cafe_table/meshes/Maple.jpg\n'}
[1.071172] (my_robot_description) StdoutLine: {'line': b'-- Up-to-date: /home/pratik/ros2_ws/install/my_robot_description/share/my_robot_description/models/cafe_table/model.sdf\n'}
[1.071194] (my_robot_description) StdoutLine: {'line': b'-- Up-to-date: /home/pratik/ros2_ws/install/my_robot_description/share/my_robot_description/models/cafe_table/materials\n'}
[1.071216] (my_robot_description) StdoutLine: {'line': b'-- Up-to-date: /home/pratik/ros2_ws/install/my_robot_description/share/my_robot_description/models/cafe_table/materials/textures\n'}
[1.071516] (my_robot_description) StdoutLine: {'line': b'-- Up-to-date: /home/pratik/ros2_ws/install/my_robot_description/share/my_robot_description/models/cafe_table/materials/textures/Wood_Floor_Dark.jpg\n'}
[1.071608] (my_robot_description) StdoutLine: {'line': b'-- Up-to-date: /home/pratik/ros2_ws/install/my_robot_description/share/my_robot_description/models/cafe_table/materials/textures/Maple.jpg\n'}
[1.071638] (my_robot_description) StdoutLine: {'line': b'-- Up-to-date: /home/pratik/ros2_ws/install/my_robot_description/share/my_robot_description/models/cafe_table/thumbnails\n'}
[1.071664] (my_robot_description) StdoutLine: {'line': b'-- Up-to-date: /home/pratik/ros2_ws/install/my_robot_description/share/my_robot_description/models/cafe_table/thumbnails/2.png\n'}
[1.071688] (my_robot_description) StdoutLine: {'line': b'-- Up-to-date: /home/pratik/ros2_ws/install/my_robot_description/share/my_robot_description/models/cafe_table/thumbnails/5.png\n'}
[1.071711] (my_robot_description) StdoutLine: {'line': b'-- Up-to-date: /home/pratik/ros2_ws/install/my_robot_description/share/my_robot_description/models/cafe_table/thumbnails/4.png\n'}
[1.071734] (my_robot_description) StdoutLine: {'line': b'-- Up-to-date: /home/pratik/ros2_ws/install/my_robot_description/share/my_robot_description/models/cafe_table/thumbnails/3.png\n'}
[1.071756] (my_robot_description) StdoutLine: {'line': b'-- Up-to-date: /home/pratik/ros2_ws/install/my_robot_description/share/my_robot_description/models/cafe_table/thumbnails/1.png\n'}
[1.071779] (my_robot_description) StdoutLine: {'line': b'-- Up-to-date: /home/pratik/ros2_ws/install/my_robot_description/share/my_robot_description/models/cafe_table/model.config\n'}
[1.071801] (my_robot_description) StdoutLine: {'line': b'-- Up-to-date: /home/pratik/ros2_ws/install/my_robot_description/share/my_robot_description/models/cafe_table/model-1_4.sdf\n'}
[1.071989] (my_robot_description) StdoutLine: {'line': b'-- Up-to-date: /home/pratik/ros2_ws/install/my_robot_description/share/my_robot_description/models/rescue_randy\n'}
[1.072017] (my_robot_description) StdoutLine: {'line': b'-- Up-to-date: /home/pratik/ros2_ws/install/my_robot_description/share/my_robot_description/models/rescue_randy/meshes\n'}
[1.072041] (my_robot_description) StdoutLine: {'line': b'-- Up-to-date: /home/pratik/ros2_ws/install/my_robot_description/share/my_robot_description/models/rescue_randy/meshes/rescue_randy.dae\n'}
[1.072176] (my_robot_description) StdoutLine: {'line': b'-- Up-to-date: /home/pratik/ros2_ws/install/my_robot_description/share/my_robot_description/models/rescue_randy/model.sdf\n'}
[1.072200] (my_robot_description) StdoutLine: {'line': b'-- Up-to-date: /home/pratik/ros2_ws/install/my_robot_description/share/my_robot_description/models/rescue_randy/materials\n'}
[1.072223] (my_robot_description) StdoutLine: {'line': b'-- Up-to-date: /home/pratik/ros2_ws/install/my_robot_description/share/my_robot_description/models/rescue_randy/materials/scripts\n'}
[1.072252] (my_robot_description) StdoutLine: {'line': b'-- Up-to-date: /home/pratik/ros2_ws/install/my_robot_description/share/my_robot_description/models/rescue_randy/materials/scripts/rescue_randy.material\n'}
[1.072276] (my_robot_description) StdoutLine: {'line': b'-- Up-to-date: /home/pratik/ros2_ws/install/my_robot_description/share/my_robot_description/models/rescue_randy/materials/textures\n'}
[1.072301] (my_robot_description) StdoutLine: {'line': b'-- Up-to-date: /home/pratik/ros2_ws/install/my_robot_description/share/my_robot_description/models/rescue_randy/materials/textures/rescue_randy_metalness.png\n'}
[1.072327] (my_robot_description) StdoutLine: {'line': b'-- Up-to-date: /home/pratik/ros2_ws/install/my_robot_description/share/my_robot_description/models/rescue_randy/materials/textures/rescue_randy_roughness.png\n'}
[1.072350] (my_robot_description) StdoutLine: {'line': b'-- Up-to-date: /home/pratik/ros2_ws/install/my_robot_description/share/my_robot_description/models/rescue_randy/materials/textures/RescueRandy_Thermal.png\n'}
[1.072376] (my_robot_description) StdoutLine: {'line': b'-- Up-to-date: /home/pratik/ros2_ws/install/my_robot_description/share/my_robot_description/models/rescue_randy/materials/textures/rescue_randy_normal.png\n'}
[1.072399] (my_robot_description) StdoutLine: {'line': b'-- Up-to-date: /home/pratik/ros2_ws/install/my_robot_description/share/my_robot_description/models/rescue_randy/materials/textures/rescue_randy_albedo.png\n'}
[1.072420] (my_robot_description) StdoutLine: {'line': b'-- Up-to-date: /home/pratik/ros2_ws/install/my_robot_description/share/my_robot_description/models/rescue_randy/thumbnails\n'}
[1.072442] (my_robot_description) StdoutLine: {'line': b'-- Up-to-date: /home/pratik/ros2_ws/install/my_robot_description/share/my_robot_description/models/rescue_randy/thumbnails/2.png\n'}
[1.072464] (my_robot_description) StdoutLine: {'line': b'-- Up-to-date: /home/pratik/ros2_ws/install/my_robot_description/share/my_robot_description/models/rescue_randy/thumbnails/5.png\n'}
[1.072485] (my_robot_description) StdoutLine: {'line': b'-- Up-to-date: /home/pratik/ros2_ws/install/my_robot_description/share/my_robot_description/models/rescue_randy/thumbnails/4.png\n'}
[1.072507] (my_robot_description) StdoutLine: {'line': b'-- Up-to-date: /home/pratik/ros2_ws/install/my_robot_description/share/my_robot_description/models/rescue_randy/thumbnails/3.png\n'}
[1.072529] (my_robot_description) StdoutLine: {'line': b'-- Up-to-date: /home/pratik/ros2_ws/install/my_robot_description/share/my_robot_description/models/rescue_randy/thumbnails/1.png\n'}
[1.072551] (my_robot_description) StdoutLine: {'line': b'-- Up-to-date: /home/pratik/ros2_ws/install/my_robot_description/share/my_robot_description/models/rescue_randy/model.config\n'}
[1.072573] (my_robot_description) StdoutLine: {'line': b'-- Up-to-date: /home/pratik/ros2_ws/install/my_robot_description/share/my_robot_description/models/Suitcase1H\n'}
[1.072594] (my_robot_description) StdoutLine: {'line': b'-- Up-to-date: /home/pratik/ros2_ws/install/my_robot_description/share/my_robot_description/models/Suitcase1H/meshes\n'}
[1.072615] (my_robot_description) StdoutLine: {'line': b'-- Up-to-date: /home/pratik/ros2_ws/install/my_robot_description/share/my_robot_description/models/Suitcase1H/meshes/Suitcase1H_Col.obj\n'}
[1.072637] (my_robot_description) StdoutLine: {'line': b'-- Up-to-date: /home/pratik/ros2_ws/install/my_robot_description/share/my_robot_description/models/Suitcase1H/meshes/Suitcase1H_Metal.png\n'}
[1.072657] (my_robot_description) StdoutLine: {'line': b'-- Up-to-date: /home/pratik/ros2_ws/install/my_robot_description/share/my_robot_description/models/Suitcase1H/meshes/Suitcase1H_Normal.png\n'}
[1.072677] (my_robot_description) StdoutLine: {'line': b'-- Up-to-date: /home/pratik/ros2_ws/install/my_robot_description/share/my_robot_description/models/Suitcase1H/meshes/Suitcase1H_Rough.png\n'}
[1.072697] (my_robot_description) StdoutLine: {'line': b'-- Up-to-date: /home/pratik/ros2_ws/install/my_robot_description/share/my_robot_description/models/Suitcase1H/meshes/Suitcase1H.obj\n'}
[1.072718] (my_robot_description) StdoutLine: {'line': b'-- Up-to-date: /home/pratik/ros2_ws/install/my_robot_description/share/my_robot_description/models/Suitcase1H/meshes/Suitcase1H.mtl\n'}
[1.072737] (my_robot_description) StdoutLine: {'line': b'-- Up-to-date: /home/pratik/ros2_ws/install/my_robot_description/share/my_robot_description/models/Suitcase1H/meshes/Suitcase1H_Col.mtl\n'}
[1.072761] (my_robot_description) StdoutLine: {'line': b'-- Up-to-date: /home/pratik/ros2_ws/install/my_robot_description/share/my_robot_description/models/Suitcase1H/meshes/Suitcase1H_Diffuse.png\n'}
[1.072782] (my_robot_description) StdoutLine: {'line': b'-- Up-to-date: /home/pratik/ros2_ws/install/my_robot_description/share/my_robot_description/models/Suitcase1H/model.sdf\n'}
[1.072802] (my_robot_description) StdoutLine: {'line': b'-- Up-to-date: /home/pratik/ros2_ws/install/my_robot_description/share/my_robot_description/models/Suitcase1H/thumbnails\n'}
[1.072827] (my_robot_description) StdoutLine: {'line': b'-- Up-to-date: /home/pratik/ros2_ws/install/my_robot_description/share/my_robot_description/models/Suitcase1H/thumbnails/2.png\n'}
[1.072848] (my_robot_description) StdoutLine: {'line': b'-- Up-to-date: /home/pratik/ros2_ws/install/my_robot_description/share/my_robot_description/models/Suitcase1H/thumbnails/5.png\n'}
[1.072922] (my_robot_description) StdoutLine: {'line': b'-- Up-to-date: /home/pratik/ros2_ws/install/my_robot_description/share/my_robot_description/models/Suitcase1H/thumbnails/4.png\n'}
[1.072943] (my_robot_description) StdoutLine: {'line': b'-- Up-to-date: /home/pratik/ros2_ws/install/my_robot_description/share/my_robot_description/models/Suitcase1H/thumbnails/3.png\n'}
[1.072964] (my_robot_description) StdoutLine: {'line': b'-- Up-to-date: /home/pratik/ros2_ws/install/my_robot_description/share/my_robot_description/models/Suitcase1H/thumbnails/1.png\n'}
[1.072985] (my_robot_description) StdoutLine: {'line': b'-- Up-to-date: /home/pratik/ros2_ws/install/my_robot_description/share/my_robot_description/models/Suitcase1H/model.config\n'}
[1.073006] (my_robot_description) StdoutLine: {'line': b'-- Up-to-date: /home/pratik/ros2_ws/install/my_robot_description/share/my_robot_description/models/beer\n'}
[1.073027] (my_robot_description) StdoutLine: {'line': b'-- Up-to-date: /home/pratik/ros2_ws/install/my_robot_description/share/my_robot_description/models/beer/model.sdf\n'}
[1.073047] (my_robot_description) StdoutLine: {'line': b'-- Up-to-date: /home/pratik/ros2_ws/install/my_robot_description/share/my_robot_description/models/beer/materials\n'}
[1.073068] (my_robot_description) StdoutLine: {'line': b'-- Up-to-date: /home/pratik/ros2_ws/install/my_robot_description/share/my_robot_description/models/beer/materials/scripts\n'}
[1.073089] (my_robot_description) StdoutLine: {'line': b'-- Up-to-date: /home/pratik/ros2_ws/install/my_robot_description/share/my_robot_description/models/beer/materials/scripts/beer.material\n'}
[1.073110] (my_robot_description) StdoutLine: {'line': b'-- Up-to-date: /home/pratik/ros2_ws/install/my_robot_description/share/my_robot_description/models/beer/materials/textures\n'}
[1.073131] (my_robot_description) StdoutLine: {'line': b'-- Up-to-date: /home/pratik/ros2_ws/install/my_robot_description/share/my_robot_description/models/beer/materials/textures/beer.png\n'}
[1.073152] (my_robot_description) StdoutLine: {'line': b'-- Up-to-date: /home/pratik/ros2_ws/install/my_robot_description/share/my_robot_description/models/beer/thumbnails\n'}
[1.073173] (my_robot_description) StdoutLine: {'line': b'-- Up-to-date: /home/pratik/ros2_ws/install/my_robot_description/share/my_robot_description/models/beer/thumbnails/2.png\n'}
[1.073194] (my_robot_description) StdoutLine: {'line': b'-- Up-to-date: /home/pratik/ros2_ws/install/my_robot_description/share/my_robot_description/models/beer/thumbnails/5.png\n'}
[1.073215] (my_robot_description) StdoutLine: {'line': b'-- Up-to-date: /home/pratik/ros2_ws/install/my_robot_description/share/my_robot_description/models/beer/thumbnails/4.png\n'}
[1.073239] (my_robot_description) StdoutLine: {'line': b'-- Up-to-date: /home/pratik/ros2_ws/install/my_robot_description/share/my_robot_description/models/beer/thumbnails/3.png\n'}
[1.073261] (my_robot_description) StdoutLine: {'line': b'-- Up-to-date: /home/pratik/ros2_ws/install/my_robot_description/share/my_robot_description/models/beer/thumbnails/1.png\n'}
[1.073284] (my_robot_description) StdoutLine: {'line': b'-- Up-to-date: /home/pratik/ros2_ws/install/my_robot_description/share/my_robot_description/models/beer/model.config\n'}
[1.073306] (my_robot_description) StdoutLine: {'line': b'-- Up-to-date: /home/pratik/ros2_ws/install/my_robot_description/share/my_robot_description/models/beer/model-1_4.sdf\n'}
[1.073327] (my_robot_description) StdoutLine: {'line': b'-- Up-to-date: /home/pratik/ros2_ws/install/my_robot_description/share/my_robot_description/models/person_standing\n'}
[1.073354] (my_robot_description) StdoutLine: {'line': b'-- Up-to-date: /home/pratik/ros2_ws/install/my_robot_description/share/my_robot_description/models/person_standing/meshes\n'}
[1.073376] (my_robot_description) StdoutLine: {'line': b'-- Up-to-date: /home/pratik/ros2_ws/install/my_robot_description/share/my_robot_description/models/person_standing/meshes/standing.dae\n'}
[1.073399] (my_robot_description) StdoutLine: {'line': b'-- Up-to-date: /home/pratik/ros2_ws/install/my_robot_description/share/my_robot_description/models/person_standing/model.sdf\n'}
[1.073420] (my_robot_description) StdoutLine: {'line': b'-- Up-to-date: /home/pratik/ros2_ws/install/my_robot_description/share/my_robot_description/models/person_standing/materials\n'}
[1.073442] (my_robot_description) StdoutLine: {'line': b'-- Up-to-date: /home/pratik/ros2_ws/install/my_robot_description/share/my_robot_description/models/person_standing/materials/textures\n'}
[1.073464] (my_robot_description) StdoutLine: {'line': b'-- Up-to-date: /home/pratik/ros2_ws/install/my_robot_description/share/my_robot_description/models/person_standing/materials/textures/tshirt02_texture.png\n'}
[1.073494] (my_robot_description) StdoutLine: {'line': b'-- Up-to-date: /home/pratik/ros2_ws/install/my_robot_description/share/my_robot_description/models/person_standing/materials/textures/eyebrow001-unmodified.png\n'}
[1.073520] (my_robot_description) StdoutLine: {'line': b'-- Up-to-date: /home/pratik/ros2_ws/install/my_robot_description/share/my_robot_description/models/person_standing/materials/textures/young_lightskinned_male_diffuse.png\n'}
[1.073545] (my_robot_description) StdoutLine: {'line': b'-- Up-to-date: /home/pratik/ros2_ws/install/my_robot_description/share/my_robot_description/models/person_standing/materials/textures/teeth.png\n'}
[1.073568] (my_robot_description) StdoutLine: {'line': b'-- Up-to-date: /home/pratik/ros2_ws/install/my_robot_description/share/my_robot_description/models/person_standing/materials/textures/jeans_basic_diffuse.png\n'}
[1.073590] (my_robot_description) StdoutLine: {'line': b'-- Up-to-date: /home/pratik/ros2_ws/install/my_robot_description/share/my_robot_description/models/person_standing/materials/textures/eyebrow001.png\n'}
[1.073736] (my_robot_description) StdoutLine: {'line': b'-- Up-to-date: /home/pratik/ros2_ws/install/my_robot_description/share/my_robot_description/models/person_standing/materials/textures/green_eye.png\n'}
[1.073764] (my_robot_description) StdoutLine: {'line': b'-- Up-to-date: /home/pratik/ros2_ws/install/my_robot_description/share/my_robot_description/models/person_standing/materials/textures/male02_diffuse_black-unmodified.png\n'}
[1.073788] (my_robot_description) StdoutLine: {'line': b'-- Up-to-date: /home/pratik/ros2_ws/install/my_robot_description/share/my_robot_description/models/person_standing/materials/textures/tshirt02_normals.png\n'}
[1.073809] (my_robot_description) StdoutLine: {'line': b'-- Up-to-date: /home/pratik/ros2_ws/install/my_robot_description/share/my_robot_description/models/person_standing/materials/textures/jeans01_normals.png\n'}
[1.073830] (my_robot_description) StdoutLine: {'line': b'-- Up-to-date: /home/pratik/ros2_ws/install/my_robot_description/share/my_robot_description/models/person_standing/materials/textures/male02_diffuse_black.png\n'}
[1.073851] (my_robot_description) StdoutLine: {'line': b'-- Up-to-date: /home/pratik/ros2_ws/install/my_robot_description/share/my_robot_description/models/person_standing/thumbnails\n'}
[1.073872] (my_robot_description) StdoutLine: {'line': b'-- Up-to-date: /home/pratik/ros2_ws/install/my_robot_description/share/my_robot_description/models/person_standing/thumbnails/2.png\n'}
[1.073893] (my_robot_description) StdoutLine: {'line': b'-- Up-to-date: /home/pratik/ros2_ws/install/my_robot_description/share/my_robot_description/models/person_standing/thumbnails/5.png\n'}
[1.073914] (my_robot_description) StdoutLine: {'line': b'-- Up-to-date: /home/pratik/ros2_ws/install/my_robot_description/share/my_robot_description/models/person_standing/thumbnails/4.png\n'}
[1.073937] (my_robot_description) StdoutLine: {'line': b'-- Up-to-date: /home/pratik/ros2_ws/install/my_robot_description/share/my_robot_description/models/person_standing/thumbnails/3.png\n'}
[1.073958] (my_robot_description) StdoutLine: {'line': b'-- Up-to-date: /home/pratik/ros2_ws/install/my_robot_description/share/my_robot_description/models/person_standing/thumbnails/1.png\n'}
[1.073978] (my_robot_description) StdoutLine: {'line': b'-- Up-to-date: /home/pratik/ros2_ws/install/my_robot_description/share/my_robot_description/models/person_standing/model.config\n'}
[1.073998] (my_robot_description) StdoutLine: {'line': b'-- Up-to-date: /home/pratik/ros2_ws/install/my_robot_description/share/my_robot_description/models/aws_robomaker_warehouse_ClutteringC_01\n'}
[1.074019] (my_robot_description) StdoutLine: {'line': b'-- Up-to-date: /home/pratik/ros2_ws/install/my_robot_description/share/my_robot_description/models/aws_robomaker_warehouse_ClutteringC_01/meshes\n'}
[1.074039] (my_robot_description) StdoutLine: {'line': b'-- Up-to-date: /home/pratik/ros2_ws/install/my_robot_description/share/my_robot_description/models/aws_robomaker_warehouse_ClutteringC_01/meshes/aws_robomaker_warehouse_ClutteringC_01_collision.DAE\n'}
[1.074061] (my_robot_description) StdoutLine: {'line': b'-- Up-to-date: /home/pratik/ros2_ws/install/my_robot_description/share/my_robot_description/models/aws_robomaker_warehouse_ClutteringC_01/meshes/aws_robomaker_warehouse_ClutteringC_01_visual.DAE\n'}
[1.074082] (my_robot_description) StdoutLine: {'line': b'-- Up-to-date: /home/pratik/ros2_ws/install/my_robot_description/share/my_robot_description/models/aws_robomaker_warehouse_ClutteringC_01/model.sdf\n'}
[1.074103] (my_robot_description) StdoutLine: {'line': b'-- Up-to-date: /home/pratik/ros2_ws/install/my_robot_description/share/my_robot_description/models/aws_robomaker_warehouse_ClutteringC_01/metadata.pbtxt\n'}
[1.074124] (my_robot_description) StdoutLine: {'line': b'-- Up-to-date: /home/pratik/ros2_ws/install/my_robot_description/share/my_robot_description/models/aws_robomaker_warehouse_ClutteringC_01/materials\n'}
[1.074145] (my_robot_description) StdoutLine: {'line': b'-- Up-to-date: /home/pratik/ros2_ws/install/my_robot_description/share/my_robot_description/models/aws_robomaker_warehouse_ClutteringC_01/materials/textures\n'}
[1.074166] (my_robot_description) StdoutLine: {'line': b'-- Up-to-date: /home/pratik/ros2_ws/install/my_robot_description/share/my_robot_description/models/aws_robomaker_warehouse_ClutteringC_01/materials/textures/aws_robomaker_warehouse_ClutteringC_01.png\n'}
[1.074262] (my_robot_description) StdoutLine: {'line': b'-- Up-to-date: /home/pratik/ros2_ws/install/my_robot_description/share/my_robot_description/models/aws_robomaker_warehouse_ClutteringC_01/materials/textures/aws_robomaker_warehouse_ClutteringC_02.png\n'}
[1.074296] (my_robot_description) StdoutLine: {'line': b'-- Up-to-date: /home/pratik/ros2_ws/install/my_robot_description/share/my_robot_description/models/aws_robomaker_warehouse_ClutteringC_01/thumbnails\n'}
[1.074319] (my_robot_description) StdoutLine: {'line': b'-- Up-to-date: /home/pratik/ros2_ws/install/my_robot_description/share/my_robot_description/models/aws_robomaker_warehouse_ClutteringC_01/thumbnails/2.png\n'}
[1.074343] (my_robot_description) StdoutLine: {'line': b'-- Up-to-date: /home/pratik/ros2_ws/install/my_robot_description/share/my_robot_description/models/aws_robomaker_warehouse_ClutteringC_01/thumbnails/5.png\n'}
[1.074365] (my_robot_description) StdoutLine: {'line': b'-- Up-to-date: /home/pratik/ros2_ws/install/my_robot_description/share/my_robot_description/models/aws_robomaker_warehouse_ClutteringC_01/thumbnails/4.png\n'}
[1.074388] (my_robot_description) StdoutLine: {'line': b'-- Up-to-date: /home/pratik/ros2_ws/install/my_robot_description/share/my_robot_description/models/aws_robomaker_warehouse_ClutteringC_01/thumbnails/3.png\n'}
[1.074430] (my_robot_description) StdoutLine: {'line': b'-- Up-to-date: /home/pratik/ros2_ws/install/my_robot_description/share/my_robot_description/models/aws_robomaker_warehouse_ClutteringC_01/thumbnails/1.png\n'}
[1.074454] (my_robot_description) StdoutLine: {'line': b'-- Up-to-date: /home/pratik/ros2_ws/install/my_robot_description/share/my_robot_description/models/aws_robomaker_warehouse_ClutteringC_01/model.config\n'}
[1.074477] (my_robot_description) StdoutLine: {'line': b'-- Up-to-date: /home/pratik/ros2_ws/install/my_robot_description/share/my_robot_description/models/Nurse\n'}
[1.074499] (my_robot_description) StdoutLine: {'line': b'-- Up-to-date: /home/pratik/ros2_ws/install/my_robot_description/share/my_robot_description/models/Nurse/meshes\n'}
[1.074522] (my_robot_description) StdoutLine: {'line': b'-- Up-to-date: /home/pratik/ros2_ws/install/my_robot_description/share/my_robot_description/models/Nurse/meshes/Clipboard.png\n'}
[1.074545] (my_robot_description) StdoutLine: {'line': b'-- Up-to-date: /home/pratik/ros2_ws/install/my_robot_description/share/my_robot_description/models/Nurse/meshes/NurseFemaleDiffuse.png\n'}
[1.074567] (my_robot_description) StdoutLine: {'line': b'-- Up-to-date: /home/pratik/ros2_ws/install/my_robot_description/share/my_robot_description/models/Nurse/meshes/Nurse.obj\n'}
[1.074608] (my_robot_description) StdoutLine: {'line': b'-- Up-to-date: /home/pratik/ros2_ws/install/my_robot_description/share/my_robot_description/models/Nurse/meshes/Nurse_Col.obj\n'}
[1.074629] (my_robot_description) StdoutLine: {'line': b'-- Up-to-date: /home/pratik/ros2_ws/install/my_robot_description/share/my_robot_description/models/Nurse/meshes/Nurse_Col.mtl\n'}
[1.074650] (my_robot_description) StdoutLine: {'line': b'-- Up-to-date: /home/pratik/ros2_ws/install/my_robot_description/share/my_robot_description/models/Nurse/meshes/Nurse.mtl\n'}
[1.074671] (my_robot_description) StdoutLine: {'line': b'-- Up-to-date: /home/pratik/ros2_ws/install/my_robot_description/share/my_robot_description/models/Nurse/model.sdf\n'}
[1.074691] (my_robot_description) StdoutLine: {'line': b'-- Up-to-date: /home/pratik/ros2_ws/install/my_robot_description/share/my_robot_description/models/Nurse/thumbnails\n'}
[1.074711] (my_robot_description) StdoutLine: {'line': b'-- Up-to-date: /home/pratik/ros2_ws/install/my_robot_description/share/my_robot_description/models/Nurse/thumbnails/2.png\n'}
[1.074731] (my_robot_description) StdoutLine: {'line': b'-- Up-to-date: /home/pratik/ros2_ws/install/my_robot_description/share/my_robot_description/models/Nurse/thumbnails/5.png\n'}
[1.074751] (my_robot_description) StdoutLine: {'line': b'-- Up-to-date: /home/pratik/ros2_ws/install/my_robot_description/share/my_robot_description/models/Nurse/thumbnails/4.png\n'}
[1.074772] (my_robot_description) StdoutLine: {'line': b'-- Up-to-date: /home/pratik/ros2_ws/install/my_robot_description/share/my_robot_description/models/Nurse/thumbnails/3.png\n'}
[1.074793] (my_robot_description) StdoutLine: {'line': b'-- Up-to-date: /home/pratik/ros2_ws/install/my_robot_description/share/my_robot_description/models/Nurse/thumbnails/1.png\n'}
[1.074813] (my_robot_description) StdoutLine: {'line': b'-- Up-to-date: /home/pratik/ros2_ws/install/my_robot_description/share/my_robot_description/models/Nurse/model.config\n'}
[1.074833] (my_robot_description) StdoutLine: {'line': b'-- Up-to-date: /home/pratik/ros2_ws/install/my_robot_description/share/ament_index/resource_index/package_run_dependencies/my_robot_description\n'}
[1.074853] (my_robot_description) StdoutLine: {'line': b'-- Up-to-date: /home/pratik/ros2_ws/install/my_robot_description/share/ament_index/resource_index/parent_prefix_path/my_robot_description\n'}
[1.074874] (my_robot_description) StdoutLine: {'line': b'-- Up-to-date: /home/pratik/ros2_ws/install/my_robot_description/share/my_robot_description/environment/ament_prefix_path.sh\n'}
[1.074894] (my_robot_description) StdoutLine: {'line': b'-- Installing: /home/pratik/ros2_ws/install/my_robot_description/share/my_robot_description/environment/ament_prefix_path.dsv\n'}
[1.074935] (my_robot_description) StdoutLine: {'line': b'-- Up-to-date: /home/pratik/ros2_ws/install/my_robot_description/share/my_robot_description/environment/path.sh\n'}
[1.074957] (my_robot_description) StdoutLine: {'line': b'-- Installing: /home/pratik/ros2_ws/install/my_robot_description/share/my_robot_description/environment/path.dsv\n'}
[1.074978] (my_robot_description) StdoutLine: {'line': b'-- Up-to-date: /home/pratik/ros2_ws/install/my_robot_description/share/my_robot_description/local_setup.bash\n'}
[1.074998] (my_robot_description) StdoutLine: {'line': b'-- Up-to-date: /home/pratik/ros2_ws/install/my_robot_description/share/my_robot_description/local_setup.sh\n'}
[1.075019] (my_robot_description) StdoutLine: {'line': b'-- Up-to-date: /home/pratik/ros2_ws/install/my_robot_description/share/my_robot_description/local_setup.zsh\n'}
[1.075039] (my_robot_description) StdoutLine: {'line': b'-- Installing: /home/pratik/ros2_ws/install/my_robot_description/share/my_robot_description/local_setup.dsv\n'}
[1.075059] (my_robot_description) StdoutLine: {'line': b'-- Installing: /home/pratik/ros2_ws/install/my_robot_description/share/my_robot_description/package.dsv\n'}
[1.075080] (my_robot_description) StdoutLine: {'line': b'-- Up-to-date: /home/pratik/ros2_ws/install/my_robot_description/share/ament_index/resource_index/packages/my_robot_description\n'}
[1.075100] (my_robot_description) StdoutLine: {'line': b'-- Up-to-date: /home/pratik/ros2_ws/install/my_robot_description/share/my_robot_description/cmake/export_my_robot_description__rosidl_generator_cExport.cmake\n'}
[1.075121] (my_robot_description) StdoutLine: {'line': b'-- Up-to-date: /home/pratik/ros2_ws/install/my_robot_description/share/my_robot_description/cmake/export_my_robot_description__rosidl_generator_cExport-noconfig.cmake\n'}
[1.075141] (my_robot_description) StdoutLine: {'line': b'-- Up-to-date: /home/pratik/ros2_ws/install/my_robot_description/share/my_robot_description/cmake/export_my_robot_description__rosidl_typesupport_fastrtps_cExport.cmake\n'}
[1.075191] (my_robot_description) StdoutLine: {'line': b'-- Up-to-date: /home/pratik/ros2_ws/install/my_robot_description/share/my_robot_description/cmake/export_my_robot_description__rosidl_typesupport_fastrtps_cExport-noconfig.cmake\n'}
[1.075212] (my_robot_description) StdoutLine: {'line': b'-- Up-to-date: /home/pratik/ros2_ws/install/my_robot_description/share/my_robot_description/cmake/export_my_robot_description__rosidl_generator_cppExport.cmake\n'}
[1.075236] (my_robot_description) StdoutLine: {'line': b'-- Up-to-date: /home/pratik/ros2_ws/install/my_robot_description/share/my_robot_description/cmake/export_my_robot_description__rosidl_typesupport_fastrtps_cppExport.cmake\n'}
[1.075258] (my_robot_description) StdoutLine: {'line': b'-- Up-to-date: /home/pratik/ros2_ws/install/my_robot_description/share/my_robot_description/cmake/export_my_robot_description__rosidl_typesupport_fastrtps_cppExport-noconfig.cmake\n'}
[1.075282] (my_robot_description) StdoutLine: {'line': b'-- Up-to-date: /home/pratik/ros2_ws/install/my_robot_description/share/my_robot_description/cmake/my_robot_description__rosidl_typesupport_introspection_cExport.cmake\n'}
[1.075304] (my_robot_description) StdoutLine: {'line': b'-- Up-to-date: /home/pratik/ros2_ws/install/my_robot_description/share/my_robot_description/cmake/my_robot_description__rosidl_typesupport_introspection_cExport-noconfig.cmake\n'}
[1.075326] (my_robot_description) StdoutLine: {'line': b'-- Up-to-date: /home/pratik/ros2_ws/install/my_robot_description/share/my_robot_description/cmake/my_robot_description__rosidl_typesupport_cExport.cmake\n'}
[1.075350] (my_robot_description) StdoutLine: {'line': b'-- Up-to-date: /home/pratik/ros2_ws/install/my_robot_description/share/my_robot_description/cmake/my_robot_description__rosidl_typesupport_cExport-noconfig.cmake\n'}
[1.075387] (my_robot_description) StdoutLine: {'line': b'-- Up-to-date: /home/pratik/ros2_ws/install/my_robot_description/share/my_robot_description/cmake/my_robot_description__rosidl_typesupport_introspection_cppExport.cmake\n'}
[1.075414] (my_robot_description) StdoutLine: {'line': b'-- Up-to-date: /home/pratik/ros2_ws/install/my_robot_description/share/my_robot_description/cmake/my_robot_description__rosidl_typesupport_introspection_cppExport-noconfig.cmake\n'}
[1.075440] (my_robot_description) StdoutLine: {'line': b'-- Up-to-date: /home/pratik/ros2_ws/install/my_robot_description/share/my_robot_description/cmake/my_robot_description__rosidl_typesupport_cppExport.cmake\n'}
[1.075463] (my_robot_description) StdoutLine: {'line': b'-- Up-to-date: /home/pratik/ros2_ws/install/my_robot_description/share/my_robot_description/cmake/my_robot_description__rosidl_typesupport_cppExport-noconfig.cmake\n'}
[1.075485] (my_robot_description) StdoutLine: {'line': b'-- Up-to-date: /home/pratik/ros2_ws/install/my_robot_description/share/my_robot_description/cmake/export_my_robot_description__rosidl_generator_pyExport.cmake\n'}
[1.075508] (my_robot_description) StdoutLine: {'line': b'-- Up-to-date: /home/pratik/ros2_ws/install/my_robot_description/share/my_robot_description/cmake/export_my_robot_description__rosidl_generator_pyExport-noconfig.cmake\n'}
[1.075530] (my_robot_description) StdoutLine: {'line': b'-- Up-to-date: /home/pratik/ros2_ws/install/my_robot_description/share/my_robot_description/cmake/rosidl_cmake-extras.cmake\n'}
[1.075600] (my_robot_description) StdoutLine: {'line': b'-- Up-to-date: /home/pratik/ros2_ws/install/my_robot_description/share/my_robot_description/cmake/ament_cmake_export_include_directories-extras.cmake\n'}
[1.075624] (my_robot_description) StdoutLine: {'line': b'-- Up-to-date: /home/pratik/ros2_ws/install/my_robot_description/share/my_robot_description/cmake/ament_cmake_export_libraries-extras.cmake\n'}
[1.075645] (my_robot_description) StdoutLine: {'line': b'-- Up-to-date: /home/pratik/ros2_ws/install/my_robot_description/share/my_robot_description/cmake/ament_cmake_export_targets-extras.cmake\n'}
[1.075666] (my_robot_description) StdoutLine: {'line': b'-- Up-to-date: /home/pratik/ros2_ws/install/my_robot_description/share/my_robot_description/cmake/rosidl_cmake_export_typesupport_targets-extras.cmake\n'}
[1.075689] (my_robot_description) StdoutLine: {'line': b'-- Up-to-date: /home/pratik/ros2_ws/install/my_robot_description/share/my_robot_description/cmake/ament_cmake_export_dependencies-extras.cmake\n'}
[1.075713] (my_robot_description) StdoutLine: {'line': b'-- Up-to-date: /home/pratik/ros2_ws/install/my_robot_description/share/my_robot_description/cmake/rosidl_cmake_export_typesupport_libraries-extras.cmake\n'}
[1.075735] (my_robot_description) StdoutLine: {'line': b'-- Up-to-date: /home/pratik/ros2_ws/install/my_robot_description/share/my_robot_description/cmake/my_robot_descriptionConfig.cmake\n'}
[1.075757] (my_robot_description) StdoutLine: {'line': b'-- Up-to-date: /home/pratik/ros2_ws/install/my_robot_description/share/my_robot_description/cmake/my_robot_descriptionConfig-version.cmake\n'}
[1.075779] (my_robot_description) StdoutLine: {'line': b'-- Up-to-date: /home/pratik/ros2_ws/install/my_robot_description/share/my_robot_description/package.xml\n'}
[1.075802] (my_robot_description) CommandEnded: {'returncode': 0}
[1.084929] (my_robot_description) JobEnded: {'identifier': 'my_robot_description', 'rc': 0}
[1.085194] (-) EventReactorShutdown: {}
