[0.000000] (-) TimerEvent: {}
[0.000426] (my_robot_description) JobQueued: {'identifier': 'my_robot_description', 'dependencies': OrderedDict()}
[0.000469] (my_robot_description) JobStarted: {'identifier': 'my_robot_description'}
[0.006663] (my_robot_description) JobProgress: {'identifier': 'my_robot_description', 'progress': 'cmake'}
[0.008451] (my_robot_description) JobProgress: {'identifier': 'my_robot_description', 'progress': 'build'}
[0.008490] (my_robot_description) Command: {'cmd': ['/usr/bin/cmake', '--build', '/home/pratik/ros2_ws/build/my_robot_description', '--', '-j20', '-l20'], 'cwd': '/home/pratik/ros2_ws/build/my_robot_description', 'env': OrderedDict([('LESSOPEN', '| /usr/bin/lesspipe %s'), ('LANGUAGE', 'en_IN:en'), ('USER', 'pratik'), ('XDG_SESSION_TYPE', 'wayland'), ('SHLVL', '1'), ('LD_LIBRARY_PATH', '/usr/lib/x86_64-linux-gnu/gazebo-11/plugins:/opt/ros/humble/opt/rviz_ogre_vendor/lib:/opt/ros/humble/lib/x86_64-linux-gnu:/opt/ros/humble/lib'), ('HOME', '/home/pratik'), ('OLDPWD', '/home/pratik'), ('DESKTOP_SESSION', 'ubuntu'), ('ROS_PYTHON_VERSION', '3'), ('GNOME_SHELL_SESSION_MODE', 'ubuntu'), ('GTK_MODULES', 'gail:atk-bridge'), ('SYSTEMD_EXEC_PID', '2424'), ('DBUS_SESSION_BUS_ADDRESS', 'unix:path=/run/user/1000/bus'), ('COLORTERM', 'truecolor'), ('PYTHONNOUSERSITE', '1'), ('_colcon_cd_root', '/opt/ros/humble/'), ('IM_CONFIG_PHASE', '1'), ('WAYLAND_DISPLAY', 'wayland-0'), ('ROS_DISTRO', 'humble'), ('LOGNAME', 'pratik'), ('_', '/usr/bin/colcon'), ('ROS_VERSION', '2'), ('XDG_SESSION_CLASS', 'user'), ('USERNAME', 'pratik'), ('TERM', 'xterm-256color'), ('GNOME_DESKTOP_SESSION_ID', 'this-is-deprecated'), ('ROS_LOCALHOST_ONLY', '1'), ('PATH', '/opt/ros/humble/bin:/home/pratik/.local/bin:/usr/local/sbin:/usr/local/bin:/usr/sbin:/usr/bin:/sbin:/bin:/usr/games:/usr/local/games:/snap/bin:/snap/bin'), ('SESSION_MANAGER', 'local/pratik-Legion-5-15IRX9:@/tmp/.ICE-unix/2396,unix/pratik-Legion-5-15IRX9:/tmp/.ICE-unix/2396'), ('XDG_MENU_PREFIX', 'gnome-'), ('GNOME_TERMINAL_SCREEN', '/org/gnome/Terminal/screen/ecb67bc1_c769_49b6_a17c_12a12451ff39'), ('GNOME_SETUP_DISPLAY', ':1'), ('XDG_RUNTIME_DIR', '/run/user/1000'), ('DISPLAY', ':0'), ('LANG', 'en_US.UTF-8'), ('XDG_CURRENT_DESKTOP', 'ubuntu:GNOME'), ('XMODIFIERS', '@im=ibus'), ('XDG_SESSION_DESKTOP', 'ubuntu'), ('XAUTHORITY', '/run/user/1000/.mutter-Xwaylandauth.XG9WJ3'), ('LS_COLORS', 'rs=0:di=01;34:ln=01;36:mh=00:pi=40;33:so=01;35:do=01;35:bd=40;33;01:cd=40;33;01:or=40;31;01:mi=00:su=37;41:sg=30;43:ca=30;41:tw=30;42:ow=34;42:st=37;44:ex=01;32:*.tar=01;31:*.tgz=01;31:*.arc=01;31:*.arj=01;31:*.taz=01;31:*.lha=01;31:*.lz4=01;31:*.lzh=01;31:*.lzma=01;31:*.tlz=01;31:*.txz=01;31:*.tzo=01;31:*.t7z=01;31:*.zip=01;31:*.z=01;31:*.dz=01;31:*.gz=01;31:*.lrz=01;31:*.lz=01;31:*.lzo=01;31:*.xz=01;31:*.zst=01;31:*.tzst=01;31:*.bz2=01;31:*.bz=01;31:*.tbz=01;31:*.tbz2=01;31:*.tz=01;31:*.deb=01;31:*.rpm=01;31:*.jar=01;31:*.war=01;31:*.ear=01;31:*.sar=01;31:*.rar=01;31:*.alz=01;31:*.ace=01;31:*.zoo=01;31:*.cpio=01;31:*.7z=01;31:*.rz=01;31:*.cab=01;31:*.wim=01;31:*.swm=01;31:*.dwm=01;31:*.esd=01;31:*.jpg=01;35:*.jpeg=01;35:*.mjpg=01;35:*.mjpeg=01;35:*.gif=01;35:*.bmp=01;35:*.pbm=01;35:*.pgm=01;35:*.ppm=01;35:*.tga=01;35:*.xbm=01;35:*.xpm=01;35:*.tif=01;35:*.tiff=01;35:*.png=01;35:*.svg=01;35:*.svgz=01;35:*.mng=01;35:*.pcx=01;35:*.mov=01;35:*.mpg=01;35:*.mpeg=01;35:*.m2v=01;35:*.mkv=01;35:*.webm=01;35:*.webp=01;35:*.ogm=01;35:*.mp4=01;35:*.m4v=01;35:*.mp4v=01;35:*.vob=01;35:*.qt=01;35:*.nuv=01;35:*.wmv=01;35:*.asf=01;35:*.rm=01;35:*.rmvb=01;35:*.flc=01;35:*.avi=01;35:*.fli=01;35:*.flv=01;35:*.gl=01;35:*.dl=01;35:*.xcf=01;35:*.xwd=01;35:*.yuv=01;35:*.cgm=01;35:*.emf=01;35:*.ogv=01;35:*.ogx=01;35:*.aac=00;36:*.au=00;36:*.flac=00;36:*.m4a=00;36:*.mid=00;36:*.midi=00;36:*.mka=00;36:*.mp3=00;36:*.mpc=00;36:*.ogg=00;36:*.ra=00;36:*.wav=00;36:*.oga=00;36:*.opus=00;36:*.spx=00;36:*.xspf=00;36:'), ('GNOME_TERMINAL_SERVICE', ':1.124'), ('SSH_AGENT_LAUNCHER', 'gnome-keyring'), ('SSH_AUTH_SOCK', '/run/user/1000/keyring/ssh'), ('ROS_DOMAIN_ID', '66'), ('AMENT_PREFIX_PATH', '/opt/ros/humble'), ('SHELL', '/bin/bash'), ('QT_ACCESSIBILITY', '1'), ('GDMSESSION', 'ubuntu'), ('LESSCLOSE', '/usr/bin/lesspipe %s %s'), ('QT_IM_MODULE', 'ibus'), ('PWD', '/home/pratik/ros2_ws/build/my_robot_description'), ('LC_ALL', 'en_US.UTF-8'), ('XDG_CONFIG_DIRS', '/etc/xdg/xdg-ubuntu:/etc/xdg'), ('XDG_DATA_DIRS', '/usr/share/ubuntu:/usr/local/share/:/usr/share/:/var/lib/snapd/desktop'), ('PYTHONPATH', '/opt/ros/humble/lib/python3.10/site-packages:/opt/ros/humble/local/lib/python3.10/dist-packages'), ('COLCON', '1'), ('VTE_VERSION', '6800'), ('CMAKE_PREFIX_PATH', '/opt/ros/humble')]), 'shell': False}
[0.085973] (my_robot_description) StdoutLine: {'line': b'[  2%] Built target my_robot_description__cpp\n'}
[0.088644] (my_robot_description) StdoutLine: {'line': b'[ 11%] Built target my_robot_description__rosidl_generator_c\n'}
[0.094671] (my_robot_description) StdoutLine: {'line': b'[ 11%] Built target ament_cmake_python_copy_my_robot_description\n'}
[0.100044] (-) TimerEvent: {}
[0.110430] (my_robot_description) StdoutLine: {'line': b'[ 20%] Built target my_robot_description__rosidl_typesupport_introspection_cpp\n'}
[0.112737] (my_robot_description) StdoutLine: {'line': b'[ 28%] Built target my_robot_description__rosidl_typesupport_fastrtps_cpp\n'}
[0.114066] (my_robot_description) StdoutLine: {'line': b'[ 37%] Built target my_robot_description__rosidl_typesupport_introspection_c\n'}
[0.114366] (my_robot_description) StdoutLine: {'line': b'[ 45%] Built target my_robot_description__rosidl_typesupport_cpp\n'}
[0.114633] (my_robot_description) StdoutLine: {'line': b'[ 54%] Built target my_robot_description__rosidl_typesupport_c\n'}
[0.114991] (my_robot_description) StdoutLine: {'line': b'[ 62%] Built target my_robot_description__rosidl_typesupport_fastrtps_c\n'}
[0.131393] (my_robot_description) StdoutLine: {'line': b'[ 62%] Built target my_robot_description\n'}
[0.134141] (my_robot_description) StdoutLine: {'line': b'[ 68%] Built target teleop_node\n'}
[0.136597] (my_robot_description) StdoutLine: {'line': b'[ 74%] Built target robot_controller_node\n'}
[0.145192] (my_robot_description) StdoutLine: {'line': b'[ 77%] Built target my_robot_description__py\n'}
[0.161219] (my_robot_description) StdoutLine: {'line': b'[ 82%] Built target my_robot_description__rosidl_generator_py\n'}
[0.179347] (my_robot_description) StdoutLine: {'line': b'[100%] Built target my_robot_description__rosidl_typesupport_fastrtps_c__pyext\n'}
[0.179507] (my_robot_description) StdoutLine: {'line': b'[100%] Built target my_robot_description__rosidl_typesupport_introspection_c__pyext\n'}
[0.179571] (my_robot_description) StdoutLine: {'line': b'[100%] Built target my_robot_description__rosidl_typesupport_c__pyext\n'}
[0.200257] (-) TimerEvent: {}
[0.239458] (my_robot_description) StdoutLine: {'line': b'running egg_info\n'}
[0.239874] (my_robot_description) StdoutLine: {'line': b'writing my_robot_description.egg-info/PKG-INFO\n'}
[0.240084] (my_robot_description) StdoutLine: {'line': b'writing dependency_links to my_robot_description.egg-info/dependency_links.txt\n'}
[0.240152] (my_robot_description) StdoutLine: {'line': b'writing top-level names to my_robot_description.egg-info/top_level.txt\n'}
[0.241904] (my_robot_description) StdoutLine: {'line': b"reading manifest file 'my_robot_description.egg-info/SOURCES.txt'\n"}
[0.242348] (my_robot_description) StdoutLine: {'line': b"writing manifest file 'my_robot_description.egg-info/SOURCES.txt'\n"}
[0.259975] (my_robot_description) StdoutLine: {'line': b'[100%] Built target ament_cmake_python_build_my_robot_description_egg\n'}
[0.270072] (my_robot_description) CommandEnded: {'returncode': 0}
[0.273737] (my_robot_description) JobProgress: {'identifier': 'my_robot_description', 'progress': 'install'}
[0.283891] (my_robot_description) Command: {'cmd': ['/usr/bin/cmake', '--install', '/home/pratik/ros2_ws/build/my_robot_description'], 'cwd': '/home/pratik/ros2_ws/build/my_robot_description', 'env': OrderedDict([('LESSOPEN', '| /usr/bin/lesspipe %s'), ('LANGUAGE', 'en_IN:en'), ('USER', 'pratik'), ('XDG_SESSION_TYPE', 'wayland'), ('SHLVL', '1'), ('LD_LIBRARY_PATH', '/usr/lib/x86_64-linux-gnu/gazebo-11/plugins:/opt/ros/humble/opt/rviz_ogre_vendor/lib:/opt/ros/humble/lib/x86_64-linux-gnu:/opt/ros/humble/lib'), ('HOME', '/home/pratik'), ('OLDPWD', '/home/pratik'), ('DESKTOP_SESSION', 'ubuntu'), ('ROS_PYTHON_VERSION', '3'), ('GNOME_SHELL_SESSION_MODE', 'ubuntu'), ('GTK_MODULES', 'gail:atk-bridge'), ('SYSTEMD_EXEC_PID', '2424'), ('DBUS_SESSION_BUS_ADDRESS', 'unix:path=/run/user/1000/bus'), ('COLORTERM', 'truecolor'), ('PYTHONNOUSERSITE', '1'), ('_colcon_cd_root', '/opt/ros/humble/'), ('IM_CONFIG_PHASE', '1'), ('WAYLAND_DISPLAY', 'wayland-0'), ('ROS_DISTRO', 'humble'), ('LOGNAME', 'pratik'), ('_', '/usr/bin/colcon'), ('ROS_VERSION', '2'), ('XDG_SESSION_CLASS', 'user'), ('USERNAME', 'pratik'), ('TERM', 'xterm-256color'), ('GNOME_DESKTOP_SESSION_ID', 'this-is-deprecated'), ('ROS_LOCALHOST_ONLY', '1'), ('PATH', '/opt/ros/humble/bin:/home/pratik/.local/bin:/usr/local/sbin:/usr/local/bin:/usr/sbin:/usr/bin:/sbin:/bin:/usr/games:/usr/local/games:/snap/bin:/snap/bin'), ('SESSION_MANAGER', 'local/pratik-Legion-5-15IRX9:@/tmp/.ICE-unix/2396,unix/pratik-Legion-5-15IRX9:/tmp/.ICE-unix/2396'), ('XDG_MENU_PREFIX', 'gnome-'), ('GNOME_TERMINAL_SCREEN', '/org/gnome/Terminal/screen/ecb67bc1_c769_49b6_a17c_12a12451ff39'), ('GNOME_SETUP_DISPLAY', ':1'), ('XDG_RUNTIME_DIR', '/run/user/1000'), ('DISPLAY', ':0'), ('LANG', 'en_US.UTF-8'), ('XDG_CURRENT_DESKTOP', 'ubuntu:GNOME'), ('XMODIFIERS', '@im=ibus'), ('XDG_SESSION_DESKTOP', 'ubuntu'), ('XAUTHORITY', '/run/user/1000/.mutter-Xwaylandauth.XG9WJ3'), ('LS_COLORS', 'rs=0:di=01;34:ln=01;36:mh=00:pi=40;33:so=01;35:do=01;35:bd=40;33;01:cd=40;33;01:or=40;31;01:mi=00:su=37;41:sg=30;43:ca=30;41:tw=30;42:ow=34;42:st=37;44:ex=01;32:*.tar=01;31:*.tgz=01;31:*.arc=01;31:*.arj=01;31:*.taz=01;31:*.lha=01;31:*.lz4=01;31:*.lzh=01;31:*.lzma=01;31:*.tlz=01;31:*.txz=01;31:*.tzo=01;31:*.t7z=01;31:*.zip=01;31:*.z=01;31:*.dz=01;31:*.gz=01;31:*.lrz=01;31:*.lz=01;31:*.lzo=01;31:*.xz=01;31:*.zst=01;31:*.tzst=01;31:*.bz2=01;31:*.bz=01;31:*.tbz=01;31:*.tbz2=01;31:*.tz=01;31:*.deb=01;31:*.rpm=01;31:*.jar=01;31:*.war=01;31:*.ear=01;31:*.sar=01;31:*.rar=01;31:*.alz=01;31:*.ace=01;31:*.zoo=01;31:*.cpio=01;31:*.7z=01;31:*.rz=01;31:*.cab=01;31:*.wim=01;31:*.swm=01;31:*.dwm=01;31:*.esd=01;31:*.jpg=01;35:*.jpeg=01;35:*.mjpg=01;35:*.mjpeg=01;35:*.gif=01;35:*.bmp=01;35:*.pbm=01;35:*.pgm=01;35:*.ppm=01;35:*.tga=01;35:*.xbm=01;35:*.xpm=01;35:*.tif=01;35:*.tiff=01;35:*.png=01;35:*.svg=01;35:*.svgz=01;35:*.mng=01;35:*.pcx=01;35:*.mov=01;35:*.mpg=01;35:*.mpeg=01;35:*.m2v=01;35:*.mkv=01;35:*.webm=01;35:*.webp=01;35:*.ogm=01;35:*.mp4=01;35:*.m4v=01;35:*.mp4v=01;35:*.vob=01;35:*.qt=01;35:*.nuv=01;35:*.wmv=01;35:*.asf=01;35:*.rm=01;35:*.rmvb=01;35:*.flc=01;35:*.avi=01;35:*.fli=01;35:*.flv=01;35:*.gl=01;35:*.dl=01;35:*.xcf=01;35:*.xwd=01;35:*.yuv=01;35:*.cgm=01;35:*.emf=01;35:*.ogv=01;35:*.ogx=01;35:*.aac=00;36:*.au=00;36:*.flac=00;36:*.m4a=00;36:*.mid=00;36:*.midi=00;36:*.mka=00;36:*.mp3=00;36:*.mpc=00;36:*.ogg=00;36:*.ra=00;36:*.wav=00;36:*.oga=00;36:*.opus=00;36:*.spx=00;36:*.xspf=00;36:'), ('GNOME_TERMINAL_SERVICE', ':1.124'), ('SSH_AGENT_LAUNCHER', 'gnome-keyring'), ('SSH_AUTH_SOCK', '/run/user/1000/keyring/ssh'), ('ROS_DOMAIN_ID', '66'), ('AMENT_PREFIX_PATH', '/opt/ros/humble'), ('SHELL', '/bin/bash'), ('QT_ACCESSIBILITY', '1'), ('GDMSESSION', 'ubuntu'), ('LESSCLOSE', '/usr/bin/lesspipe %s %s'), ('QT_IM_MODULE', 'ibus'), ('PWD', '/home/pratik/ros2_ws/build/my_robot_description'), ('LC_ALL', 'en_US.UTF-8'), ('XDG_CONFIG_DIRS', '/etc/xdg/xdg-ubuntu:/etc/xdg'), ('XDG_DATA_DIRS', '/usr/share/ubuntu:/usr/local/share/:/usr/share/:/var/lib/snapd/desktop'), ('PYTHONPATH', '/opt/ros/humble/lib/python3.10/site-packages:/opt/ros/humble/local/lib/python3.10/dist-packages'), ('COLCON', '1'), ('VTE_VERSION', '6800'), ('CMAKE_PREFIX_PATH', '/opt/ros/humble')]), 'shell': False}
[0.293600] (my_robot_description) StdoutLine: {'line': b'-- Install configuration: ""\n'}
[0.294585] (my_robot_description) StdoutLine: {'line': b'-- Up-to-date: /home/pratik/ros2_ws/install/my_robot_description/share/ament_index/resource_index/rosidl_interfaces/my_robot_description\n'}
[0.294847] (my_robot_description) StdoutLine: {'line': b'-- Up-to-date: /home/pratik/ros2_ws/install/my_robot_description/include/my_robot_description/my_robot_description\n'}
[0.295022] (my_robot_description) StdoutLine: {'line': b'-- Up-to-date: /home/pratik/ros2_ws/install/my_robot_description/include/my_robot_description/my_robot_description/srv\n'}
[0.295127] (my_robot_description) StdoutLine: {'line': b'-- Up-to-date: /home/pratik/ros2_ws/install/my_robot_description/include/my_robot_description/my_robot_description/srv/set_velocity.h\n'}
[0.295211] (my_robot_description) StdoutLine: {'line': b'-- Up-to-date: /home/pratik/ros2_ws/install/my_robot_description/include/my_robot_description/my_robot_description/srv/detail\n'}
[0.295337] (my_robot_description) StdoutLine: {'line': b'-- Up-to-date: /home/pratik/ros2_ws/install/my_robot_description/include/my_robot_description/my_robot_description/srv/detail/set_velocity__type_support.h\n'}
[0.295410] (my_robot_description) StdoutLine: {'line': b'-- Up-to-date: /home/pratik/ros2_ws/install/my_robot_description/include/my_robot_description/my_robot_description/srv/detail/set_velocity__functions.c\n'}
[0.295484] (my_robot_description) StdoutLine: {'line': b'-- Up-to-date: /home/pratik/ros2_ws/install/my_robot_description/include/my_robot_description/my_robot_description/srv/detail/set_velocity__struct.h\n'}
[0.295575] (my_robot_description) StdoutLine: {'line': b'-- Up-to-date: /home/pratik/ros2_ws/install/my_robot_description/include/my_robot_description/my_robot_description/srv/detail/set_velocity__functions.h\n'}
[0.295660] (my_robot_description) StdoutLine: {'line': b'-- Up-to-date: /home/pratik/ros2_ws/install/my_robot_description/include/my_robot_description/my_robot_description/msg\n'}
[0.295744] (my_robot_description) StdoutLine: {'line': b'-- Up-to-date: /home/pratik/ros2_ws/install/my_robot_description/include/my_robot_description/my_robot_description/msg/rosidl_generator_c__visibility_control.h\n'}
[0.295850] (my_robot_description) StdoutLine: {'line': b'-- Up-to-date: /home/pratik/ros2_ws/install/my_robot_description/share/my_robot_description/environment/library_path.sh\n'}
[0.295914] (my_robot_description) StdoutLine: {'line': b'-- Up-to-date: /home/pratik/ros2_ws/install/my_robot_description/share/my_robot_description/environment/library_path.dsv\n'}
[0.296352] (my_robot_description) StdoutLine: {'line': b'-- Up-to-date: /home/pratik/ros2_ws/install/my_robot_description/lib/libmy_robot_description__rosidl_generator_c.so\n'}
[0.296584] (my_robot_description) StdoutLine: {'line': b'-- Up-to-date: /home/pratik/ros2_ws/install/my_robot_description/include/my_robot_description/my_robot_description\n'}
[0.296734] (my_robot_description) StdoutLine: {'line': b'-- Up-to-date: /home/pratik/ros2_ws/install/my_robot_description/include/my_robot_description/my_robot_description/srv\n'}
[0.296840] (my_robot_description) StdoutLine: {'line': b'-- Up-to-date: /home/pratik/ros2_ws/install/my_robot_description/include/my_robot_description/my_robot_description/srv/detail\n'}
[0.296927] (my_robot_description) StdoutLine: {'line': b'-- Up-to-date: /home/pratik/ros2_ws/install/my_robot_description/include/my_robot_description/my_robot_description/srv/detail/set_velocity__rosidl_typesupport_fastrtps_c.h\n'}
[0.297028] (my_robot_description) StdoutLine: {'line': b'-- Up-to-date: /home/pratik/ros2_ws/install/my_robot_description/include/my_robot_description/my_robot_description/msg\n'}
[0.297107] (my_robot_description) StdoutLine: {'line': b'-- Up-to-date: /home/pratik/ros2_ws/install/my_robot_description/include/my_robot_description/my_robot_description/msg/rosidl_typesupport_fastrtps_c__visibility_control.h\n'}
[0.297304] (my_robot_description) StdoutLine: {'line': b'-- Up-to-date: /home/pratik/ros2_ws/install/my_robot_description/lib/libmy_robot_description__rosidl_typesupport_fastrtps_c.so\n'}
[0.297527] (my_robot_description) StdoutLine: {'line': b'-- Up-to-date: /home/pratik/ros2_ws/install/my_robot_description/include/my_robot_description/my_robot_description\n'}
[0.297651] (my_robot_description) StdoutLine: {'line': b'-- Up-to-date: /home/pratik/ros2_ws/install/my_robot_description/include/my_robot_description/my_robot_description/srv\n'}
[0.297807] (my_robot_description) StdoutLine: {'line': b'-- Up-to-date: /home/pratik/ros2_ws/install/my_robot_description/include/my_robot_description/my_robot_description/srv/set_velocity.hpp\n'}
[0.297904] (my_robot_description) StdoutLine: {'line': b'-- Up-to-date: /home/pratik/ros2_ws/install/my_robot_description/include/my_robot_description/my_robot_description/srv/detail\n'}
[0.298004] (my_robot_description) StdoutLine: {'line': b'-- Up-to-date: /home/pratik/ros2_ws/install/my_robot_description/include/my_robot_description/my_robot_description/srv/detail/set_velocity__type_support.hpp\n'}
[0.298102] (my_robot_description) StdoutLine: {'line': b'-- Up-to-date: /home/pratik/ros2_ws/install/my_robot_description/include/my_robot_description/my_robot_description/srv/detail/set_velocity__traits.hpp\n'}
[0.298204] (my_robot_description) StdoutLine: {'line': b'-- Up-to-date: /home/pratik/ros2_ws/install/my_robot_description/include/my_robot_description/my_robot_description/srv/detail/set_velocity__struct.hpp\n'}
[0.298311] (my_robot_description) StdoutLine: {'line': b'-- Up-to-date: /home/pratik/ros2_ws/install/my_robot_description/include/my_robot_description/my_robot_description/srv/detail/set_velocity__builder.hpp\n'}
[0.298384] (my_robot_description) StdoutLine: {'line': b'-- Up-to-date: /home/pratik/ros2_ws/install/my_robot_description/include/my_robot_description/my_robot_description/msg\n'}
[0.298528] (my_robot_description) StdoutLine: {'line': b'-- Up-to-date: /home/pratik/ros2_ws/install/my_robot_description/include/my_robot_description/my_robot_description/msg/rosidl_generator_cpp__visibility_control.hpp\n'}
[0.298626] (my_robot_description) StdoutLine: {'line': b'-- Up-to-date: /home/pratik/ros2_ws/install/my_robot_description/include/my_robot_description/my_robot_description\n'}
[0.298723] (my_robot_description) StdoutLine: {'line': b'-- Up-to-date: /home/pratik/ros2_ws/install/my_robot_description/include/my_robot_description/my_robot_description/srv\n'}
[0.298822] (my_robot_description) StdoutLine: {'line': b'-- Up-to-date: /home/pratik/ros2_ws/install/my_robot_description/include/my_robot_description/my_robot_description/srv/detail\n'}
[0.298919] (my_robot_description) StdoutLine: {'line': b'-- Up-to-date: /home/pratik/ros2_ws/install/my_robot_description/include/my_robot_description/my_robot_description/srv/detail/set_velocity__rosidl_typesupport_fastrtps_cpp.hpp\n'}
[0.299020] (my_robot_description) StdoutLine: {'line': b'-- Up-to-date: /home/pratik/ros2_ws/install/my_robot_description/include/my_robot_description/my_robot_description/srv/detail/dds_fastrtps\n'}
[0.299116] (my_robot_description) StdoutLine: {'line': b'-- Up-to-date: /home/pratik/ros2_ws/install/my_robot_description/include/my_robot_description/my_robot_description/msg\n'}
[0.299225] (my_robot_description) StdoutLine: {'line': b'-- Up-to-date: /home/pratik/ros2_ws/install/my_robot_description/include/my_robot_description/my_robot_description/msg/rosidl_typesupport_fastrtps_cpp__visibility_control.h\n'}
[0.299388] (my_robot_description) StdoutLine: {'line': b'-- Up-to-date: /home/pratik/ros2_ws/install/my_robot_description/lib/libmy_robot_description__rosidl_typesupport_fastrtps_cpp.so\n'}
[0.299485] (my_robot_description) StdoutLine: {'line': b'-- Up-to-date: /home/pratik/ros2_ws/install/my_robot_description/include/my_robot_description/my_robot_description\n'}
[0.299579] (my_robot_description) StdoutLine: {'line': b'-- Up-to-date: /home/pratik/ros2_ws/install/my_robot_description/include/my_robot_description/my_robot_description/srv\n'}
[0.299700] (my_robot_description) StdoutLine: {'line': b'-- Up-to-date: /home/pratik/ros2_ws/install/my_robot_description/include/my_robot_description/my_robot_description/srv/detail\n'}
[0.299805] (my_robot_description) StdoutLine: {'line': b'-- Up-to-date: /home/pratik/ros2_ws/install/my_robot_description/include/my_robot_description/my_robot_description/srv/detail/set_velocity__rosidl_typesupport_introspection_c.h\n'}
[0.299916] (my_robot_description) StdoutLine: {'line': b'-- Up-to-date: /home/pratik/ros2_ws/install/my_robot_description/include/my_robot_description/my_robot_description/srv/detail/set_velocity__type_support.c\n'}
[0.299989] (my_robot_description) StdoutLine: {'line': b'-- Up-to-date: /home/pratik/ros2_ws/install/my_robot_description/include/my_robot_description/my_robot_description/msg\n'}
[0.300060] (my_robot_description) StdoutLine: {'line': b'-- Up-to-date: /home/pratik/ros2_ws/install/my_robot_description/include/my_robot_description/my_robot_description/msg/rosidl_typesupport_introspection_c__visibility_control.h\n'}
[0.300133] (my_robot_description) StdoutLine: {'line': b'-- Up-to-date: /home/pratik/ros2_ws/install/my_robot_description/lib/libmy_robot_description__rosidl_typesupport_introspection_c.so\n'}
[0.300258] (my_robot_description) StdoutLine: {'line': b'-- Up-to-date: /home/pratik/ros2_ws/install/my_robot_description/lib/libmy_robot_description__rosidl_typesupport_c.so\n'}
[0.300352] (-) TimerEvent: {}
[0.300519] (my_robot_description) StdoutLine: {'line': b'-- Up-to-date: /home/pratik/ros2_ws/install/my_robot_description/include/my_robot_description/my_robot_description\n'}
[0.300639] (my_robot_description) StdoutLine: {'line': b'-- Up-to-date: /home/pratik/ros2_ws/install/my_robot_description/include/my_robot_description/my_robot_description/srv\n'}
[0.300766] (my_robot_description) StdoutLine: {'line': b'-- Up-to-date: /home/pratik/ros2_ws/install/my_robot_description/include/my_robot_description/my_robot_description/srv/detail\n'}
[0.300840] (my_robot_description) StdoutLine: {'line': b'-- Up-to-date: /home/pratik/ros2_ws/install/my_robot_description/include/my_robot_description/my_robot_description/srv/detail/set_velocity__type_support.cpp\n'}
[0.300901] (my_robot_description) StdoutLine: {'line': b'-- Up-to-date: /home/pratik/ros2_ws/install/my_robot_description/include/my_robot_description/my_robot_description/srv/detail/set_velocity__rosidl_typesupport_introspection_cpp.hpp\n'}
[0.301098] (my_robot_description) StdoutLine: {'line': b'-- Up-to-date: /home/pratik/ros2_ws/install/my_robot_description/lib/libmy_robot_description__rosidl_typesupport_introspection_cpp.so\n'}
[0.301557] (my_robot_description) StdoutLine: {'line': b'-- Up-to-date: /home/pratik/ros2_ws/install/my_robot_description/lib/libmy_robot_description__rosidl_typesupport_cpp.so\n'}
[0.301727] (my_robot_description) StdoutLine: {'line': b'-- Up-to-date: /home/pratik/ros2_ws/install/my_robot_description/share/my_robot_description/environment/pythonpath.sh\n'}
[0.301835] (my_robot_description) StdoutLine: {'line': b'-- Up-to-date: /home/pratik/ros2_ws/install/my_robot_description/share/my_robot_description/environment/pythonpath.dsv\n'}
[0.302090] (my_robot_description) StdoutLine: {'line': b'-- Up-to-date: /home/pratik/ros2_ws/install/my_robot_description/local/lib/python3.10/dist-packages/my_robot_description-0.0.0-py3.10.egg-info\n'}
[0.302191] (my_robot_description) StdoutLine: {'line': b'-- Installing: /home/pratik/ros2_ws/install/my_robot_description/local/lib/python3.10/dist-packages/my_robot_description-0.0.0-py3.10.egg-info/PKG-INFO\n'}
[0.302345] (my_robot_description) StdoutLine: {'line': b'-- Installing: /home/pratik/ros2_ws/install/my_robot_description/local/lib/python3.10/dist-packages/my_robot_description-0.0.0-py3.10.egg-info/SOURCES.txt\n'}
[0.302463] (my_robot_description) StdoutLine: {'line': b'-- Installing: /home/pratik/ros2_ws/install/my_robot_description/local/lib/python3.10/dist-packages/my_robot_description-0.0.0-py3.10.egg-info/top_level.txt\n'}
[0.302575] (my_robot_description) StdoutLine: {'line': b'-- Installing: /home/pratik/ros2_ws/install/my_robot_description/local/lib/python3.10/dist-packages/my_robot_description-0.0.0-py3.10.egg-info/dependency_links.txt\n'}
[0.302739] (my_robot_description) StdoutLine: {'line': b'-- Up-to-date: /home/pratik/ros2_ws/install/my_robot_description/local/lib/python3.10/dist-packages/my_robot_description\n'}
[0.302853] (my_robot_description) StdoutLine: {'line': b'-- Up-to-date: /home/pratik/ros2_ws/install/my_robot_description/local/lib/python3.10/dist-packages/my_robot_description/_my_robot_description_s.ep.rosidl_typesupport_introspection_c.c\n'}
[0.302969] (my_robot_description) StdoutLine: {'line': b'-- Up-to-date: /home/pratik/ros2_ws/install/my_robot_description/local/lib/python3.10/dist-packages/my_robot_description/__init__.py\n'}
[0.303047] (my_robot_description) StdoutLine: {'line': b'-- Up-to-date: /home/pratik/ros2_ws/install/my_robot_description/local/lib/python3.10/dist-packages/my_robot_description/my_robot_description_s__rosidl_typesupport_introspection_c.cpython-310-x86_64-linux-gnu.so\n'}
[0.303107] (my_robot_description) StdoutLine: {'line': b'-- Up-to-date: /home/pratik/ros2_ws/install/my_robot_description/local/lib/python3.10/dist-packages/my_robot_description/my_robot_description_s__rosidl_typesupport_fastrtps_c.cpython-310-x86_64-linux-gnu.so\n'}
[0.303228] (my_robot_description) StdoutLine: {'line': b'-- Up-to-date: /home/pratik/ros2_ws/install/my_robot_description/local/lib/python3.10/dist-packages/my_robot_description/_my_robot_description_s.ep.rosidl_typesupport_c.c\n'}
[0.303322] (my_robot_description) StdoutLine: {'line': b'-- Up-to-date: /home/pratik/ros2_ws/install/my_robot_description/local/lib/python3.10/dist-packages/my_robot_description/my_robot_description_s__rosidl_typesupport_c.cpython-310-x86_64-linux-gnu.so\n'}
[0.303391] (my_robot_description) StdoutLine: {'line': b'-- Up-to-date: /home/pratik/ros2_ws/install/my_robot_description/local/lib/python3.10/dist-packages/my_robot_description/libmy_robot_description__rosidl_generator_py.so\n'}
[0.303458] (my_robot_description) StdoutLine: {'line': b'-- Up-to-date: /home/pratik/ros2_ws/install/my_robot_description/local/lib/python3.10/dist-packages/my_robot_description/srv\n'}
[0.303529] (my_robot_description) StdoutLine: {'line': b'-- Up-to-date: /home/pratik/ros2_ws/install/my_robot_description/local/lib/python3.10/dist-packages/my_robot_description/srv/__init__.py\n'}
[0.303594] (my_robot_description) StdoutLine: {'line': b'-- Up-to-date: /home/pratik/ros2_ws/install/my_robot_description/local/lib/python3.10/dist-packages/my_robot_description/srv/_set_velocity.py\n'}
[0.303658] (my_robot_description) StdoutLine: {'line': b'-- Up-to-date: /home/pratik/ros2_ws/install/my_robot_description/local/lib/python3.10/dist-packages/my_robot_description/srv/_set_velocity_s.c\n'}
[0.303724] (my_robot_description) StdoutLine: {'line': b'-- Up-to-date: /home/pratik/ros2_ws/install/my_robot_description/local/lib/python3.10/dist-packages/my_robot_description/_my_robot_description_s.ep.rosidl_typesupport_fastrtps_c.c\n'}
[0.322024] (my_robot_description) StdoutLine: {'line': b"Listing '/home/pratik/ros2_ws/install/my_robot_description/local/lib/python3.10/dist-packages/my_robot_description'...\n"}
[0.322119] (my_robot_description) StdoutLine: {'line': b"Listing '/home/pratik/ros2_ws/install/my_robot_description/local/lib/python3.10/dist-packages/my_robot_description/srv'...\n"}
[0.324329] (my_robot_description) StdoutLine: {'line': b'-- Up-to-date: /home/pratik/ros2_ws/install/my_robot_description/local/lib/python3.10/dist-packages/my_robot_description/my_robot_description_s__rosidl_typesupport_fastrtps_c.cpython-310-x86_64-linux-gnu.so\n'}
[0.324571] (my_robot_description) StdoutLine: {'line': b'-- Up-to-date: /home/pratik/ros2_ws/install/my_robot_description/local/lib/python3.10/dist-packages/my_robot_description/my_robot_description_s__rosidl_typesupport_introspection_c.cpython-310-x86_64-linux-gnu.so\n'}
[0.325000] (my_robot_description) StdoutLine: {'line': b'-- Up-to-date: /home/pratik/ros2_ws/install/my_robot_description/local/lib/python3.10/dist-packages/my_robot_description/my_robot_description_s__rosidl_typesupport_c.cpython-310-x86_64-linux-gnu.so\n'}
[0.325251] (my_robot_description) StdoutLine: {'line': b'-- Up-to-date: /home/pratik/ros2_ws/install/my_robot_description/lib/libmy_robot_description__rosidl_generator_py.so\n'}
[0.325365] (my_robot_description) StdoutLine: {'line': b'-- Up-to-date: /home/pratik/ros2_ws/install/my_robot_description/share/my_robot_description/srv/SetVelocity.idl\n'}
[0.325528] (my_robot_description) StdoutLine: {'line': b'-- Up-to-date: /home/pratik/ros2_ws/install/my_robot_description/share/my_robot_description/srv/SetVelocity.srv\n'}
[0.325554] (my_robot_description) StdoutLine: {'line': b'-- Up-to-date: /home/pratik/ros2_ws/install/my_robot_description/share/my_robot_description/srv/SetVelocity_Request.msg\n'}
[0.325576] (my_robot_description) StdoutLine: {'line': b'-- Up-to-date: /home/pratik/ros2_ws/install/my_robot_description/share/my_robot_description/srv/SetVelocity_Response.msg\n'}
[0.325597] (my_robot_description) StdoutLine: {'line': b'-- Up-to-date: /home/pratik/ros2_ws/install/my_robot_description/share/my_robot_description/urdf\n'}
[0.325692] (my_robot_description) StdoutLine: {'line': b'-- Up-to-date: /home/pratik/ros2_ws/install/my_robot_description/share/my_robot_description/urdf/robot.urdf.xacro\n'}
[0.325718] (my_robot_description) StdoutLine: {'line': b'-- Up-to-date: /home/pratik/ros2_ws/install/my_robot_description/share/my_robot_description/launch\n'}
[0.325772] (my_robot_description) StdoutLine: {'line': b'-- Up-to-date: /home/pratik/ros2_ws/install/my_robot_description/share/my_robot_description/launch/robot_gazebo_rviz.launch.py\n'}
[0.325797] (my_robot_description) StdoutLine: {'line': b'-- Up-to-date: /home/pratik/ros2_ws/install/my_robot_description/share/my_robot_description/worlds\n'}
[0.325833] (my_robot_description) StdoutLine: {'line': b'-- Up-to-date: /home/pratik/ros2_ws/install/my_robot_description/share/my_robot_description/worlds/my_world.world\n'}
[0.325856] (my_robot_description) StdoutLine: {'line': b'-- Up-to-date: /home/pratik/ros2_ws/install/my_robot_description/share/my_robot_description/models\n'}
[0.325879] (my_robot_description) StdoutLine: {'line': b'-- Up-to-date: /home/pratik/ros2_ws/install/my_robot_description/share/my_robot_description/models/cardboard_box\n'}
[0.325911] (my_robot_description) StdoutLine: {'line': b'-- Up-to-date: /home/pratik/ros2_ws/install/my_robot_description/share/my_robot_description/models/cardboard_box/meshes\n'}
[0.325934] (my_robot_description) StdoutLine: {'line': b'-- Up-to-date: /home/pratik/ros2_ws/install/my_robot_description/share/my_robot_description/models/cardboard_box/meshes/cardboard_box.dae\n'}
[0.325978] (my_robot_description) StdoutLine: {'line': b'-- Up-to-date: /home/pratik/ros2_ws/install/my_robot_description/share/my_robot_description/models/cardboard_box/meshes/cardboard_box.png\n'}
[0.326005] (my_robot_description) StdoutLine: {'line': b'-- Up-to-date: /home/pratik/ros2_ws/install/my_robot_description/share/my_robot_description/models/cardboard_box/model.sdf\n'}
[0.326028] (my_robot_description) StdoutLine: {'line': b'-- Up-to-date: /home/pratik/ros2_ws/install/my_robot_description/share/my_robot_description/models/cardboard_box/materials\n'}
[0.326071] (my_robot_description) StdoutLine: {'line': b'-- Up-to-date: /home/pratik/ros2_ws/install/my_robot_description/share/my_robot_description/models/cardboard_box/materials/textures\n'}
[0.326095] (my_robot_description) StdoutLine: {'line': b'-- Up-to-date: /home/pratik/ros2_ws/install/my_robot_description/share/my_robot_description/models/cardboard_box/materials/textures/cardboard_box.png\n'}
[0.326118] (my_robot_description) StdoutLine: {'line': b'-- Up-to-date: /home/pratik/ros2_ws/install/my_robot_description/share/my_robot_description/models/cardboard_box/thumbnails\n'}
[0.326171] (my_robot_description) StdoutLine: {'line': b'-- Up-to-date: /home/pratik/ros2_ws/install/my_robot_description/share/my_robot_description/models/cardboard_box/thumbnails/2.png\n'}
[0.326195] (my_robot_description) StdoutLine: {'line': b'-- Up-to-date: /home/pratik/ros2_ws/install/my_robot_description/share/my_robot_description/models/cardboard_box/thumbnails/5.png\n'}
[0.326216] (my_robot_description) StdoutLine: {'line': b'-- Up-to-date: /home/pratik/ros2_ws/install/my_robot_description/share/my_robot_description/models/cardboard_box/thumbnails/4.png\n'}
[0.326238] (my_robot_description) StdoutLine: {'line': b'-- Up-to-date: /home/pratik/ros2_ws/install/my_robot_description/share/my_robot_description/models/cardboard_box/thumbnails/3.png\n'}
[0.326258] (my_robot_description) StdoutLine: {'line': b'-- Up-to-date: /home/pratik/ros2_ws/install/my_robot_description/share/my_robot_description/models/cardboard_box/thumbnails/1.png\n'}
[0.326280] (my_robot_description) StdoutLine: {'line': b'-- Up-to-date: /home/pratik/ros2_ws/install/my_robot_description/share/my_robot_description/models/cardboard_box/model.config\n'}
[0.326445] (my_robot_description) StdoutLine: {'line': b'-- Up-to-date: /home/pratik/ros2_ws/install/my_robot_description/share/my_robot_description/models/MARBLE_HUSKY_SENSOR_CONFIG_2\n'}
[0.326586] (my_robot_description) StdoutLine: {'line': b'-- Up-to-date: /home/pratik/ros2_ws/install/my_robot_description/share/my_robot_description/models/MARBLE_HUSKY_SENSOR_CONFIG_2/meshes\n'}
[0.326659] (my_robot_description) StdoutLine: {'line': b'-- Up-to-date: /home/pratik/ros2_ws/install/my_robot_description/share/my_robot_description/models/MARBLE_HUSKY_SENSOR_CONFIG_2/meshes/spotlight.dae\n'}
[0.326682] (my_robot_description) StdoutLine: {'line': b'-- Up-to-date: /home/pratik/ros2_ws/install/my_robot_description/share/my_robot_description/models/MARBLE_HUSKY_SENSOR_CONFIG_2/meshes/user_rail.dae\n'}
[0.326703] (my_robot_description) StdoutLine: {'line': b'-- Up-to-date: /home/pratik/ros2_ws/install/my_robot_description/share/my_robot_description/models/MARBLE_HUSKY_SENSOR_CONFIG_2/meshes/base_link.dae\n'}
[0.326723] (my_robot_description) StdoutLine: {'line': b'-- Up-to-date: /home/pratik/ros2_ws/install/my_robot_description/share/my_robot_description/models/MARBLE_HUSKY_SENSOR_CONFIG_2/meshes/jpl04_arch_nosensor.stl\n'}
[0.326765] (my_robot_description) StdoutLine: {'line': b'-- Up-to-date: /home/pratik/ros2_ws/install/my_robot_description/share/my_robot_description/models/MARBLE_HUSKY_SENSOR_CONFIG_2/meshes/top_plate.dae\n'}
[0.326788] (my_robot_description) StdoutLine: {'line': b'-- Up-to-date: /home/pratik/ros2_ws/install/my_robot_description/share/my_robot_description/models/MARBLE_HUSKY_SENSOR_CONFIG_2/meshes/VLP16_base_2.dae\n'}
[0.326809] (my_robot_description) StdoutLine: {'line': b'-- Up-to-date: /home/pratik/ros2_ws/install/my_robot_description/share/my_robot_description/models/MARBLE_HUSKY_SENSOR_CONFIG_2/meshes/bumper.dae\n'}
[0.326867] (my_robot_description) StdoutLine: {'line': b'-- Up-to-date: /home/pratik/ros2_ws/install/my_robot_description/share/my_robot_description/models/MARBLE_HUSKY_SENSOR_CONFIG_2/meshes/VLP16_base_1.dae\n'}
[0.326891] (my_robot_description) StdoutLine: {'line': b'-- Up-to-date: /home/pratik/ros2_ws/install/my_robot_description/share/my_robot_description/models/MARBLE_HUSKY_SENSOR_CONFIG_2/meshes/VLP16_scan.dae\n'}
[0.326913] (my_robot_description) StdoutLine: {'line': b'-- Up-to-date: /home/pratik/ros2_ws/install/my_robot_description/share/my_robot_description/models/MARBLE_HUSKY_SENSOR_CONFIG_2/meshes/wheel.dae\n'}
[0.326935] (my_robot_description) StdoutLine: {'line': b'-- Up-to-date: /home/pratik/ros2_ws/install/my_robot_description/share/my_robot_description/models/MARBLE_HUSKY_SENSOR_CONFIG_2/meshes/realsense.dae\n'}
[0.326956] (my_robot_description) StdoutLine: {'line': b'-- Up-to-date: /home/pratik/ros2_ws/install/my_robot_description/share/my_robot_description/models/MARBLE_HUSKY_SENSOR_CONFIG_2/meshes/top_chassis.dae\n'}
[0.326978] (my_robot_description) StdoutLine: {'line': b'-- Up-to-date: /home/pratik/ros2_ws/install/my_robot_description/share/my_robot_description/models/MARBLE_HUSKY_SENSOR_CONFIG_2/model.sdf\n'}
[0.327022] (my_robot_description) StdoutLine: {'line': b'-- Up-to-date: /home/pratik/ros2_ws/install/my_robot_description/share/my_robot_description/models/MARBLE_HUSKY_SENSOR_CONFIG_2/materials\n'}
[0.327046] (my_robot_description) StdoutLine: {'line': b'-- Up-to-date: /home/pratik/ros2_ws/install/my_robot_description/share/my_robot_description/models/MARBLE_HUSKY_SENSOR_CONFIG_2/materials/textures\n'}
[0.327069] (my_robot_description) StdoutLine: {'line': b'-- Up-to-date: /home/pratik/ros2_ws/install/my_robot_description/share/my_robot_description/models/MARBLE_HUSKY_SENSOR_CONFIG_2/materials/textures/realsense_diffuse.jpg\n'}
[0.327092] (my_robot_description) StdoutLine: {'line': b'-- Up-to-date: /home/pratik/ros2_ws/install/my_robot_description/share/my_robot_description/models/MARBLE_HUSKY_SENSOR_CONFIG_2/materials/textures/spotlight.jpg\n'}
[0.327113] (my_robot_description) StdoutLine: {'line': b'-- Up-to-date: /home/pratik/ros2_ws/install/my_robot_description/share/my_robot_description/models/MARBLE_HUSKY_SENSOR_CONFIG_2/thumbnails\n'}
[0.327186] (my_robot_description) StdoutLine: {'line': b'-- Up-to-date: /home/pratik/ros2_ws/install/my_robot_description/share/my_robot_description/models/MARBLE_HUSKY_SENSOR_CONFIG_2/thumbnails/4.jpg\n'}
[0.327211] (my_robot_description) StdoutLine: {'line': b'-- Up-to-date: /home/pratik/ros2_ws/install/my_robot_description/share/my_robot_description/models/MARBLE_HUSKY_SENSOR_CONFIG_2/thumbnails/2.jpg\n'}
[0.327245] (my_robot_description) StdoutLine: {'line': b'-- Up-to-date: /home/pratik/ros2_ws/install/my_robot_description/share/my_robot_description/models/MARBLE_HUSKY_SENSOR_CONFIG_2/thumbnails/3.jpg\n'}
[0.327279] (my_robot_description) StdoutLine: {'line': b'-- Up-to-date: /home/pratik/ros2_ws/install/my_robot_description/share/my_robot_description/models/MARBLE_HUSKY_SENSOR_CONFIG_2/thumbnails/1.jpg\n'}
[0.327302] (my_robot_description) StdoutLine: {'line': b'-- Up-to-date: /home/pratik/ros2_ws/install/my_robot_description/share/my_robot_description/models/MARBLE_HUSKY_SENSOR_CONFIG_2/model.config\n'}
[0.327324] (my_robot_description) StdoutLine: {'line': b'-- Up-to-date: /home/pratik/ros2_ws/install/my_robot_description/share/my_robot_description/models/coke_can\n'}
[0.327347] (my_robot_description) StdoutLine: {'line': b'-- Up-to-date: /home/pratik/ros2_ws/install/my_robot_description/share/my_robot_description/models/coke_can/meshes\n'}
[0.327369] (my_robot_description) StdoutLine: {'line': b'-- Up-to-date: /home/pratik/ros2_ws/install/my_robot_description/share/my_robot_description/models/coke_can/meshes/coke_can.dae\n'}
[0.327391] (my_robot_description) StdoutLine: {'line': b'-- Up-to-date: /home/pratik/ros2_ws/install/my_robot_description/share/my_robot_description/models/coke_can/model.sdf\n'}
[0.327414] (my_robot_description) StdoutLine: {'line': b'-- Up-to-date: /home/pratik/ros2_ws/install/my_robot_description/share/my_robot_description/models/coke_can/materials\n'}
[0.327453] (my_robot_description) StdoutLine: {'line': b'-- Up-to-date: /home/pratik/ros2_ws/install/my_robot_description/share/my_robot_description/models/coke_can/materials/textures\n'}
[0.327499] (my_robot_description) StdoutLine: {'line': b'-- Up-to-date: /home/pratik/ros2_ws/install/my_robot_description/share/my_robot_description/models/coke_can/materials/textures/coke_can.png\n'}
[0.327521] (my_robot_description) StdoutLine: {'line': b'-- Up-to-date: /home/pratik/ros2_ws/install/my_robot_description/share/my_robot_description/models/coke_can/model-1_2.sdf\n'}
[0.327605] (my_robot_description) StdoutLine: {'line': b'-- Up-to-date: /home/pratik/ros2_ws/install/my_robot_description/share/my_robot_description/models/coke_can/thumbnails\n'}
[0.327626] (my_robot_description) StdoutLine: {'line': b'-- Up-to-date: /home/pratik/ros2_ws/install/my_robot_description/share/my_robot_description/models/coke_can/thumbnails/2.png\n'}
[0.327646] (my_robot_description) StdoutLine: {'line': b'-- Up-to-date: /home/pratik/ros2_ws/install/my_robot_description/share/my_robot_description/models/coke_can/thumbnails/5.png\n'}
[0.327695] (my_robot_description) StdoutLine: {'line': b'-- Up-to-date: /home/pratik/ros2_ws/install/my_robot_description/share/my_robot_description/models/coke_can/thumbnails/4.png\n'}
[0.327715] (my_robot_description) StdoutLine: {'line': b'-- Up-to-date: /home/pratik/ros2_ws/install/my_robot_description/share/my_robot_description/models/coke_can/thumbnails/3.png\n'}
[0.327736] (my_robot_description) StdoutLine: {'line': b'-- Up-to-date: /home/pratik/ros2_ws/install/my_robot_description/share/my_robot_description/models/coke_can/thumbnails/1.png\n'}
[0.327770] (my_robot_description) StdoutLine: {'line': b'-- Up-to-date: /home/pratik/ros2_ws/install/my_robot_description/share/my_robot_description/models/coke_can/model.config\n'}
[0.327793] (my_robot_description) StdoutLine: {'line': b'-- Up-to-date: /home/pratik/ros2_ws/install/my_robot_description/share/my_robot_description/models/coke_can/model-1_3.sdf\n'}
[0.327816] (my_robot_description) StdoutLine: {'line': b'-- Up-to-date: /home/pratik/ros2_ws/install/my_robot_description/share/my_robot_description/models/coke_can/model-1_4.sdf\n'}
[0.327851] (my_robot_description) StdoutLine: {'line': b'-- Up-to-date: /home/pratik/ros2_ws/install/my_robot_description/share/my_robot_description/models/LitterBin\n'}
[0.327876] (my_robot_description) StdoutLine: {'line': b'-- Up-to-date: /home/pratik/ros2_ws/install/my_robot_description/share/my_robot_description/models/LitterBin/meshes\n'}
[0.327913] (my_robot_description) StdoutLine: {'line': b'-- Up-to-date: /home/pratik/ros2_ws/install/my_robot_description/share/my_robot_description/models/LitterBin/meshes/LitterBin_Diffuse.png\n'}
[0.327934] (my_robot_description) StdoutLine: {'line': b'-- Up-to-date: /home/pratik/ros2_ws/install/my_robot_description/share/my_robot_description/models/LitterBin/meshes/Litter.obj\n'}
[0.327959] (my_robot_description) StdoutLine: {'line': b'-- Up-to-date: /home/pratik/ros2_ws/install/my_robot_description/share/my_robot_description/models/LitterBin/meshes/Litter.mtl\n'}
[0.327981] (my_robot_description) StdoutLine: {'line': b'-- Up-to-date: /home/pratik/ros2_ws/install/my_robot_description/share/my_robot_description/models/LitterBin/model.sdf\n'}
[0.328003] (my_robot_description) StdoutLine: {'line': b'-- Up-to-date: /home/pratik/ros2_ws/install/my_robot_description/share/my_robot_description/models/LitterBin/thumbnails\n'}
[0.328036] (my_robot_description) StdoutLine: {'line': b'-- Up-to-date: /home/pratik/ros2_ws/install/my_robot_description/share/my_robot_description/models/LitterBin/thumbnails/2.png\n'}
[0.328072] (my_robot_description) StdoutLine: {'line': b'-- Up-to-date: /home/pratik/ros2_ws/install/my_robot_description/share/my_robot_description/models/LitterBin/thumbnails/5.png\n'}
[0.328096] (my_robot_description) StdoutLine: {'line': b'-- Up-to-date: /home/pratik/ros2_ws/install/my_robot_description/share/my_robot_description/models/LitterBin/thumbnails/4.png\n'}
[0.328118] (my_robot_description) StdoutLine: {'line': b'-- Up-to-date: /home/pratik/ros2_ws/install/my_robot_description/share/my_robot_description/models/LitterBin/thumbnails/3.png\n'}
[0.328140] (my_robot_description) StdoutLine: {'line': b'-- Up-to-date: /home/pratik/ros2_ws/install/my_robot_description/share/my_robot_description/models/LitterBin/thumbnails/1.png\n'}
[0.328163] (my_robot_description) StdoutLine: {'line': b'-- Up-to-date: /home/pratik/ros2_ws/install/my_robot_description/share/my_robot_description/models/LitterBin/model.config\n'}
[0.328188] (my_robot_description) StdoutLine: {'line': b'-- Up-to-date: /home/pratik/ros2_ws/install/my_robot_description/share/my_robot_description/models/Table\n'}
[0.328211] (my_robot_description) StdoutLine: {'line': b'-- Up-to-date: /home/pratik/ros2_ws/install/my_robot_description/share/my_robot_description/models/Table/model.sdf\n'}
[0.328249] (my_robot_description) StdoutLine: {'line': b'-- Up-to-date: /home/pratik/ros2_ws/install/my_robot_description/share/my_robot_description/models/Table/Table_Diffuse.jpg\n'}
[0.328271] (my_robot_description) StdoutLine: {'line': b'-- Up-to-date: /home/pratik/ros2_ws/install/my_robot_description/share/my_robot_description/models/Table/model-1_2.sdf\n'}
[0.328322] (my_robot_description) StdoutLine: {'line': b'-- Up-to-date: /home/pratik/ros2_ws/install/my_robot_description/share/my_robot_description/models/Table/thumbnails\n'}
[0.328356] (my_robot_description) StdoutLine: {'line': b'-- Up-to-date: /home/pratik/ros2_ws/install/my_robot_description/share/my_robot_description/models/Table/thumbnails/2.png\n'}
[0.328378] (my_robot_description) StdoutLine: {'line': b'-- Up-to-date: /home/pratik/ros2_ws/install/my_robot_description/share/my_robot_description/models/Table/thumbnails/5.png\n'}
[0.328410] (my_robot_description) StdoutLine: {'line': b'-- Up-to-date: /home/pratik/ros2_ws/install/my_robot_description/share/my_robot_description/models/Table/thumbnails/4.png\n'}
[0.328459] (my_robot_description) StdoutLine: {'line': b'-- Up-to-date: /home/pratik/ros2_ws/install/my_robot_description/share/my_robot_description/models/Table/thumbnails/3.png\n'}
[0.328484] (my_robot_description) StdoutLine: {'line': b'-- Up-to-date: /home/pratik/ros2_ws/install/my_robot_description/share/my_robot_description/models/Table/thumbnails/1.png\n'}
[0.328506] (my_robot_description) StdoutLine: {'line': b'-- Up-to-date: /home/pratik/ros2_ws/install/my_robot_description/share/my_robot_description/models/Table/model.config\n'}
[0.328528] (my_robot_description) StdoutLine: {'line': b'-- Up-to-date: /home/pratik/ros2_ws/install/my_robot_description/share/my_robot_description/models/Table/model-1_3.sdf\n'}
[0.328562] (my_robot_description) StdoutLine: {'line': b'-- Up-to-date: /home/pratik/ros2_ws/install/my_robot_description/share/my_robot_description/models/Table/model-1_4.sdf\n'}
[0.328584] (my_robot_description) StdoutLine: {'line': b'-- Up-to-date: /home/pratik/ros2_ws/install/my_robot_description/share/my_robot_description/models/first_2015_trash_can\n'}
[0.328615] (my_robot_description) StdoutLine: {'line': b'-- Up-to-date: /home/pratik/ros2_ws/install/my_robot_description/share/my_robot_description/models/first_2015_trash_can/meshes\n'}
[0.328637] (my_robot_description) StdoutLine: {'line': b'-- Up-to-date: /home/pratik/ros2_ws/install/my_robot_description/share/my_robot_description/models/first_2015_trash_can/meshes/trash_can.dae\n'}
[0.328674] (my_robot_description) StdoutLine: {'line': b'-- Up-to-date: /home/pratik/ros2_ws/install/my_robot_description/share/my_robot_description/models/first_2015_trash_can/model.sdf\n'}
[0.328706] (my_robot_description) StdoutLine: {'line': b'-- Up-to-date: /home/pratik/ros2_ws/install/my_robot_description/share/my_robot_description/models/first_2015_trash_can/thumbnails\n'}
[0.328726] (my_robot_description) StdoutLine: {'line': b'-- Up-to-date: /home/pratik/ros2_ws/install/my_robot_description/share/my_robot_description/models/first_2015_trash_can/thumbnails/2.png\n'}
[0.328750] (my_robot_description) StdoutLine: {'line': b'-- Up-to-date: /home/pratik/ros2_ws/install/my_robot_description/share/my_robot_description/models/first_2015_trash_can/thumbnails/5.png\n'}
[0.328774] (my_robot_description) StdoutLine: {'line': b'-- Up-to-date: /home/pratik/ros2_ws/install/my_robot_description/share/my_robot_description/models/first_2015_trash_can/thumbnails/4.png\n'}
[0.328798] (my_robot_description) StdoutLine: {'line': b'-- Up-to-date: /home/pratik/ros2_ws/install/my_robot_description/share/my_robot_description/models/first_2015_trash_can/thumbnails/3.png\n'}
[0.328820] (my_robot_description) StdoutLine: {'line': b'-- Up-to-date: /home/pratik/ros2_ws/install/my_robot_description/share/my_robot_description/models/first_2015_trash_can/thumbnails/1.png\n'}
[0.328842] (my_robot_description) StdoutLine: {'line': b'-- Up-to-date: /home/pratik/ros2_ws/install/my_robot_description/share/my_robot_description/models/first_2015_trash_can/model.config\n'}
[0.328865] (my_robot_description) StdoutLine: {'line': b'-- Up-to-date: /home/pratik/ros2_ws/install/my_robot_description/share/my_robot_description/models/Office Chair\n'}
[0.328887] (my_robot_description) StdoutLine: {'line': b'-- Up-to-date: /home/pratik/ros2_ws/install/my_robot_description/share/my_robot_description/models/Office Chair/meshes\n'}
[0.328910] (my_robot_description) StdoutLine: {'line': b'-- Up-to-date: /home/pratik/ros2_ws/install/my_robot_description/share/my_robot_description/models/Office Chair/meshes/officechair.dae\n'}
[0.328933] (my_robot_description) StdoutLine: {'line': b'-- Up-to-date: /home/pratik/ros2_ws/install/my_robot_description/share/my_robot_description/models/Office Chair/model.sdf\n'}
[0.328966] (my_robot_description) StdoutLine: {'line': b'-- Up-to-date: /home/pratik/ros2_ws/install/my_robot_description/share/my_robot_description/models/Office Chair/materials\n'}
[0.329027] (my_robot_description) StdoutLine: {'line': b'-- Up-to-date: /home/pratik/ros2_ws/install/my_robot_description/share/my_robot_description/models/Office Chair/materials/textures\n'}
[0.329048] (my_robot_description) StdoutLine: {'line': b'-- Up-to-date: /home/pratik/ros2_ws/install/my_robot_description/share/my_robot_description/models/Office Chair/materials/textures/OfficeChair_Roughness.png\n'}
[0.329111] (my_robot_description) StdoutLine: {'line': b'-- Up-to-date: /home/pratik/ros2_ws/install/my_robot_description/share/my_robot_description/models/Office Chair/materials/textures/OfficeChair_Albedo.png\n'}
[0.329135] (my_robot_description) StdoutLine: {'line': b'-- Up-to-date: /home/pratik/ros2_ws/install/my_robot_description/share/my_robot_description/models/Office Chair/materials/textures/OfficeChair_Normal.png\n'}
[0.329155] (my_robot_description) StdoutLine: {'line': b'-- Up-to-date: /home/pratik/ros2_ws/install/my_robot_description/share/my_robot_description/models/Office Chair/materials/textures/OfficeChair_Metalness.png\n'}
[0.329190] (my_robot_description) StdoutLine: {'line': b'-- Up-to-date: /home/pratik/ros2_ws/install/my_robot_description/share/my_robot_description/models/Office Chair/thumbnails\n'}
[0.329210] (my_robot_description) StdoutLine: {'line': b'-- Up-to-date: /home/pratik/ros2_ws/install/my_robot_description/share/my_robot_description/models/Office Chair/thumbnails/OfficeChair.png\n'}
[0.329236] (my_robot_description) StdoutLine: {'line': b'-- Up-to-date: /home/pratik/ros2_ws/install/my_robot_description/share/my_robot_description/models/Office Chair/model.config\n'}
[0.329259] (my_robot_description) StdoutLine: {'line': b'-- Up-to-date: /home/pratik/ros2_ws/install/my_robot_description/share/my_robot_description/models/mailbox\n'}
[0.329282] (my_robot_description) StdoutLine: {'line': b'-- Up-to-date: /home/pratik/ros2_ws/install/my_robot_description/share/my_robot_description/models/mailbox/meshes\n'}
[0.329304] (my_robot_description) StdoutLine: {'line': b'-- Up-to-date: /home/pratik/ros2_ws/install/my_robot_description/share/my_robot_description/models/mailbox/meshes/mailbox.dae\n'}
[0.329329] (my_robot_description) StdoutLine: {'line': b'-- Up-to-date: /home/pratik/ros2_ws/install/my_robot_description/share/my_robot_description/models/mailbox/meshes/Mailbox_Spec.png\n'}
[0.329352] (my_robot_description) StdoutLine: {'line': b'-- Up-to-date: /home/pratik/ros2_ws/install/my_robot_description/share/my_robot_description/models/mailbox/meshes/Mailbox_Diffuse.png\n'}
[0.329374] (my_robot_description) StdoutLine: {'line': b'-- Up-to-date: /home/pratik/ros2_ws/install/my_robot_description/share/my_robot_description/models/mailbox/model.sdf\n'}
[0.329397] (my_robot_description) StdoutLine: {'line': b'-- Up-to-date: /home/pratik/ros2_ws/install/my_robot_description/share/my_robot_description/models/mailbox/materials\n'}
[0.329429] (my_robot_description) StdoutLine: {'line': b'-- Up-to-date: /home/pratik/ros2_ws/install/my_robot_description/share/my_robot_description/models/mailbox/materials/scripts\n'}
[0.329451] (my_robot_description) StdoutLine: {'line': b'-- Up-to-date: /home/pratik/ros2_ws/install/my_robot_description/share/my_robot_description/models/mailbox/materials/scripts/mailbox.material\n'}
[0.329490] (my_robot_description) StdoutLine: {'line': b'-- Up-to-date: /home/pratik/ros2_ws/install/my_robot_description/share/my_robot_description/models/mailbox/materials/textures\n'}
[0.329512] (my_robot_description) StdoutLine: {'line': b'-- Up-to-date: /home/pratik/ros2_ws/install/my_robot_description/share/my_robot_description/models/mailbox/materials/textures/Mailbox_Spec.png\n'}
[0.329536] (my_robot_description) StdoutLine: {'line': b'-- Up-to-date: /home/pratik/ros2_ws/install/my_robot_description/share/my_robot_description/models/mailbox/materials/textures/Mailbox_Diffuse.tga.orig\n'}
[0.329558] (my_robot_description) StdoutLine: {'line': b'-- Up-to-date: /home/pratik/ros2_ws/install/my_robot_description/share/my_robot_description/models/mailbox/materials/textures/Mailbox_Diffuse.png\n'}
[0.329582] (my_robot_description) StdoutLine: {'line': b'-- Up-to-date: /home/pratik/ros2_ws/install/my_robot_description/share/my_robot_description/models/mailbox/thumbnails\n'}
[0.329603] (my_robot_description) StdoutLine: {'line': b'-- Up-to-date: /home/pratik/ros2_ws/install/my_robot_description/share/my_robot_description/models/mailbox/thumbnails/2.png\n'}
[0.329626] (my_robot_description) StdoutLine: {'line': b'-- Up-to-date: /home/pratik/ros2_ws/install/my_robot_description/share/my_robot_description/models/mailbox/thumbnails/5.png\n'}
[0.329647] (my_robot_description) StdoutLine: {'line': b'-- Up-to-date: /home/pratik/ros2_ws/install/my_robot_description/share/my_robot_description/models/mailbox/thumbnails/4.png\n'}
[0.329670] (my_robot_description) StdoutLine: {'line': b'-- Up-to-date: /home/pratik/ros2_ws/install/my_robot_description/share/my_robot_description/models/mailbox/thumbnails/3.png\n'}
[0.329692] (my_robot_description) StdoutLine: {'line': b'-- Up-to-date: /home/pratik/ros2_ws/install/my_robot_description/share/my_robot_description/models/mailbox/thumbnails/1.png\n'}
[0.329714] (my_robot_description) StdoutLine: {'line': b'-- Up-to-date: /home/pratik/ros2_ws/install/my_robot_description/share/my_robot_description/models/mailbox/model.config\n'}
[0.329736] (my_robot_description) StdoutLine: {'line': b'-- Up-to-date: /home/pratik/ros2_ws/install/my_robot_description/share/my_robot_description/models/mailbox/model-1_3.sdf\n'}
[0.329758] (my_robot_description) StdoutLine: {'line': b'-- Up-to-date: /home/pratik/ros2_ws/install/my_robot_description/share/my_robot_description/models/mailbox/model-1_4.sdf\n'}
[0.329780] (my_robot_description) StdoutLine: {'line': b'-- Up-to-date: /home/pratik/ros2_ws/install/my_robot_description/share/my_robot_description/models/RoboCup SPL Ball\n'}
[0.329803] (my_robot_description) StdoutLine: {'line': b'-- Up-to-date: /home/pratik/ros2_ws/install/my_robot_description/share/my_robot_description/models/RoboCup SPL Ball/model.sdf\n'}
[0.329825] (my_robot_description) StdoutLine: {'line': b'-- Up-to-date: /home/pratik/ros2_ws/install/my_robot_description/share/my_robot_description/models/RoboCup SPL Ball/thumbnails\n'}
[0.329859] (my_robot_description) StdoutLine: {'line': b'-- Up-to-date: /home/pratik/ros2_ws/install/my_robot_description/share/my_robot_description/models/RoboCup SPL Ball/thumbnails/2.png\n'}
[0.329882] (my_robot_description) StdoutLine: {'line': b'-- Up-to-date: /home/pratik/ros2_ws/install/my_robot_description/share/my_robot_description/models/RoboCup SPL Ball/thumbnails/5.png\n'}
[0.329939] (my_robot_description) StdoutLine: {'line': b'-- Up-to-date: /home/pratik/ros2_ws/install/my_robot_description/share/my_robot_description/models/RoboCup SPL Ball/thumbnails/4.png\n'}
[0.329961] (my_robot_description) StdoutLine: {'line': b'-- Up-to-date: /home/pratik/ros2_ws/install/my_robot_description/share/my_robot_description/models/RoboCup SPL Ball/thumbnails/3.png\n'}
[0.329999] (my_robot_description) StdoutLine: {'line': b'-- Up-to-date: /home/pratik/ros2_ws/install/my_robot_description/share/my_robot_description/models/RoboCup SPL Ball/thumbnails/1.png\n'}
[0.330022] (my_robot_description) StdoutLine: {'line': b'-- Up-to-date: /home/pratik/ros2_ws/install/my_robot_description/share/my_robot_description/models/RoboCup SPL Ball/model.config\n'}
[0.330076] (my_robot_description) StdoutLine: {'line': b'-- Up-to-date: /home/pratik/ros2_ws/install/my_robot_description/share/my_robot_description/models/brick_box_3x1x3\n'}
[0.330097] (my_robot_description) StdoutLine: {'line': b'-- Up-to-date: /home/pratik/ros2_ws/install/my_robot_description/share/my_robot_description/models/brick_box_3x1x3/meshes\n'}
[0.330118] (my_robot_description) StdoutLine: {'line': b'-- Up-to-date: /home/pratik/ros2_ws/install/my_robot_description/share/my_robot_description/models/brick_box_3x1x3/meshes/simple_box.dae\n'}
[0.330151] (my_robot_description) StdoutLine: {'line': b'-- Up-to-date: /home/pratik/ros2_ws/install/my_robot_description/share/my_robot_description/models/brick_box_3x1x3/model.sdf\n'}
[0.330195] (my_robot_description) StdoutLine: {'line': b'-- Up-to-date: /home/pratik/ros2_ws/install/my_robot_description/share/my_robot_description/models/brick_box_3x1x3/materials\n'}
[0.330219] (my_robot_description) StdoutLine: {'line': b'-- Up-to-date: /home/pratik/ros2_ws/install/my_robot_description/share/my_robot_description/models/brick_box_3x1x3/materials/scripts\n'}
[0.330243] (my_robot_description) StdoutLine: {'line': b'-- Up-to-date: /home/pratik/ros2_ws/install/my_robot_description/share/my_robot_description/models/brick_box_3x1x3/materials/scripts/brick_box.material\n'}
[0.330275] (my_robot_description) StdoutLine: {'line': b'-- Up-to-date: /home/pratik/ros2_ws/install/my_robot_description/share/my_robot_description/models/brick_box_3x1x3/materials/textures\n'}
[0.330300] (my_robot_description) StdoutLine: {'line': b'-- Up-to-date: /home/pratik/ros2_ws/install/my_robot_description/share/my_robot_description/models/brick_box_3x1x3/materials/textures/simple_box.png\n'}
[0.330323] (my_robot_description) StdoutLine: {'line': b'-- Up-to-date: /home/pratik/ros2_ws/install/my_robot_description/share/my_robot_description/models/brick_box_3x1x3/thumbnails\n'}
[0.330358] (my_robot_description) StdoutLine: {'line': b'-- Up-to-date: /home/pratik/ros2_ws/install/my_robot_description/share/my_robot_description/models/brick_box_3x1x3/thumbnails/2.png\n'}
[0.330380] (my_robot_description) StdoutLine: {'line': b'-- Up-to-date: /home/pratik/ros2_ws/install/my_robot_description/share/my_robot_description/models/brick_box_3x1x3/thumbnails/5.png\n'}
[0.330405] (my_robot_description) StdoutLine: {'line': b'-- Up-to-date: /home/pratik/ros2_ws/install/my_robot_description/share/my_robot_description/models/brick_box_3x1x3/thumbnails/4.png\n'}
[0.330427] (my_robot_description) StdoutLine: {'line': b'-- Up-to-date: /home/pratik/ros2_ws/install/my_robot_description/share/my_robot_description/models/brick_box_3x1x3/thumbnails/3.png\n'}
[0.330448] (my_robot_description) StdoutLine: {'line': b'-- Up-to-date: /home/pratik/ros2_ws/install/my_robot_description/share/my_robot_description/models/brick_box_3x1x3/thumbnails/1.png\n'}
[0.330488] (my_robot_description) StdoutLine: {'line': b'-- Up-to-date: /home/pratik/ros2_ws/install/my_robot_description/share/my_robot_description/models/brick_box_3x1x3/model.config\n'}
[0.330511] (my_robot_description) StdoutLine: {'line': b'-- Up-to-date: /home/pratik/ros2_ws/install/my_robot_description/share/my_robot_description/models/brick_box_3x1x3/model-1_3.sdf\n'}
[0.330557] (my_robot_description) StdoutLine: {'line': b'-- Up-to-date: /home/pratik/ros2_ws/install/my_robot_description/share/my_robot_description/models/brick_box_3x1x3/model-1_4.sdf\n'}
[0.330580] (my_robot_description) StdoutLine: {'line': b'-- Up-to-date: /home/pratik/ros2_ws/install/my_robot_description/share/my_robot_description/models/fire_hydrant\n'}
[0.330602] (my_robot_description) StdoutLine: {'line': b'-- Up-to-date: /home/pratik/ros2_ws/install/my_robot_description/share/my_robot_description/models/fire_hydrant/meshes\n'}
[0.330624] (my_robot_description) StdoutLine: {'line': b'-- Up-to-date: /home/pratik/ros2_ws/install/my_robot_description/share/my_robot_description/models/fire_hydrant/meshes/fire_hydrant_diffuse.png\n'}
[0.330646] (my_robot_description) StdoutLine: {'line': b'-- Up-to-date: /home/pratik/ros2_ws/install/my_robot_description/share/my_robot_description/models/fire_hydrant/meshes/fire_hydrant_spec.png\n'}
[0.330668] (my_robot_description) StdoutLine: {'line': b'-- Up-to-date: /home/pratik/ros2_ws/install/my_robot_description/share/my_robot_description/models/fire_hydrant/meshes/fire_hydrant.dae\n'}
[0.330691] (my_robot_description) StdoutLine: {'line': b'-- Up-to-date: /home/pratik/ros2_ws/install/my_robot_description/share/my_robot_description/models/fire_hydrant/model.sdf\n'}
[0.330713] (my_robot_description) StdoutLine: {'line': b'-- Up-to-date: /home/pratik/ros2_ws/install/my_robot_description/share/my_robot_description/models/fire_hydrant/materials\n'}
[0.330745] (my_robot_description) StdoutLine: {'line': b'-- Up-to-date: /home/pratik/ros2_ws/install/my_robot_description/share/my_robot_description/models/fire_hydrant/materials/textures\n'}
[0.330768] (my_robot_description) StdoutLine: {'line': b'-- Up-to-date: /home/pratik/ros2_ws/install/my_robot_description/share/my_robot_description/models/fire_hydrant/materials/textures/fire_hydrant_diffuse.png\n'}
[0.330807] (my_robot_description) StdoutLine: {'line': b'-- Up-to-date: /home/pratik/ros2_ws/install/my_robot_description/share/my_robot_description/models/fire_hydrant/materials/textures/fire_hydrant_spec.png\n'}
[0.330826] (my_robot_description) StdoutLine: {'line': b'-- Up-to-date: /home/pratik/ros2_ws/install/my_robot_description/share/my_robot_description/models/fire_hydrant/thumbnails\n'}
[0.330856] (my_robot_description) StdoutLine: {'line': b'-- Up-to-date: /home/pratik/ros2_ws/install/my_robot_description/share/my_robot_description/models/fire_hydrant/thumbnails/2.png\n'}
[0.330878] (my_robot_description) StdoutLine: {'line': b'-- Up-to-date: /home/pratik/ros2_ws/install/my_robot_description/share/my_robot_description/models/fire_hydrant/thumbnails/5.png\n'}
[0.330912] (my_robot_description) StdoutLine: {'line': b'-- Up-to-date: /home/pratik/ros2_ws/install/my_robot_description/share/my_robot_description/models/fire_hydrant/thumbnails/4.png\n'}
[0.330954] (my_robot_description) StdoutLine: {'line': b'-- Up-to-date: /home/pratik/ros2_ws/install/my_robot_description/share/my_robot_description/models/fire_hydrant/thumbnails/3.png\n'}
[0.330985] (my_robot_description) StdoutLine: {'line': b'-- Up-to-date: /home/pratik/ros2_ws/install/my_robot_description/share/my_robot_description/models/fire_hydrant/thumbnails/1.png\n'}
[0.331005] (my_robot_description) StdoutLine: {'line': b'-- Up-to-date: /home/pratik/ros2_ws/install/my_robot_description/share/my_robot_description/models/fire_hydrant/model.config\n'}
[0.331028] (my_robot_description) StdoutLine: {'line': b'-- Up-to-date: /home/pratik/ros2_ws/install/my_robot_description/share/my_robot_description/models/fire_hydrant/model-1_4.sdf\n'}
[0.331052] (my_robot_description) StdoutLine: {'line': b'-- Up-to-date: /home/pratik/ros2_ws/install/my_robot_description/share/my_robot_description/models/Mine Cart\n'}
[0.331073] (my_robot_description) StdoutLine: {'line': b'-- Up-to-date: /home/pratik/ros2_ws/install/my_robot_description/share/my_robot_description/models/Mine Cart/meshes\n'}
[0.331095] (my_robot_description) StdoutLine: {'line': b'-- Up-to-date: /home/pratik/ros2_ws/install/my_robot_description/share/my_robot_description/models/Mine Cart/meshes/minecart.dae\n'}
[0.331119] (my_robot_description) StdoutLine: {'line': b'-- Up-to-date: /home/pratik/ros2_ws/install/my_robot_description/share/my_robot_description/models/Mine Cart/model.sdf\n'}
[0.331141] (my_robot_description) StdoutLine: {'line': b'-- Up-to-date: /home/pratik/ros2_ws/install/my_robot_description/share/my_robot_description/models/Mine Cart/metadata.pbtxt\n'}
[0.331166] (my_robot_description) StdoutLine: {'line': b'-- Up-to-date: /home/pratik/ros2_ws/install/my_robot_description/share/my_robot_description/models/Mine Cart/materials\n'}
[0.331202] (my_robot_description) StdoutLine: {'line': b'-- Up-to-date: /home/pratik/ros2_ws/install/my_robot_description/share/my_robot_description/models/Mine Cart/materials/scripts\n'}
[0.331257] (my_robot_description) StdoutLine: {'line': b'-- Up-to-date: /home/pratik/ros2_ws/install/my_robot_description/share/my_robot_description/models/Mine Cart/materials/scripts/model.material\n'}
[0.331280] (my_robot_description) StdoutLine: {'line': b'-- Up-to-date: /home/pratik/ros2_ws/install/my_robot_description/share/my_robot_description/models/Mine Cart/materials/textures\n'}
[0.331315] (my_robot_description) StdoutLine: {'line': b'-- Up-to-date: /home/pratik/ros2_ws/install/my_robot_description/share/my_robot_description/models/Mine Cart/materials/textures/MineCart_Roughness.png\n'}
[0.331339] (my_robot_description) StdoutLine: {'line': b'-- Up-to-date: /home/pratik/ros2_ws/install/my_robot_description/share/my_robot_description/models/Mine Cart/materials/textures/MineCart_Albedo.png\n'}
[0.331362] (my_robot_description) StdoutLine: {'line': b'-- Up-to-date: /home/pratik/ros2_ws/install/my_robot_description/share/my_robot_description/models/Mine Cart/materials/textures/MineCart_Metalness.png\n'}
[0.331383] (my_robot_description) StdoutLine: {'line': b'-- Up-to-date: /home/pratik/ros2_ws/install/my_robot_description/share/my_robot_description/models/Mine Cart/thumbnails\n'}
[0.331405] (my_robot_description) StdoutLine: {'line': b'-- Up-to-date: /home/pratik/ros2_ws/install/my_robot_description/share/my_robot_description/models/Mine Cart/thumbnails/2.png\n'}
[0.331428] (my_robot_description) StdoutLine: {'line': b'-- Up-to-date: /home/pratik/ros2_ws/install/my_robot_description/share/my_robot_description/models/Mine Cart/thumbnails/4.png\n'}
[0.331451] (my_robot_description) StdoutLine: {'line': b'-- Up-to-date: /home/pratik/ros2_ws/install/my_robot_description/share/my_robot_description/models/Mine Cart/thumbnails/3.png\n'}
[0.331489] (my_robot_description) StdoutLine: {'line': b'-- Up-to-date: /home/pratik/ros2_ws/install/my_robot_description/share/my_robot_description/models/Mine Cart/thumbnails/1.png\n'}
[0.331535] (my_robot_description) StdoutLine: {'line': b'-- Up-to-date: /home/pratik/ros2_ws/install/my_robot_description/share/my_robot_description/models/Mine Cart/model.config\n'}
[0.331558] (my_robot_description) StdoutLine: {'line': b'-- Up-to-date: /home/pratik/ros2_ws/install/my_robot_description/share/my_robot_description/models/nist_maze_wall_120\n'}
[0.331581] (my_robot_description) StdoutLine: {'line': b'-- Up-to-date: /home/pratik/ros2_ws/install/my_robot_description/share/my_robot_description/models/nist_maze_wall_120/meshes\n'}
[0.331605] (my_robot_description) StdoutLine: {'line': b'-- Up-to-date: /home/pratik/ros2_ws/install/my_robot_description/share/my_robot_description/models/nist_maze_wall_120/meshes/nist_maze_wall_120.dae\n'}
[0.331628] (my_robot_description) StdoutLine: {'line': b'-- Up-to-date: /home/pratik/ros2_ws/install/my_robot_description/share/my_robot_description/models/nist_maze_wall_120/model.sdf\n'}
[0.331650] (my_robot_description) StdoutLine: {'line': b'-- Up-to-date: /home/pratik/ros2_ws/install/my_robot_description/share/my_robot_description/models/nist_maze_wall_120/materials\n'}
[0.331672] (my_robot_description) StdoutLine: {'line': b'-- Up-to-date: /home/pratik/ros2_ws/install/my_robot_description/share/my_robot_description/models/nist_maze_wall_120/materials/textures\n'}
[0.331694] (my_robot_description) StdoutLine: {'line': b'-- Up-to-date: /home/pratik/ros2_ws/install/my_robot_description/share/my_robot_description/models/nist_maze_wall_120/materials/textures/plywood256x256.png\n'}
[0.331716] (my_robot_description) StdoutLine: {'line': b'-- Up-to-date: /home/pratik/ros2_ws/install/my_robot_description/share/my_robot_description/models/nist_maze_wall_120/model-1_2.sdf\n'}
[0.331749] (my_robot_description) StdoutLine: {'line': b'-- Up-to-date: /home/pratik/ros2_ws/install/my_robot_description/share/my_robot_description/models/nist_maze_wall_120/thumbnails\n'}
[0.331771] (my_robot_description) StdoutLine: {'line': b'-- Up-to-date: /home/pratik/ros2_ws/install/my_robot_description/share/my_robot_description/models/nist_maze_wall_120/thumbnails/2.png\n'}
[0.331793] (my_robot_description) StdoutLine: {'line': b'-- Up-to-date: /home/pratik/ros2_ws/install/my_robot_description/share/my_robot_description/models/nist_maze_wall_120/thumbnails/5.png\n'}
[0.331848] (my_robot_description) StdoutLine: {'line': b'-- Up-to-date: /home/pratik/ros2_ws/install/my_robot_description/share/my_robot_description/models/nist_maze_wall_120/thumbnails/4.png\n'}
[0.331874] (my_robot_description) StdoutLine: {'line': b'-- Up-to-date: /home/pratik/ros2_ws/install/my_robot_description/share/my_robot_description/models/nist_maze_wall_120/thumbnails/3.png\n'}
[0.331896] (my_robot_description) StdoutLine: {'line': b'-- Up-to-date: /home/pratik/ros2_ws/install/my_robot_description/share/my_robot_description/models/nist_maze_wall_120/thumbnails/1.png\n'}
[0.331920] (my_robot_description) StdoutLine: {'line': b'-- Up-to-date: /home/pratik/ros2_ws/install/my_robot_description/share/my_robot_description/models/nist_maze_wall_120/model.config\n'}
[0.331944] (my_robot_description) StdoutLine: {'line': b'-- Up-to-date: /home/pratik/ros2_ws/install/my_robot_description/share/my_robot_description/models/nist_maze_wall_120/model-1_3.sdf\n'}
[0.331966] (my_robot_description) StdoutLine: {'line': b'-- Up-to-date: /home/pratik/ros2_ws/install/my_robot_description/share/my_robot_description/models/nist_maze_wall_120/model-1_4.sdf\n'}
[0.331990] (my_robot_description) StdoutLine: {'line': b'-- Up-to-date: /home/pratik/ros2_ws/install/my_robot_description/share/my_robot_description/models/Sofa\n'}
[0.332023] (my_robot_description) StdoutLine: {'line': b'-- Up-to-date: /home/pratik/ros2_ws/install/my_robot_description/share/my_robot_description/models/Sofa/meshes\n'}
[0.332046] (my_robot_description) StdoutLine: {'line': b'-- Up-to-date: /home/pratik/ros2_ws/install/my_robot_description/share/my_robot_description/models/Sofa/meshes/SofaDiffuse.png\n'}
[0.332067] (my_robot_description) StdoutLine: {'line': b'-- Up-to-date: /home/pratik/ros2_ws/install/my_robot_description/share/my_robot_description/models/Sofa/meshes/Sofa.obj\n'}
[0.332089] (my_robot_description) StdoutLine: {'line': b'-- Up-to-date: /home/pratik/ros2_ws/install/my_robot_description/share/my_robot_description/models/Sofa/meshes/Sofa.mtl\n'}
[0.332111] (my_robot_description) StdoutLine: {'line': b'-- Up-to-date: /home/pratik/ros2_ws/install/my_robot_description/share/my_robot_description/models/Sofa/model.sdf\n'}
[0.332151] (my_robot_description) StdoutLine: {'line': b'-- Up-to-date: /home/pratik/ros2_ws/install/my_robot_description/share/my_robot_description/models/Sofa/thumbnails\n'}
[0.332176] (my_robot_description) StdoutLine: {'line': b'-- Up-to-date: /home/pratik/ros2_ws/install/my_robot_description/share/my_robot_description/models/Sofa/thumbnails/2.png\n'}
[0.332215] (my_robot_description) StdoutLine: {'line': b'-- Up-to-date: /home/pratik/ros2_ws/install/my_robot_description/share/my_robot_description/models/Sofa/thumbnails/5.png\n'}
[0.332239] (my_robot_description) StdoutLine: {'line': b'-- Up-to-date: /home/pratik/ros2_ws/install/my_robot_description/share/my_robot_description/models/Sofa/thumbnails/4.png\n'}
[0.332279] (my_robot_description) StdoutLine: {'line': b'-- Up-to-date: /home/pratik/ros2_ws/install/my_robot_description/share/my_robot_description/models/Sofa/thumbnails/3.png\n'}
[0.332310] (my_robot_description) StdoutLine: {'line': b'-- Up-to-date: /home/pratik/ros2_ws/install/my_robot_description/share/my_robot_description/models/Sofa/thumbnails/1.png\n'}
[0.332331] (my_robot_description) StdoutLine: {'line': b'-- Up-to-date: /home/pratik/ros2_ws/install/my_robot_description/share/my_robot_description/models/Sofa/model.config\n'}
[0.332368] (my_robot_description) StdoutLine: {'line': b'-- Up-to-date: /home/pratik/ros2_ws/install/my_robot_description/share/my_robot_description/models/table_marble\n'}
[0.332388] (my_robot_description) StdoutLine: {'line': b'-- Up-to-date: /home/pratik/ros2_ws/install/my_robot_description/share/my_robot_description/models/table_marble/meshes\n'}
[0.332412] (my_robot_description) StdoutLine: {'line': b'-- Up-to-date: /home/pratik/ros2_ws/install/my_robot_description/share/my_robot_description/models/table_marble/meshes/table_lightmap.png\n'}
[0.332444] (my_robot_description) StdoutLine: {'line': b'-- Up-to-date: /home/pratik/ros2_ws/install/my_robot_description/share/my_robot_description/models/table_marble/meshes/table_lightmap.dae\n'}
[0.332478] (my_robot_description) StdoutLine: {'line': b'-- Up-to-date: /home/pratik/ros2_ws/install/my_robot_description/share/my_robot_description/models/table_marble/meshes/marble.png\n'}
[0.332512] (my_robot_description) StdoutLine: {'line': b'-- Up-to-date: /home/pratik/ros2_ws/install/my_robot_description/share/my_robot_description/models/table_marble/model.sdf\n'}
[0.332534] (my_robot_description) StdoutLine: {'line': b'-- Up-to-date: /home/pratik/ros2_ws/install/my_robot_description/share/my_robot_description/models/table_marble/materials\n'}
[0.332557] (my_robot_description) StdoutLine: {'line': b'-- Up-to-date: /home/pratik/ros2_ws/install/my_robot_description/share/my_robot_description/models/table_marble/materials/scripts\n'}
[0.332579] (my_robot_description) StdoutLine: {'line': b'-- Up-to-date: /home/pratik/ros2_ws/install/my_robot_description/share/my_robot_description/models/table_marble/materials/scripts/table_lightmap.material\n'}
[0.332614] (my_robot_description) StdoutLine: {'line': b'-- Up-to-date: /home/pratik/ros2_ws/install/my_robot_description/share/my_robot_description/models/table_marble/materials/textures\n'}
[0.332666] (my_robot_description) StdoutLine: {'line': b'-- Up-to-date: /home/pratik/ros2_ws/install/my_robot_description/share/my_robot_description/models/table_marble/materials/textures/table_lightmap.png\n'}
[0.332688] (my_robot_description) StdoutLine: {'line': b'-- Up-to-date: /home/pratik/ros2_ws/install/my_robot_description/share/my_robot_description/models/table_marble/materials/textures/marble.png\n'}
[0.332712] (my_robot_description) StdoutLine: {'line': b'-- Up-to-date: /home/pratik/ros2_ws/install/my_robot_description/share/my_robot_description/models/table_marble/thumbnails\n'}
[0.332744] (my_robot_description) StdoutLine: {'line': b'-- Up-to-date: /home/pratik/ros2_ws/install/my_robot_description/share/my_robot_description/models/table_marble/thumbnails/2.png\n'}
[0.332766] (my_robot_description) StdoutLine: {'line': b'-- Up-to-date: /home/pratik/ros2_ws/install/my_robot_description/share/my_robot_description/models/table_marble/thumbnails/5.png\n'}
[0.332790] (my_robot_description) StdoutLine: {'line': b'-- Up-to-date: /home/pratik/ros2_ws/install/my_robot_description/share/my_robot_description/models/table_marble/thumbnails/4.png\n'}
[0.332814] (my_robot_description) StdoutLine: {'line': b'-- Up-to-date: /home/pratik/ros2_ws/install/my_robot_description/share/my_robot_description/models/table_marble/thumbnails/3.png\n'}
[0.332851] (my_robot_description) StdoutLine: {'line': b'-- Up-to-date: /home/pratik/ros2_ws/install/my_robot_description/share/my_robot_description/models/table_marble/thumbnails/1.png\n'}
[0.332894] (my_robot_description) StdoutLine: {'line': b'-- Up-to-date: /home/pratik/ros2_ws/install/my_robot_description/share/my_robot_description/models/table_marble/model.config\n'}
[0.332917] (my_robot_description) StdoutLine: {'line': b'-- Up-to-date: /home/pratik/ros2_ws/install/my_robot_description/share/my_robot_description/models/table_marble/model-1_4.sdf\n'}
[0.332940] (my_robot_description) StdoutLine: {'line': b'-- Up-to-date: /home/pratik/ros2_ws/install/my_robot_description/share/my_robot_description/models/coke_can_steel\n'}
[0.332973] (my_robot_description) StdoutLine: {'line': b'-- Up-to-date: /home/pratik/ros2_ws/install/my_robot_description/share/my_robot_description/models/coke_can_steel/meshes\n'}
[0.333023] (my_robot_description) StdoutLine: {'line': b'-- Up-to-date: /home/pratik/ros2_ws/install/my_robot_description/share/my_robot_description/models/coke_can_steel/meshes/coke_can.png\n'}
[0.333043] (my_robot_description) StdoutLine: {'line': b'-- Up-to-date: /home/pratik/ros2_ws/install/my_robot_description/share/my_robot_description/models/coke_can_steel/meshes/coke_can.mtl\n'}
[0.333063] (my_robot_description) StdoutLine: {'line': b'-- Up-to-date: /home/pratik/ros2_ws/install/my_robot_description/share/my_robot_description/models/coke_can_steel/meshes/coke_can.obj\n'}
[0.333103] (my_robot_description) StdoutLine: {'line': b'-- Up-to-date: /home/pratik/ros2_ws/install/my_robot_description/share/my_robot_description/models/coke_can_steel/model.sdf\n'}
[0.333126] (my_robot_description) StdoutLine: {'line': b'-- Up-to-date: /home/pratik/ros2_ws/install/my_robot_description/share/my_robot_description/models/coke_can_steel/thumbnails\n'}
[0.333146] (my_robot_description) StdoutLine: {'line': b'-- Up-to-date: /home/pratik/ros2_ws/install/my_robot_description/share/my_robot_description/models/coke_can_steel/thumbnails/2.png\n'}
[0.333169] (my_robot_description) StdoutLine: {'line': b'-- Up-to-date: /home/pratik/ros2_ws/install/my_robot_description/share/my_robot_description/models/coke_can_steel/thumbnails/1.png\n'}
[0.333191] (my_robot_description) StdoutLine: {'line': b'-- Up-to-date: /home/pratik/ros2_ws/install/my_robot_description/share/my_robot_description/models/coke_can_steel/model.config\n'}
[0.333223] (my_robot_description) StdoutLine: {'line': b'-- Up-to-date: /home/pratik/ros2_ws/install/my_robot_description/share/my_robot_description/models/red_ball_10in\n'}
[0.333242] (my_robot_description) StdoutLine: {'line': b'-- Up-to-date: /home/pratik/ros2_ws/install/my_robot_description/share/my_robot_description/models/red_ball_10in/model.sdf\n'}
[0.333264] (my_robot_description) StdoutLine: {'line': b'-- Up-to-date: /home/pratik/ros2_ws/install/my_robot_description/share/my_robot_description/models/red_ball_10in/thumbnails\n'}
[0.333288] (my_robot_description) StdoutLine: {'line': b'-- Up-to-date: /home/pratik/ros2_ws/install/my_robot_description/share/my_robot_description/models/red_ball_10in/thumbnails/1.png\n'}
[0.333319] (my_robot_description) StdoutLine: {'line': b'-- Up-to-date: /home/pratik/ros2_ws/install/my_robot_description/share/my_robot_description/models/red_ball_10in/model.config\n'}
[0.333350] (my_robot_description) StdoutLine: {'line': b'-- Up-to-date: /home/pratik/ros2_ws/install/my_robot_description/share/my_robot_description/models/dumpster\n'}
[0.333372] (my_robot_description) StdoutLine: {'line': b'-- Up-to-date: /home/pratik/ros2_ws/install/my_robot_description/share/my_robot_description/models/dumpster/meshes\n'}
[0.333409] (my_robot_description) StdoutLine: {'line': b'-- Up-to-date: /home/pratik/ros2_ws/install/my_robot_description/share/my_robot_description/models/dumpster/meshes/dumpster.dae\n'}
[0.333433] (my_robot_description) StdoutLine: {'line': b'-- Up-to-date: /home/pratik/ros2_ws/install/my_robot_description/share/my_robot_description/models/dumpster/model.sdf\n'}
[0.333454] (my_robot_description) StdoutLine: {'line': b'-- Up-to-date: /home/pratik/ros2_ws/install/my_robot_description/share/my_robot_description/models/dumpster/materials\n'}
[0.333476] (my_robot_description) StdoutLine: {'line': b'-- Up-to-date: /home/pratik/ros2_ws/install/my_robot_description/share/my_robot_description/models/dumpster/materials/scripts\n'}
[0.333512] (my_robot_description) StdoutLine: {'line': b'-- Up-to-date: /home/pratik/ros2_ws/install/my_robot_description/share/my_robot_description/models/dumpster/materials/scripts/dumpster.material\n'}
[0.333554] (my_robot_description) StdoutLine: {'line': b'-- Up-to-date: /home/pratik/ros2_ws/install/my_robot_description/share/my_robot_description/models/dumpster/materials/textures\n'}
[0.333574] (my_robot_description) StdoutLine: {'line': b'-- Up-to-date: /home/pratik/ros2_ws/install/my_robot_description/share/my_robot_description/models/dumpster/materials/textures/Dumpster_Spec.png\n'}
[0.333595] (my_robot_description) StdoutLine: {'line': b'-- Up-to-date: /home/pratik/ros2_ws/install/my_robot_description/share/my_robot_description/models/dumpster/materials/textures/Dumpster_Diffuse.png\n'}
[0.333617] (my_robot_description) StdoutLine: {'line': b'-- Up-to-date: /home/pratik/ros2_ws/install/my_robot_description/share/my_robot_description/models/dumpster/thumbnails\n'}
[0.333648] (my_robot_description) StdoutLine: {'line': b'-- Up-to-date: /home/pratik/ros2_ws/install/my_robot_description/share/my_robot_description/models/dumpster/thumbnails/2.png\n'}
[0.333673] (my_robot_description) StdoutLine: {'line': b'-- Up-to-date: /home/pratik/ros2_ws/install/my_robot_description/share/my_robot_description/models/dumpster/thumbnails/5.png\n'}
[0.333696] (my_robot_description) StdoutLine: {'line': b'-- Up-to-date: /home/pratik/ros2_ws/install/my_robot_description/share/my_robot_description/models/dumpster/thumbnails/4.png\n'}
[0.333729] (my_robot_description) StdoutLine: {'line': b'-- Up-to-date: /home/pratik/ros2_ws/install/my_robot_description/share/my_robot_description/models/dumpster/thumbnails/3.png\n'}
[0.333750] (my_robot_description) StdoutLine: {'line': b'-- Up-to-date: /home/pratik/ros2_ws/install/my_robot_description/share/my_robot_description/models/dumpster/thumbnails/1.png\n'}
[0.333773] (my_robot_description) StdoutLine: {'line': b'-- Up-to-date: /home/pratik/ros2_ws/install/my_robot_description/share/my_robot_description/models/dumpster/model.config\n'}
[0.333795] (my_robot_description) StdoutLine: {'line': b'-- Up-to-date: /home/pratik/ros2_ws/install/my_robot_description/share/my_robot_description/models/dumpster/model-1_3.sdf\n'}
[0.333840] (my_robot_description) StdoutLine: {'line': b'-- Up-to-date: /home/pratik/ros2_ws/install/my_robot_description/share/my_robot_description/models/dumpster/model-1_4.sdf\n'}
[0.333862] (my_robot_description) StdoutLine: {'line': b'-- Up-to-date: /home/pratik/ros2_ws/install/my_robot_description/share/my_robot_description/models/cafe_table\n'}
[0.333914] (my_robot_description) StdoutLine: {'line': b'-- Up-to-date: /home/pratik/ros2_ws/install/my_robot_description/share/my_robot_description/models/cafe_table/meshes\n'}
[0.333934] (my_robot_description) StdoutLine: {'line': b'-- Up-to-date: /home/pratik/ros2_ws/install/my_robot_description/share/my_robot_description/models/cafe_table/meshes/cafe_table.dae\n'}
[0.333965] (my_robot_description) StdoutLine: {'line': b'-- Up-to-date: /home/pratik/ros2_ws/install/my_robot_description/share/my_robot_description/models/cafe_table/meshes/Wood_Floor_Dark.jpg\n'}
[0.333985] (my_robot_description) StdoutLine: {'line': b'-- Up-to-date: /home/pratik/ros2_ws/install/my_robot_description/share/my_robot_description/models/cafe_table/meshes/Maple.jpg\n'}
[0.334005] (my_robot_description) StdoutLine: {'line': b'-- Up-to-date: /home/pratik/ros2_ws/install/my_robot_description/share/my_robot_description/models/cafe_table/model.sdf\n'}
[0.334045] (my_robot_description) StdoutLine: {'line': b'-- Up-to-date: /home/pratik/ros2_ws/install/my_robot_description/share/my_robot_description/models/cafe_table/materials\n'}
[0.334068] (my_robot_description) StdoutLine: {'line': b'-- Up-to-date: /home/pratik/ros2_ws/install/my_robot_description/share/my_robot_description/models/cafe_table/materials/textures\n'}
[0.334110] (my_robot_description) StdoutLine: {'line': b'-- Up-to-date: /home/pratik/ros2_ws/install/my_robot_description/share/my_robot_description/models/cafe_table/materials/textures/Wood_Floor_Dark.jpg\n'}
[0.334131] (my_robot_description) StdoutLine: {'line': b'-- Up-to-date: /home/pratik/ros2_ws/install/my_robot_description/share/my_robot_description/models/cafe_table/materials/textures/Maple.jpg\n'}
[0.334165] (my_robot_description) StdoutLine: {'line': b'-- Up-to-date: /home/pratik/ros2_ws/install/my_robot_description/share/my_robot_description/models/cafe_table/thumbnails\n'}
[0.334202] (my_robot_description) StdoutLine: {'line': b'-- Up-to-date: /home/pratik/ros2_ws/install/my_robot_description/share/my_robot_description/models/cafe_table/thumbnails/2.png\n'}
[0.334226] (my_robot_description) StdoutLine: {'line': b'-- Up-to-date: /home/pratik/ros2_ws/install/my_robot_description/share/my_robot_description/models/cafe_table/thumbnails/5.png\n'}
[0.334248] (my_robot_description) StdoutLine: {'line': b'-- Up-to-date: /home/pratik/ros2_ws/install/my_robot_description/share/my_robot_description/models/cafe_table/thumbnails/4.png\n'}
[0.334271] (my_robot_description) StdoutLine: {'line': b'-- Up-to-date: /home/pratik/ros2_ws/install/my_robot_description/share/my_robot_description/models/cafe_table/thumbnails/3.png\n'}
[0.334323] (my_robot_description) StdoutLine: {'line': b'-- Up-to-date: /home/pratik/ros2_ws/install/my_robot_description/share/my_robot_description/models/cafe_table/thumbnails/1.png\n'}
[0.334346] (my_robot_description) StdoutLine: {'line': b'-- Up-to-date: /home/pratik/ros2_ws/install/my_robot_description/share/my_robot_description/models/cafe_table/model.config\n'}
[0.334368] (my_robot_description) StdoutLine: {'line': b'-- Up-to-date: /home/pratik/ros2_ws/install/my_robot_description/share/my_robot_description/models/cafe_table/model-1_4.sdf\n'}
[0.334407] (my_robot_description) StdoutLine: {'line': b'-- Up-to-date: /home/pratik/ros2_ws/install/my_robot_description/share/my_robot_description/models/rescue_randy\n'}
[0.334428] (my_robot_description) StdoutLine: {'line': b'-- Up-to-date: /home/pratik/ros2_ws/install/my_robot_description/share/my_robot_description/models/rescue_randy/meshes\n'}
[0.334451] (my_robot_description) StdoutLine: {'line': b'-- Up-to-date: /home/pratik/ros2_ws/install/my_robot_description/share/my_robot_description/models/rescue_randy/meshes/rescue_randy.dae\n'}
[0.334474] (my_robot_description) StdoutLine: {'line': b'-- Up-to-date: /home/pratik/ros2_ws/install/my_robot_description/share/my_robot_description/models/rescue_randy/model.sdf\n'}
[0.334500] (my_robot_description) StdoutLine: {'line': b'-- Up-to-date: /home/pratik/ros2_ws/install/my_robot_description/share/my_robot_description/models/rescue_randy/materials\n'}
[0.334521] (my_robot_description) StdoutLine: {'line': b'-- Up-to-date: /home/pratik/ros2_ws/install/my_robot_description/share/my_robot_description/models/rescue_randy/materials/scripts\n'}
[0.334554] (my_robot_description) StdoutLine: {'line': b'-- Up-to-date: /home/pratik/ros2_ws/install/my_robot_description/share/my_robot_description/models/rescue_randy/materials/scripts/rescue_randy.material\n'}
[0.334606] (my_robot_description) StdoutLine: {'line': b'-- Up-to-date: /home/pratik/ros2_ws/install/my_robot_description/share/my_robot_description/models/rescue_randy/materials/textures\n'}
[0.334630] (my_robot_description) StdoutLine: {'line': b'-- Up-to-date: /home/pratik/ros2_ws/install/my_robot_description/share/my_robot_description/models/rescue_randy/materials/textures/rescue_randy_metalness.png\n'}
[0.334667] (my_robot_description) StdoutLine: {'line': b'-- Up-to-date: /home/pratik/ros2_ws/install/my_robot_description/share/my_robot_description/models/rescue_randy/materials/textures/rescue_randy_roughness.png\n'}
[0.334708] (my_robot_description) StdoutLine: {'line': b'-- Up-to-date: /home/pratik/ros2_ws/install/my_robot_description/share/my_robot_description/models/rescue_randy/materials/textures/RescueRandy_Thermal.png\n'}
[0.334731] (my_robot_description) StdoutLine: {'line': b'-- Up-to-date: /home/pratik/ros2_ws/install/my_robot_description/share/my_robot_description/models/rescue_randy/materials/textures/rescue_randy_normal.png\n'}
[0.334762] (my_robot_description) StdoutLine: {'line': b'-- Up-to-date: /home/pratik/ros2_ws/install/my_robot_description/share/my_robot_description/models/rescue_randy/materials/textures/rescue_randy_albedo.png\n'}
[0.334782] (my_robot_description) StdoutLine: {'line': b'-- Up-to-date: /home/pratik/ros2_ws/install/my_robot_description/share/my_robot_description/models/rescue_randy/thumbnails\n'}
[0.334805] (my_robot_description) StdoutLine: {'line': b'-- Up-to-date: /home/pratik/ros2_ws/install/my_robot_description/share/my_robot_description/models/rescue_randy/thumbnails/2.png\n'}
[0.334827] (my_robot_description) StdoutLine: {'line': b'-- Up-to-date: /home/pratik/ros2_ws/install/my_robot_description/share/my_robot_description/models/rescue_randy/thumbnails/5.png\n'}
[0.334849] (my_robot_description) StdoutLine: {'line': b'-- Up-to-date: /home/pratik/ros2_ws/install/my_robot_description/share/my_robot_description/models/rescue_randy/thumbnails/4.png\n'}
[0.334871] (my_robot_description) StdoutLine: {'line': b'-- Up-to-date: /home/pratik/ros2_ws/install/my_robot_description/share/my_robot_description/models/rescue_randy/thumbnails/3.png\n'}
[0.334905] (my_robot_description) StdoutLine: {'line': b'-- Up-to-date: /home/pratik/ros2_ws/install/my_robot_description/share/my_robot_description/models/rescue_randy/thumbnails/1.png\n'}
[0.334927] (my_robot_description) StdoutLine: {'line': b'-- Up-to-date: /home/pratik/ros2_ws/install/my_robot_description/share/my_robot_description/models/rescue_randy/model.config\n'}
[0.334967] (my_robot_description) StdoutLine: {'line': b'-- Up-to-date: /home/pratik/ros2_ws/install/my_robot_description/share/my_robot_description/models/Suitcase1H\n'}
[0.335005] (my_robot_description) StdoutLine: {'line': b'-- Up-to-date: /home/pratik/ros2_ws/install/my_robot_description/share/my_robot_description/models/Suitcase1H/meshes\n'}
[0.335029] (my_robot_description) StdoutLine: {'line': b'-- Up-to-date: /home/pratik/ros2_ws/install/my_robot_description/share/my_robot_description/models/Suitcase1H/meshes/Suitcase1H_Col.obj\n'}
[0.335065] (my_robot_description) StdoutLine: {'line': b'-- Up-to-date: /home/pratik/ros2_ws/install/my_robot_description/share/my_robot_description/models/Suitcase1H/meshes/Suitcase1H_Metal.png\n'}
[0.335106] (my_robot_description) StdoutLine: {'line': b'-- Up-to-date: /home/pratik/ros2_ws/install/my_robot_description/share/my_robot_description/models/Suitcase1H/meshes/Suitcase1H_Normal.png\n'}
[0.335138] (my_robot_description) StdoutLine: {'line': b'-- Up-to-date: /home/pratik/ros2_ws/install/my_robot_description/share/my_robot_description/models/Suitcase1H/meshes/Suitcase1H_Rough.png\n'}
[0.335159] (my_robot_description) StdoutLine: {'line': b'-- Up-to-date: /home/pratik/ros2_ws/install/my_robot_description/share/my_robot_description/models/Suitcase1H/meshes/Suitcase1H.obj\n'}
[0.335185] (my_robot_description) StdoutLine: {'line': b'-- Up-to-date: /home/pratik/ros2_ws/install/my_robot_description/share/my_robot_description/models/Suitcase1H/meshes/Suitcase1H.mtl\n'}
[0.335208] (my_robot_description) StdoutLine: {'line': b'-- Up-to-date: /home/pratik/ros2_ws/install/my_robot_description/share/my_robot_description/models/Suitcase1H/meshes/Suitcase1H_Col.mtl\n'}
[0.335249] (my_robot_description) StdoutLine: {'line': b'-- Up-to-date: /home/pratik/ros2_ws/install/my_robot_description/share/my_robot_description/models/Suitcase1H/meshes/Suitcase1H_Diffuse.png\n'}
[0.335273] (my_robot_description) StdoutLine: {'line': b'-- Up-to-date: /home/pratik/ros2_ws/install/my_robot_description/share/my_robot_description/models/Suitcase1H/model.sdf\n'}
[0.335296] (my_robot_description) StdoutLine: {'line': b'-- Up-to-date: /home/pratik/ros2_ws/install/my_robot_description/share/my_robot_description/models/Suitcase1H/thumbnails\n'}
[0.335318] (my_robot_description) StdoutLine: {'line': b'-- Up-to-date: /home/pratik/ros2_ws/install/my_robot_description/share/my_robot_description/models/Suitcase1H/thumbnails/2.png\n'}
[0.335341] (my_robot_description) StdoutLine: {'line': b'-- Up-to-date: /home/pratik/ros2_ws/install/my_robot_description/share/my_robot_description/models/Suitcase1H/thumbnails/5.png\n'}
[0.335384] (my_robot_description) StdoutLine: {'line': b'-- Up-to-date: /home/pratik/ros2_ws/install/my_robot_description/share/my_robot_description/models/Suitcase1H/thumbnails/4.png\n'}
[0.335423] (my_robot_description) StdoutLine: {'line': b'-- Up-to-date: /home/pratik/ros2_ws/install/my_robot_description/share/my_robot_description/models/Suitcase1H/thumbnails/3.png\n'}
[0.335443] (my_robot_description) StdoutLine: {'line': b'-- Up-to-date: /home/pratik/ros2_ws/install/my_robot_description/share/my_robot_description/models/Suitcase1H/thumbnails/1.png\n'}
[0.335463] (my_robot_description) StdoutLine: {'line': b'-- Up-to-date: /home/pratik/ros2_ws/install/my_robot_description/share/my_robot_description/models/Suitcase1H/model.config\n'}
[0.335484] (my_robot_description) StdoutLine: {'line': b'-- Up-to-date: /home/pratik/ros2_ws/install/my_robot_description/share/my_robot_description/models/beer\n'}
[0.335503] (my_robot_description) StdoutLine: {'line': b'-- Up-to-date: /home/pratik/ros2_ws/install/my_robot_description/share/my_robot_description/models/beer/model.sdf\n'}
[0.335523] (my_robot_description) StdoutLine: {'line': b'-- Up-to-date: /home/pratik/ros2_ws/install/my_robot_description/share/my_robot_description/models/beer/materials\n'}
[0.335543] (my_robot_description) StdoutLine: {'line': b'-- Up-to-date: /home/pratik/ros2_ws/install/my_robot_description/share/my_robot_description/models/beer/materials/scripts\n'}
[0.335562] (my_robot_description) StdoutLine: {'line': b'-- Up-to-date: /home/pratik/ros2_ws/install/my_robot_description/share/my_robot_description/models/beer/materials/scripts/beer.material\n'}
[0.335582] (my_robot_description) StdoutLine: {'line': b'-- Up-to-date: /home/pratik/ros2_ws/install/my_robot_description/share/my_robot_description/models/beer/materials/textures\n'}
[0.335602] (my_robot_description) StdoutLine: {'line': b'-- Up-to-date: /home/pratik/ros2_ws/install/my_robot_description/share/my_robot_description/models/beer/materials/textures/beer.png\n'}
[0.335621] (my_robot_description) StdoutLine: {'line': b'-- Up-to-date: /home/pratik/ros2_ws/install/my_robot_description/share/my_robot_description/models/beer/thumbnails\n'}
[0.335640] (my_robot_description) StdoutLine: {'line': b'-- Up-to-date: /home/pratik/ros2_ws/install/my_robot_description/share/my_robot_description/models/beer/thumbnails/2.png\n'}
[0.335660] (my_robot_description) StdoutLine: {'line': b'-- Up-to-date: /home/pratik/ros2_ws/install/my_robot_description/share/my_robot_description/models/beer/thumbnails/5.png\n'}
[0.335679] (my_robot_description) StdoutLine: {'line': b'-- Up-to-date: /home/pratik/ros2_ws/install/my_robot_description/share/my_robot_description/models/beer/thumbnails/4.png\n'}
[0.335698] (my_robot_description) StdoutLine: {'line': b'-- Up-to-date: /home/pratik/ros2_ws/install/my_robot_description/share/my_robot_description/models/beer/thumbnails/3.png\n'}
[0.335717] (my_robot_description) StdoutLine: {'line': b'-- Up-to-date: /home/pratik/ros2_ws/install/my_robot_description/share/my_robot_description/models/beer/thumbnails/1.png\n'}
[0.335736] (my_robot_description) StdoutLine: {'line': b'-- Up-to-date: /home/pratik/ros2_ws/install/my_robot_description/share/my_robot_description/models/beer/model.config\n'}
[0.335755] (my_robot_description) StdoutLine: {'line': b'-- Up-to-date: /home/pratik/ros2_ws/install/my_robot_description/share/my_robot_description/models/beer/model-1_4.sdf\n'}
[0.335774] (my_robot_description) StdoutLine: {'line': b'-- Up-to-date: /home/pratik/ros2_ws/install/my_robot_description/share/my_robot_description/models/person_standing\n'}
[0.335793] (my_robot_description) StdoutLine: {'line': b'-- Up-to-date: /home/pratik/ros2_ws/install/my_robot_description/share/my_robot_description/models/person_standing/meshes\n'}
[0.335812] (my_robot_description) StdoutLine: {'line': b'-- Up-to-date: /home/pratik/ros2_ws/install/my_robot_description/share/my_robot_description/models/person_standing/meshes/standing.dae\n'}
[0.335831] (my_robot_description) StdoutLine: {'line': b'-- Up-to-date: /home/pratik/ros2_ws/install/my_robot_description/share/my_robot_description/models/person_standing/model.sdf\n'}
[0.335850] (my_robot_description) StdoutLine: {'line': b'-- Up-to-date: /home/pratik/ros2_ws/install/my_robot_description/share/my_robot_description/models/person_standing/materials\n'}
[0.335869] (my_robot_description) StdoutLine: {'line': b'-- Up-to-date: /home/pratik/ros2_ws/install/my_robot_description/share/my_robot_description/models/person_standing/materials/textures\n'}
[0.335919] (my_robot_description) StdoutLine: {'line': b'-- Up-to-date: /home/pratik/ros2_ws/install/my_robot_description/share/my_robot_description/models/person_standing/materials/textures/tshirt02_texture.png\n'}
[0.335939] (my_robot_description) StdoutLine: {'line': b'-- Up-to-date: /home/pratik/ros2_ws/install/my_robot_description/share/my_robot_description/models/person_standing/materials/textures/eyebrow001-unmodified.png\n'}
[0.335958] (my_robot_description) StdoutLine: {'line': b'-- Up-to-date: /home/pratik/ros2_ws/install/my_robot_description/share/my_robot_description/models/person_standing/materials/textures/young_lightskinned_male_diffuse.png\n'}
[0.335980] (my_robot_description) StdoutLine: {'line': b'-- Up-to-date: /home/pratik/ros2_ws/install/my_robot_description/share/my_robot_description/models/person_standing/materials/textures/teeth.png\n'}
[0.335999] (my_robot_description) StdoutLine: {'line': b'-- Up-to-date: /home/pratik/ros2_ws/install/my_robot_description/share/my_robot_description/models/person_standing/materials/textures/jeans_basic_diffuse.png\n'}
[0.336021] (my_robot_description) StdoutLine: {'line': b'-- Up-to-date: /home/pratik/ros2_ws/install/my_robot_description/share/my_robot_description/models/person_standing/materials/textures/eyebrow001.png\n'}
[0.336040] (my_robot_description) StdoutLine: {'line': b'-- Up-to-date: /home/pratik/ros2_ws/install/my_robot_description/share/my_robot_description/models/person_standing/materials/textures/green_eye.png\n'}
[0.336061] (my_robot_description) StdoutLine: {'line': b'-- Up-to-date: /home/pratik/ros2_ws/install/my_robot_description/share/my_robot_description/models/person_standing/materials/textures/male02_diffuse_black-unmodified.png\n'}
[0.336080] (my_robot_description) StdoutLine: {'line': b'-- Up-to-date: /home/pratik/ros2_ws/install/my_robot_description/share/my_robot_description/models/person_standing/materials/textures/tshirt02_normals.png\n'}
[0.336100] (my_robot_description) StdoutLine: {'line': b'-- Up-to-date: /home/pratik/ros2_ws/install/my_robot_description/share/my_robot_description/models/person_standing/materials/textures/jeans01_normals.png\n'}
[0.336122] (my_robot_description) StdoutLine: {'line': b'-- Up-to-date: /home/pratik/ros2_ws/install/my_robot_description/share/my_robot_description/models/person_standing/materials/textures/male02_diffuse_black.png\n'}
[0.336141] (my_robot_description) StdoutLine: {'line': b'-- Up-to-date: /home/pratik/ros2_ws/install/my_robot_description/share/my_robot_description/models/person_standing/thumbnails\n'}
[0.336161] (my_robot_description) StdoutLine: {'line': b'-- Up-to-date: /home/pratik/ros2_ws/install/my_robot_description/share/my_robot_description/models/person_standing/thumbnails/2.png\n'}
[0.336183] (my_robot_description) StdoutLine: {'line': b'-- Up-to-date: /home/pratik/ros2_ws/install/my_robot_description/share/my_robot_description/models/person_standing/thumbnails/5.png\n'}
[0.336208] (my_robot_description) StdoutLine: {'line': b'-- Up-to-date: /home/pratik/ros2_ws/install/my_robot_description/share/my_robot_description/models/person_standing/thumbnails/4.png\n'}
[0.336229] (my_robot_description) StdoutLine: {'line': b'-- Up-to-date: /home/pratik/ros2_ws/install/my_robot_description/share/my_robot_description/models/person_standing/thumbnails/3.png\n'}
[0.336249] (my_robot_description) StdoutLine: {'line': b'-- Up-to-date: /home/pratik/ros2_ws/install/my_robot_description/share/my_robot_description/models/person_standing/thumbnails/1.png\n'}
[0.336268] (my_robot_description) StdoutLine: {'line': b'-- Up-to-date: /home/pratik/ros2_ws/install/my_robot_description/share/my_robot_description/models/person_standing/model.config\n'}
[0.336288] (my_robot_description) StdoutLine: {'line': b'-- Up-to-date: /home/pratik/ros2_ws/install/my_robot_description/share/my_robot_description/models/aws_robomaker_warehouse_ClutteringC_01\n'}
[0.336307] (my_robot_description) StdoutLine: {'line': b'-- Up-to-date: /home/pratik/ros2_ws/install/my_robot_description/share/my_robot_description/models/aws_robomaker_warehouse_ClutteringC_01/meshes\n'}
[0.336327] (my_robot_description) StdoutLine: {'line': b'-- Up-to-date: /home/pratik/ros2_ws/install/my_robot_description/share/my_robot_description/models/aws_robomaker_warehouse_ClutteringC_01/meshes/aws_robomaker_warehouse_ClutteringC_01_collision.DAE\n'}
[0.336347] (my_robot_description) StdoutLine: {'line': b'-- Up-to-date: /home/pratik/ros2_ws/install/my_robot_description/share/my_robot_description/models/aws_robomaker_warehouse_ClutteringC_01/meshes/aws_robomaker_warehouse_ClutteringC_01_visual.DAE\n'}
[0.336368] (my_robot_description) StdoutLine: {'line': b'-- Up-to-date: /home/pratik/ros2_ws/install/my_robot_description/share/my_robot_description/models/aws_robomaker_warehouse_ClutteringC_01/model.sdf\n'}
[0.336400] (my_robot_description) StdoutLine: {'line': b'-- Up-to-date: /home/pratik/ros2_ws/install/my_robot_description/share/my_robot_description/models/aws_robomaker_warehouse_ClutteringC_01/metadata.pbtxt\n'}
[0.336420] (my_robot_description) StdoutLine: {'line': b'-- Up-to-date: /home/pratik/ros2_ws/install/my_robot_description/share/my_robot_description/models/aws_robomaker_warehouse_ClutteringC_01/materials\n'}
[0.336440] (my_robot_description) StdoutLine: {'line': b'-- Up-to-date: /home/pratik/ros2_ws/install/my_robot_description/share/my_robot_description/models/aws_robomaker_warehouse_ClutteringC_01/materials/textures\n'}
[0.336461] (my_robot_description) StdoutLine: {'line': b'-- Up-to-date: /home/pratik/ros2_ws/install/my_robot_description/share/my_robot_description/models/aws_robomaker_warehouse_ClutteringC_01/materials/textures/aws_robomaker_warehouse_ClutteringC_01.png\n'}
[0.336483] (my_robot_description) StdoutLine: {'line': b'-- Up-to-date: /home/pratik/ros2_ws/install/my_robot_description/share/my_robot_description/models/aws_robomaker_warehouse_ClutteringC_01/materials/textures/aws_robomaker_warehouse_ClutteringC_02.png\n'}
[0.336505] (my_robot_description) StdoutLine: {'line': b'-- Up-to-date: /home/pratik/ros2_ws/install/my_robot_description/share/my_robot_description/models/aws_robomaker_warehouse_ClutteringC_01/thumbnails\n'}
[0.336527] (my_robot_description) StdoutLine: {'line': b'-- Up-to-date: /home/pratik/ros2_ws/install/my_robot_description/share/my_robot_description/models/aws_robomaker_warehouse_ClutteringC_01/thumbnails/2.png\n'}
[0.336549] (my_robot_description) StdoutLine: {'line': b'-- Up-to-date: /home/pratik/ros2_ws/install/my_robot_description/share/my_robot_description/models/aws_robomaker_warehouse_ClutteringC_01/thumbnails/5.png\n'}
[0.336589] (my_robot_description) StdoutLine: {'line': b'-- Up-to-date: /home/pratik/ros2_ws/install/my_robot_description/share/my_robot_description/models/aws_robomaker_warehouse_ClutteringC_01/thumbnails/4.png\n'}
[0.336610] (my_robot_description) StdoutLine: {'line': b'-- Up-to-date: /home/pratik/ros2_ws/install/my_robot_description/share/my_robot_description/models/aws_robomaker_warehouse_ClutteringC_01/thumbnails/3.png\n'}
[0.336641] (my_robot_description) StdoutLine: {'line': b'-- Up-to-date: /home/pratik/ros2_ws/install/my_robot_description/share/my_robot_description/models/aws_robomaker_warehouse_ClutteringC_01/thumbnails/1.png\n'}
[0.336663] (my_robot_description) StdoutLine: {'line': b'-- Up-to-date: /home/pratik/ros2_ws/install/my_robot_description/share/my_robot_description/models/aws_robomaker_warehouse_ClutteringC_01/model.config\n'}
[0.336706] (my_robot_description) StdoutLine: {'line': b'-- Up-to-date: /home/pratik/ros2_ws/install/my_robot_description/share/my_robot_description/models/Nurse\n'}
[0.336737] (my_robot_description) StdoutLine: {'line': b'-- Up-to-date: /home/pratik/ros2_ws/install/my_robot_description/share/my_robot_description/models/Nurse/meshes\n'}
[0.336760] (my_robot_description) StdoutLine: {'line': b'-- Up-to-date: /home/pratik/ros2_ws/install/my_robot_description/share/my_robot_description/models/Nurse/meshes/Clipboard.png\n'}
[0.336784] (my_robot_description) StdoutLine: {'line': b'-- Up-to-date: /home/pratik/ros2_ws/install/my_robot_description/share/my_robot_description/models/Nurse/meshes/NurseFemaleDiffuse.png\n'}
[0.336806] (my_robot_description) StdoutLine: {'line': b'-- Up-to-date: /home/pratik/ros2_ws/install/my_robot_description/share/my_robot_description/models/Nurse/meshes/Nurse.obj\n'}
[0.336828] (my_robot_description) StdoutLine: {'line': b'-- Up-to-date: /home/pratik/ros2_ws/install/my_robot_description/share/my_robot_description/models/Nurse/meshes/Nurse_Col.obj\n'}
[0.336850] (my_robot_description) StdoutLine: {'line': b'-- Up-to-date: /home/pratik/ros2_ws/install/my_robot_description/share/my_robot_description/models/Nurse/meshes/Nurse_Col.mtl\n'}
[0.336883] (my_robot_description) StdoutLine: {'line': b'-- Up-to-date: /home/pratik/ros2_ws/install/my_robot_description/share/my_robot_description/models/Nurse/meshes/Nurse.mtl\n'}
[0.336919] (my_robot_description) StdoutLine: {'line': b'-- Up-to-date: /home/pratik/ros2_ws/install/my_robot_description/share/my_robot_description/models/Nurse/model.sdf\n'}
[0.336938] (my_robot_description) StdoutLine: {'line': b'-- Up-to-date: /home/pratik/ros2_ws/install/my_robot_description/share/my_robot_description/models/Nurse/thumbnails\n'}
[0.336957] (my_robot_description) StdoutLine: {'line': b'-- Up-to-date: /home/pratik/ros2_ws/install/my_robot_description/share/my_robot_description/models/Nurse/thumbnails/2.png\n'}
[0.336976] (my_robot_description) StdoutLine: {'line': b'-- Up-to-date: /home/pratik/ros2_ws/install/my_robot_description/share/my_robot_description/models/Nurse/thumbnails/5.png\n'}
[0.336996] (my_robot_description) StdoutLine: {'line': b'-- Up-to-date: /home/pratik/ros2_ws/install/my_robot_description/share/my_robot_description/models/Nurse/thumbnails/4.png\n'}
[0.337015] (my_robot_description) StdoutLine: {'line': b'-- Up-to-date: /home/pratik/ros2_ws/install/my_robot_description/share/my_robot_description/models/Nurse/thumbnails/3.png\n'}
[0.337035] (my_robot_description) StdoutLine: {'line': b'-- Up-to-date: /home/pratik/ros2_ws/install/my_robot_description/share/my_robot_description/models/Nurse/thumbnails/1.png\n'}
[0.337054] (my_robot_description) StdoutLine: {'line': b'-- Up-to-date: /home/pratik/ros2_ws/install/my_robot_description/share/my_robot_description/models/Nurse/model.config\n'}
[0.337073] (my_robot_description) StdoutLine: {'line': b'-- Up-to-date: /home/pratik/ros2_ws/install/my_robot_description/lib/my_robot_description/robot_controller_node\n'}
[0.337093] (my_robot_description) StdoutLine: {'line': b'-- Up-to-date: /home/pratik/ros2_ws/install/my_robot_description/lib/my_robot_description/teleop_node\n'}
[0.337113] (my_robot_description) StdoutLine: {'line': b'-- Up-to-date: /home/pratik/ros2_ws/install/my_robot_description/lib/my_robot_description/robot_controller.py\n'}
[0.337132] (my_robot_description) StdoutLine: {'line': b'-- Up-to-date: /home/pratik/ros2_ws/install/my_robot_description/share/ament_index/resource_index/package_run_dependencies/my_robot_description\n'}
[0.337152] (my_robot_description) StdoutLine: {'line': b'-- Up-to-date: /home/pratik/ros2_ws/install/my_robot_description/share/ament_index/resource_index/parent_prefix_path/my_robot_description\n'}
[0.337176] (my_robot_description) StdoutLine: {'line': b'-- Up-to-date: /home/pratik/ros2_ws/install/my_robot_description/share/my_robot_description/environment/ament_prefix_path.sh\n'}
[0.337195] (my_robot_description) StdoutLine: {'line': b'-- Up-to-date: /home/pratik/ros2_ws/install/my_robot_description/share/my_robot_description/environment/ament_prefix_path.dsv\n'}
[0.337217] (my_robot_description) StdoutLine: {'line': b'-- Up-to-date: /home/pratik/ros2_ws/install/my_robot_description/share/my_robot_description/environment/path.sh\n'}
[0.337237] (my_robot_description) StdoutLine: {'line': b'-- Up-to-date: /home/pratik/ros2_ws/install/my_robot_description/share/my_robot_description/environment/path.dsv\n'}
[0.337257] (my_robot_description) StdoutLine: {'line': b'-- Up-to-date: /home/pratik/ros2_ws/install/my_robot_description/share/my_robot_description/local_setup.bash\n'}
[0.337277] (my_robot_description) StdoutLine: {'line': b'-- Up-to-date: /home/pratik/ros2_ws/install/my_robot_description/share/my_robot_description/local_setup.sh\n'}
[0.337297] (my_robot_description) StdoutLine: {'line': b'-- Up-to-date: /home/pratik/ros2_ws/install/my_robot_description/share/my_robot_description/local_setup.zsh\n'}
[0.337316] (my_robot_description) StdoutLine: {'line': b'-- Up-to-date: /home/pratik/ros2_ws/install/my_robot_description/share/my_robot_description/local_setup.dsv\n'}
[0.337335] (my_robot_description) StdoutLine: {'line': b'-- Installing: /home/pratik/ros2_ws/install/my_robot_description/share/my_robot_description/package.dsv\n'}
[0.337563] (my_robot_description) StdoutLine: {'line': b'-- Up-to-date: /home/pratik/ros2_ws/install/my_robot_description/share/ament_index/resource_index/packages/my_robot_description\n'}
[0.338090] (my_robot_description) StdoutLine: {'line': b'-- Up-to-date: /home/pratik/ros2_ws/install/my_robot_description/share/my_robot_description/cmake/export_my_robot_description__rosidl_generator_cExport.cmake\n'}
[0.338170] (my_robot_description) StdoutLine: {'line': b'-- Up-to-date: /home/pratik/ros2_ws/install/my_robot_description/share/my_robot_description/cmake/export_my_robot_description__rosidl_generator_cExport-noconfig.cmake\n'}
[0.338326] (my_robot_description) StdoutLine: {'line': b'-- Up-to-date: /home/pratik/ros2_ws/install/my_robot_description/share/my_robot_description/cmake/export_my_robot_description__rosidl_typesupport_fastrtps_cExport.cmake\n'}
[0.338364] (my_robot_description) StdoutLine: {'line': b'-- Up-to-date: /home/pratik/ros2_ws/install/my_robot_description/share/my_robot_description/cmake/export_my_robot_description__rosidl_typesupport_fastrtps_cExport-noconfig.cmake\n'}
[0.338486] (my_robot_description) StdoutLine: {'line': b'-- Up-to-date: /home/pratik/ros2_ws/install/my_robot_description/share/my_robot_description/cmake/export_my_robot_description__rosidl_generator_cppExport.cmake\n'}
[0.338726] (my_robot_description) StdoutLine: {'line': b'-- Up-to-date: /home/pratik/ros2_ws/install/my_robot_description/share/my_robot_description/cmake/export_my_robot_description__rosidl_typesupport_fastrtps_cppExport.cmake\n'}
[0.338764] (my_robot_description) StdoutLine: {'line': b'-- Up-to-date: /home/pratik/ros2_ws/install/my_robot_description/share/my_robot_description/cmake/export_my_robot_description__rosidl_typesupport_fastrtps_cppExport-noconfig.cmake\n'}
[0.338915] (my_robot_description) StdoutLine: {'line': b'-- Up-to-date: /home/pratik/ros2_ws/install/my_robot_description/share/my_robot_description/cmake/my_robot_description__rosidl_typesupport_introspection_cExport.cmake\n'}
[0.338951] (my_robot_description) StdoutLine: {'line': b'-- Up-to-date: /home/pratik/ros2_ws/install/my_robot_description/share/my_robot_description/cmake/my_robot_description__rosidl_typesupport_introspection_cExport-noconfig.cmake\n'}
[0.339218] (my_robot_description) StdoutLine: {'line': b'-- Up-to-date: /home/pratik/ros2_ws/install/my_robot_description/share/my_robot_description/cmake/my_robot_description__rosidl_typesupport_cExport.cmake\n'}
[0.339258] (my_robot_description) StdoutLine: {'line': b'-- Up-to-date: /home/pratik/ros2_ws/install/my_robot_description/share/my_robot_description/cmake/my_robot_description__rosidl_typesupport_cExport-noconfig.cmake\n'}
[0.339451] (my_robot_description) StdoutLine: {'line': b'-- Up-to-date: /home/pratik/ros2_ws/install/my_robot_description/share/my_robot_description/cmake/my_robot_description__rosidl_typesupport_introspection_cppExport.cmake\n'}
[0.339524] (my_robot_description) StdoutLine: {'line': b'-- Up-to-date: /home/pratik/ros2_ws/install/my_robot_description/share/my_robot_description/cmake/my_robot_description__rosidl_typesupport_introspection_cppExport-noconfig.cmake\n'}
[0.339694] (my_robot_description) StdoutLine: {'line': b'-- Up-to-date: /home/pratik/ros2_ws/install/my_robot_description/share/my_robot_description/cmake/my_robot_description__rosidl_typesupport_cppExport.cmake\n'}
[0.339839] (my_robot_description) StdoutLine: {'line': b'-- Up-to-date: /home/pratik/ros2_ws/install/my_robot_description/share/my_robot_description/cmake/my_robot_description__rosidl_typesupport_cppExport-noconfig.cmake\n'}
[0.340003] (my_robot_description) StdoutLine: {'line': b'-- Up-to-date: /home/pratik/ros2_ws/install/my_robot_description/share/my_robot_description/cmake/export_my_robot_description__rosidl_generator_pyExport.cmake\n'}
[0.340065] (my_robot_description) StdoutLine: {'line': b'-- Up-to-date: /home/pratik/ros2_ws/install/my_robot_description/share/my_robot_description/cmake/export_my_robot_description__rosidl_generator_pyExport-noconfig.cmake\n'}
[0.340160] (my_robot_description) StdoutLine: {'line': b'-- Up-to-date: /home/pratik/ros2_ws/install/my_robot_description/share/my_robot_description/cmake/rosidl_cmake-extras.cmake\n'}
[0.340268] (my_robot_description) StdoutLine: {'line': b'-- Up-to-date: /home/pratik/ros2_ws/install/my_robot_description/share/my_robot_description/cmake/ament_cmake_export_include_directories-extras.cmake\n'}
[0.340321] (my_robot_description) StdoutLine: {'line': b'-- Up-to-date: /home/pratik/ros2_ws/install/my_robot_description/share/my_robot_description/cmake/ament_cmake_export_libraries-extras.cmake\n'}
[0.340373] (my_robot_description) StdoutLine: {'line': b'-- Up-to-date: /home/pratik/ros2_ws/install/my_robot_description/share/my_robot_description/cmake/ament_cmake_export_targets-extras.cmake\n'}
[0.340429] (my_robot_description) StdoutLine: {'line': b'-- Up-to-date: /home/pratik/ros2_ws/install/my_robot_description/share/my_robot_description/cmake/rosidl_cmake_export_typesupport_targets-extras.cmake\n'}
[0.340481] (my_robot_description) StdoutLine: {'line': b'-- Up-to-date: /home/pratik/ros2_ws/install/my_robot_description/share/my_robot_description/cmake/ament_cmake_export_dependencies-extras.cmake\n'}
[0.340532] (my_robot_description) StdoutLine: {'line': b'-- Up-to-date: /home/pratik/ros2_ws/install/my_robot_description/share/my_robot_description/cmake/rosidl_cmake_export_typesupport_libraries-extras.cmake\n'}
[0.340583] (my_robot_description) StdoutLine: {'line': b'-- Up-to-date: /home/pratik/ros2_ws/install/my_robot_description/share/my_robot_description/cmake/my_robot_descriptionConfig.cmake\n'}
[0.340634] (my_robot_description) StdoutLine: {'line': b'-- Up-to-date: /home/pratik/ros2_ws/install/my_robot_description/share/my_robot_description/cmake/my_robot_descriptionConfig-version.cmake\n'}
[0.340684] (my_robot_description) StdoutLine: {'line': b'-- Up-to-date: /home/pratik/ros2_ws/install/my_robot_description/share/my_robot_description/package.xml\n'}
[0.341811] (my_robot_description) CommandEnded: {'returncode': 0}
[0.360504] (my_robot_description) JobEnded: {'identifier': 'my_robot_description', 'rc': 0}
[0.361349] (-) EventReactorShutdown: {}
