[0.000000] (-) TimerEvent: {}
[0.000375] (my_robot_description) JobQueued: {'identifier': 'my_robot_description', 'dependencies': OrderedDict()}
[0.000448] (my_robot_description) JobStarted: {'identifier': 'my_robot_description'}
[0.004727] (my_robot_description) JobProgress: {'identifier': 'my_robot_description', 'progress': 'cmake'}
[0.005221] (my_robot_description) JobProgress: {'identifier': 'my_robot_description', 'progress': 'build'}
[0.005984] (my_robot_description) Command: {'cmd': ['/usr/bin/cmake', '--build', '/home/pratik/ros2_ws/build/my_robot_description', '--', '-j20', '-l20'], 'cwd': '/home/pratik/ros2_ws/build/my_robot_description', 'env': OrderedDict([('LESSOPEN', '| /usr/bin/lesspipe %s'), ('LANGUAGE', 'en_IN:en'), ('USER', 'pratik'), ('XDG_SESSION_TYPE', 'wayland'), ('SHLVL', '1'), ('LD_LIBRARY_PATH', '/home/pratik/ros2_ws/install/my_robot_description/lib:/usr/lib/x86_64-linux-gnu/gazebo-11/plugins:/opt/ros/humble/opt/rviz_ogre_vendor/lib:/opt/ros/humble/lib/x86_64-linux-gnu:/opt/ros/humble/lib'), ('HOME', '/home/pratik'), ('OLDPWD', '/home/pratik/ros2_ws/src/my_robot_description'), ('DESKTOP_SESSION', 'ubuntu'), ('ROS_PYTHON_VERSION', '3'), ('GNOME_SHELL_SESSION_MODE', 'ubuntu'), ('GTK_MODULES', 'gail:atk-bridge'), ('DBUS_STARTER_BUS_TYPE', 'session'), ('SYSTEMD_EXEC_PID', '2874'), ('DBUS_SESSION_BUS_ADDRESS', 'unix:path=/run/user/1000/bus,guid=c70e1f429a8ae012b4bbf98d697caaa0'), ('COLORTERM', 'truecolor'), ('PYTHONNOUSERSITE', '1'), ('_colcon_cd_root', '/opt/ros/humble/'), ('IM_CONFIG_PHASE', '1'), ('WAYLAND_DISPLAY', 'wayland-0'), ('COLCON_PREFIX_PATH', '/home/pratik/ros2_ws/install'), ('ROS_DISTRO', 'humble'), ('LOGNAME', 'pratik'), ('_', '/usr/bin/colcon'), ('ROS_VERSION', '2'), ('XDG_SESSION_CLASS', 'user'), ('USERNAME', 'pratik'), ('TERM', 'xterm-256color'), ('GAZEBO_MODEL_PATH', ':/home/pratik/ros2_ws/src/my_robot_description/models'), ('GNOME_DESKTOP_SESSION_ID', 'this-is-deprecated'), ('ROS_LOCALHOST_ONLY', '1'), ('PATH', '/opt/ros/humble/bin:/home/pratik/.local/bin:/usr/local/sbin:/usr/local/bin:/usr/sbin:/usr/bin:/sbin:/bin:/usr/games:/usr/local/games:/snap/bin:/snap/bin'), ('SESSION_MANAGER', 'local/pratik-Legion-5-15IRX9:@/tmp/.ICE-unix/2874,unix/pratik-Legion-5-15IRX9:/tmp/.ICE-unix/2874'), ('XDG_MENU_PREFIX', 'gnome-'), ('GNOME_TERMINAL_SCREEN', '/org/gnome/Terminal/screen/b836c0ed_f0fc_4f5d_bed4_1ae3bea0ec91'), ('GNOME_SETUP_DISPLAY', ':1'), ('XDG_RUNTIME_DIR', '/run/user/1000'), ('DISPLAY', ':0'), ('LANG', 'en_US.UTF-8'), ('XDG_CURRENT_DESKTOP', 'ubuntu:GNOME'), ('XMODIFIERS', '@im=ibus'), ('XDG_SESSION_DESKTOP', 'ubuntu'), ('XAUTHORITY', '/run/user/1000/.mutter-Xwaylandauth.TH82J3'), ('LS_COLORS', 'rs=0:di=01;34:ln=01;36:mh=00:pi=40;33:so=01;35:do=01;35:bd=40;33;01:cd=40;33;01:or=40;31;01:mi=00:su=37;41:sg=30;43:ca=30;41:tw=30;42:ow=34;42:st=37;44:ex=01;32:*.tar=01;31:*.tgz=01;31:*.arc=01;31:*.arj=01;31:*.taz=01;31:*.lha=01;31:*.lz4=01;31:*.lzh=01;31:*.lzma=01;31:*.tlz=01;31:*.txz=01;31:*.tzo=01;31:*.t7z=01;31:*.zip=01;31:*.z=01;31:*.dz=01;31:*.gz=01;31:*.lrz=01;31:*.lz=01;31:*.lzo=01;31:*.xz=01;31:*.zst=01;31:*.tzst=01;31:*.bz2=01;31:*.bz=01;31:*.tbz=01;31:*.tbz2=01;31:*.tz=01;31:*.deb=01;31:*.rpm=01;31:*.jar=01;31:*.war=01;31:*.ear=01;31:*.sar=01;31:*.rar=01;31:*.alz=01;31:*.ace=01;31:*.zoo=01;31:*.cpio=01;31:*.7z=01;31:*.rz=01;31:*.cab=01;31:*.wim=01;31:*.swm=01;31:*.dwm=01;31:*.esd=01;31:*.jpg=01;35:*.jpeg=01;35:*.mjpg=01;35:*.mjpeg=01;35:*.gif=01;35:*.bmp=01;35:*.pbm=01;35:*.pgm=01;35:*.ppm=01;35:*.tga=01;35:*.xbm=01;35:*.xpm=01;35:*.tif=01;35:*.tiff=01;35:*.png=01;35:*.svg=01;35:*.svgz=01;35:*.mng=01;35:*.pcx=01;35:*.mov=01;35:*.mpg=01;35:*.mpeg=01;35:*.m2v=01;35:*.mkv=01;35:*.webm=01;35:*.webp=01;35:*.ogm=01;35:*.mp4=01;35:*.m4v=01;35:*.mp4v=01;35:*.vob=01;35:*.qt=01;35:*.nuv=01;35:*.wmv=01;35:*.asf=01;35:*.rm=01;35:*.rmvb=01;35:*.flc=01;35:*.avi=01;35:*.fli=01;35:*.flv=01;35:*.gl=01;35:*.dl=01;35:*.xcf=01;35:*.xwd=01;35:*.yuv=01;35:*.cgm=01;35:*.emf=01;35:*.ogv=01;35:*.ogx=01;35:*.aac=00;36:*.au=00;36:*.flac=00;36:*.m4a=00;36:*.mid=00;36:*.midi=00;36:*.mka=00;36:*.mp3=00;36:*.mpc=00;36:*.ogg=00;36:*.ra=00;36:*.wav=00;36:*.oga=00;36:*.opus=00;36:*.spx=00;36:*.xspf=00;36:'), ('GNOME_TERMINAL_SERVICE', ':1.125'), ('SSH_AGENT_LAUNCHER', 'gnome-keyring'), ('SSH_AUTH_SOCK', '/run/user/1000/keyring/ssh'), ('ROS_DOMAIN_ID', '66'), ('AMENT_PREFIX_PATH', '/home/pratik/ros2_ws/install/my_robot_description:/opt/ros/humble'), ('SHELL', '/bin/bash'), ('QT_ACCESSIBILITY', '1'), ('GDMSESSION', 'ubuntu'), ('LESSCLOSE', '/usr/bin/lesspipe %s %s'), ('QT_IM_MODULE', 'ibus'), ('PWD', '/home/pratik/ros2_ws/build/my_robot_description'), ('LC_ALL', 'en_US.UTF-8'), ('XDG_CONFIG_DIRS', '/etc/xdg/xdg-ubuntu:/etc/xdg'), ('DBUS_STARTER_ADDRESS', 'unix:path=/run/user/1000/bus,guid=c70e1f429a8ae012b4bbf98d697caaa0'), ('XDG_DATA_DIRS', '/usr/share/ubuntu:/usr/local/share/:/usr/share/:/var/lib/snapd/desktop'), ('PYTHONPATH', '/home/pratik/ros2_ws/install/my_robot_description/local/lib/python3.10/dist-packages:/opt/ros/humble/lib/python3.10/site-packages:/opt/ros/humble/local/lib/python3.10/dist-packages'), ('COLCON', '1'), ('VTE_VERSION', '6800'), ('CMAKE_PREFIX_PATH', '/home/pratik/ros2_ws/install/my_robot_description:/opt/ros/humble')]), 'shell': False}
[0.043415] (my_robot_description) StdoutLine: {'line': b'[  8%] Built target my_robot_description__rosidl_generator_c\n'}
[0.043670] (my_robot_description) StdoutLine: {'line': b'[ 11%] Built target my_robot_description__cpp\n'}
[0.047442] (my_robot_description) StdoutLine: {'line': b'[ 11%] Built target ament_cmake_python_copy_my_robot_description\n'}
[0.063029] (my_robot_description) StdoutLine: {'line': b'[ 20%] Built target my_robot_description__rosidl_typesupport_introspection_cpp\n'}
[0.064845] (my_robot_description) StdoutLine: {'line': b'[ 28%] Built target my_robot_description__rosidl_typesupport_c\n'}
[0.067288] (my_robot_description) StdoutLine: {'line': b'[ 37%] Built target my_robot_description__rosidl_typesupport_fastrtps_c\n'}
[0.067467] (my_robot_description) StdoutLine: {'line': b'[ 45%] Built target my_robot_description__rosidl_typesupport_cpp\n'}
[0.067711] (my_robot_description) StdoutLine: {'line': b'[ 54%] Built target my_robot_description__rosidl_typesupport_introspection_c\n'}
[0.071305] (my_robot_description) StdoutLine: {'line': b'[ 62%] Built target my_robot_description__rosidl_typesupport_fastrtps_cpp\n'}
[0.081893] (my_robot_description) StdoutLine: {'line': b'[ 62%] Built target my_robot_description\n'}
[0.084122] (my_robot_description) StdoutLine: {'line': b'[ 68%] Built target robot_controller_node\n'}
[0.084488] (my_robot_description) StdoutLine: {'line': b'[ 74%] Built target teleop_node\n'}
[0.093483] (my_robot_description) StdoutLine: {'line': b'[ 77%] Built target my_robot_description__py\n'}
[0.099900] (-) TimerEvent: {}
[0.106923] (my_robot_description) StdoutLine: {'line': b'[ 82%] Built target my_robot_description__rosidl_generator_py\n'}
[0.123200] (my_robot_description) StdoutLine: {'line': b'[ 91%] Built target my_robot_description__rosidl_typesupport_introspection_c__pyext\n'}
[0.123374] (my_robot_description) StdoutLine: {'line': b'[ 94%] Built target my_robot_description__rosidl_typesupport_fastrtps_c__pyext\n'}
[0.124347] (my_robot_description) StdoutLine: {'line': b'[100%] Built target my_robot_description__rosidl_typesupport_c__pyext\n'}
[0.176606] (my_robot_description) StdoutLine: {'line': b'running egg_info\n'}
[0.176973] (my_robot_description) StdoutLine: {'line': b'writing my_robot_description.egg-info/PKG-INFO\n'}
[0.177063] (my_robot_description) StdoutLine: {'line': b'writing dependency_links to my_robot_description.egg-info/dependency_links.txt\n'}
[0.177123] (my_robot_description) StdoutLine: {'line': b'writing top-level names to my_robot_description.egg-info/top_level.txt\n'}
[0.178262] (my_robot_description) StdoutLine: {'line': b"reading manifest file 'my_robot_description.egg-info/SOURCES.txt'\n"}
[0.178428] (my_robot_description) StdoutLine: {'line': b"writing manifest file 'my_robot_description.egg-info/SOURCES.txt'\n"}
[0.194901] (my_robot_description) StdoutLine: {'line': b'[100%] Built target ament_cmake_python_build_my_robot_description_egg\n'}
[0.200041] (-) TimerEvent: {}
[0.204130] (my_robot_description) CommandEnded: {'returncode': 0}
[0.205085] (my_robot_description) JobProgress: {'identifier': 'my_robot_description', 'progress': 'install'}
[0.209672] (my_robot_description) Command: {'cmd': ['/usr/bin/cmake', '--install', '/home/pratik/ros2_ws/build/my_robot_description'], 'cwd': '/home/pratik/ros2_ws/build/my_robot_description', 'env': OrderedDict([('LESSOPEN', '| /usr/bin/lesspipe %s'), ('LANGUAGE', 'en_IN:en'), ('USER', 'pratik'), ('XDG_SESSION_TYPE', 'wayland'), ('SHLVL', '1'), ('LD_LIBRARY_PATH', '/home/pratik/ros2_ws/install/my_robot_description/lib:/usr/lib/x86_64-linux-gnu/gazebo-11/plugins:/opt/ros/humble/opt/rviz_ogre_vendor/lib:/opt/ros/humble/lib/x86_64-linux-gnu:/opt/ros/humble/lib'), ('HOME', '/home/pratik'), ('OLDPWD', '/home/pratik/ros2_ws/src/my_robot_description'), ('DESKTOP_SESSION', 'ubuntu'), ('ROS_PYTHON_VERSION', '3'), ('GNOME_SHELL_SESSION_MODE', 'ubuntu'), ('GTK_MODULES', 'gail:atk-bridge'), ('DBUS_STARTER_BUS_TYPE', 'session'), ('SYSTEMD_EXEC_PID', '2874'), ('DBUS_SESSION_BUS_ADDRESS', 'unix:path=/run/user/1000/bus,guid=c70e1f429a8ae012b4bbf98d697caaa0'), ('COLORTERM', 'truecolor'), ('PYTHONNOUSERSITE', '1'), ('_colcon_cd_root', '/opt/ros/humble/'), ('IM_CONFIG_PHASE', '1'), ('WAYLAND_DISPLAY', 'wayland-0'), ('COLCON_PREFIX_PATH', '/home/pratik/ros2_ws/install'), ('ROS_DISTRO', 'humble'), ('LOGNAME', 'pratik'), ('_', '/usr/bin/colcon'), ('ROS_VERSION', '2'), ('XDG_SESSION_CLASS', 'user'), ('USERNAME', 'pratik'), ('TERM', 'xterm-256color'), ('GAZEBO_MODEL_PATH', ':/home/pratik/ros2_ws/src/my_robot_description/models'), ('GNOME_DESKTOP_SESSION_ID', 'this-is-deprecated'), ('ROS_LOCALHOST_ONLY', '1'), ('PATH', '/opt/ros/humble/bin:/home/pratik/.local/bin:/usr/local/sbin:/usr/local/bin:/usr/sbin:/usr/bin:/sbin:/bin:/usr/games:/usr/local/games:/snap/bin:/snap/bin'), ('SESSION_MANAGER', 'local/pratik-Legion-5-15IRX9:@/tmp/.ICE-unix/2874,unix/pratik-Legion-5-15IRX9:/tmp/.ICE-unix/2874'), ('XDG_MENU_PREFIX', 'gnome-'), ('GNOME_TERMINAL_SCREEN', '/org/gnome/Terminal/screen/b836c0ed_f0fc_4f5d_bed4_1ae3bea0ec91'), ('GNOME_SETUP_DISPLAY', ':1'), ('XDG_RUNTIME_DIR', '/run/user/1000'), ('DISPLAY', ':0'), ('LANG', 'en_US.UTF-8'), ('XDG_CURRENT_DESKTOP', 'ubuntu:GNOME'), ('XMODIFIERS', '@im=ibus'), ('XDG_SESSION_DESKTOP', 'ubuntu'), ('XAUTHORITY', '/run/user/1000/.mutter-Xwaylandauth.TH82J3'), ('LS_COLORS', 'rs=0:di=01;34:ln=01;36:mh=00:pi=40;33:so=01;35:do=01;35:bd=40;33;01:cd=40;33;01:or=40;31;01:mi=00:su=37;41:sg=30;43:ca=30;41:tw=30;42:ow=34;42:st=37;44:ex=01;32:*.tar=01;31:*.tgz=01;31:*.arc=01;31:*.arj=01;31:*.taz=01;31:*.lha=01;31:*.lz4=01;31:*.lzh=01;31:*.lzma=01;31:*.tlz=01;31:*.txz=01;31:*.tzo=01;31:*.t7z=01;31:*.zip=01;31:*.z=01;31:*.dz=01;31:*.gz=01;31:*.lrz=01;31:*.lz=01;31:*.lzo=01;31:*.xz=01;31:*.zst=01;31:*.tzst=01;31:*.bz2=01;31:*.bz=01;31:*.tbz=01;31:*.tbz2=01;31:*.tz=01;31:*.deb=01;31:*.rpm=01;31:*.jar=01;31:*.war=01;31:*.ear=01;31:*.sar=01;31:*.rar=01;31:*.alz=01;31:*.ace=01;31:*.zoo=01;31:*.cpio=01;31:*.7z=01;31:*.rz=01;31:*.cab=01;31:*.wim=01;31:*.swm=01;31:*.dwm=01;31:*.esd=01;31:*.jpg=01;35:*.jpeg=01;35:*.mjpg=01;35:*.mjpeg=01;35:*.gif=01;35:*.bmp=01;35:*.pbm=01;35:*.pgm=01;35:*.ppm=01;35:*.tga=01;35:*.xbm=01;35:*.xpm=01;35:*.tif=01;35:*.tiff=01;35:*.png=01;35:*.svg=01;35:*.svgz=01;35:*.mng=01;35:*.pcx=01;35:*.mov=01;35:*.mpg=01;35:*.mpeg=01;35:*.m2v=01;35:*.mkv=01;35:*.webm=01;35:*.webp=01;35:*.ogm=01;35:*.mp4=01;35:*.m4v=01;35:*.mp4v=01;35:*.vob=01;35:*.qt=01;35:*.nuv=01;35:*.wmv=01;35:*.asf=01;35:*.rm=01;35:*.rmvb=01;35:*.flc=01;35:*.avi=01;35:*.fli=01;35:*.flv=01;35:*.gl=01;35:*.dl=01;35:*.xcf=01;35:*.xwd=01;35:*.yuv=01;35:*.cgm=01;35:*.emf=01;35:*.ogv=01;35:*.ogx=01;35:*.aac=00;36:*.au=00;36:*.flac=00;36:*.m4a=00;36:*.mid=00;36:*.midi=00;36:*.mka=00;36:*.mp3=00;36:*.mpc=00;36:*.ogg=00;36:*.ra=00;36:*.wav=00;36:*.oga=00;36:*.opus=00;36:*.spx=00;36:*.xspf=00;36:'), ('GNOME_TERMINAL_SERVICE', ':1.125'), ('SSH_AGENT_LAUNCHER', 'gnome-keyring'), ('SSH_AUTH_SOCK', '/run/user/1000/keyring/ssh'), ('ROS_DOMAIN_ID', '66'), ('AMENT_PREFIX_PATH', '/home/pratik/ros2_ws/install/my_robot_description:/opt/ros/humble'), ('SHELL', '/bin/bash'), ('QT_ACCESSIBILITY', '1'), ('GDMSESSION', 'ubuntu'), ('LESSCLOSE', '/usr/bin/lesspipe %s %s'), ('QT_IM_MODULE', 'ibus'), ('PWD', '/home/pratik/ros2_ws/build/my_robot_description'), ('LC_ALL', 'en_US.UTF-8'), ('XDG_CONFIG_DIRS', '/etc/xdg/xdg-ubuntu:/etc/xdg'), ('DBUS_STARTER_ADDRESS', 'unix:path=/run/user/1000/bus,guid=c70e1f429a8ae012b4bbf98d697caaa0'), ('XDG_DATA_DIRS', '/usr/share/ubuntu:/usr/local/share/:/usr/share/:/var/lib/snapd/desktop'), ('PYTHONPATH', '/home/pratik/ros2_ws/install/my_robot_description/local/lib/python3.10/dist-packages:/opt/ros/humble/lib/python3.10/site-packages:/opt/ros/humble/local/lib/python3.10/dist-packages'), ('COLCON', '1'), ('VTE_VERSION', '6800'), ('CMAKE_PREFIX_PATH', '/home/pratik/ros2_ws/install/my_robot_description:/opt/ros/humble')]), 'shell': False}
[0.219041] (my_robot_description) StdoutLine: {'line': b'-- Install configuration: ""\n'}
[0.219143] (my_robot_description) StdoutLine: {'line': b'-- Up-to-date: /home/pratik/ros2_ws/install/my_robot_description/share/ament_index/resource_index/rosidl_interfaces/my_robot_description\n'}
[0.219194] (my_robot_description) StdoutLine: {'line': b'-- Up-to-date: /home/pratik/ros2_ws/install/my_robot_description/include/my_robot_description/my_robot_description\n'}
[0.219231] (my_robot_description) StdoutLine: {'line': b'-- Up-to-date: /home/pratik/ros2_ws/install/my_robot_description/include/my_robot_description/my_robot_description/srv\n'}
[0.219265] (my_robot_description) StdoutLine: {'line': b'-- Up-to-date: /home/pratik/ros2_ws/install/my_robot_description/include/my_robot_description/my_robot_description/srv/set_velocity.h\n'}
[0.219314] (my_robot_description) StdoutLine: {'line': b'-- Up-to-date: /home/pratik/ros2_ws/install/my_robot_description/include/my_robot_description/my_robot_description/srv/detail\n'}
[0.219380] (my_robot_description) StdoutLine: {'line': b'-- Up-to-date: /home/pratik/ros2_ws/install/my_robot_description/include/my_robot_description/my_robot_description/srv/detail/set_velocity__type_support.h\n'}
[0.219414] (my_robot_description) StdoutLine: {'line': b'-- Up-to-date: /home/pratik/ros2_ws/install/my_robot_description/include/my_robot_description/my_robot_description/srv/detail/set_velocity__functions.c\n'}
[0.219444] (my_robot_description) StdoutLine: {'line': b'-- Up-to-date: /home/pratik/ros2_ws/install/my_robot_description/include/my_robot_description/my_robot_description/srv/detail/set_velocity__struct.h\n'}
[0.219473] (my_robot_description) StdoutLine: {'line': b'-- Up-to-date: /home/pratik/ros2_ws/install/my_robot_description/include/my_robot_description/my_robot_description/srv/detail/set_velocity__functions.h\n'}
[0.219501] (my_robot_description) StdoutLine: {'line': b'-- Up-to-date: /home/pratik/ros2_ws/install/my_robot_description/include/my_robot_description/my_robot_description/msg\n'}
[0.219531] (my_robot_description) StdoutLine: {'line': b'-- Up-to-date: /home/pratik/ros2_ws/install/my_robot_description/include/my_robot_description/my_robot_description/msg/rosidl_generator_c__visibility_control.h\n'}
[0.219563] (my_robot_description) StdoutLine: {'line': b'-- Up-to-date: /home/pratik/ros2_ws/install/my_robot_description/share/my_robot_description/environment/library_path.sh\n'}
[0.219607] (my_robot_description) StdoutLine: {'line': b'-- Up-to-date: /home/pratik/ros2_ws/install/my_robot_description/share/my_robot_description/environment/library_path.dsv\n'}
[0.219634] (my_robot_description) StdoutLine: {'line': b'-- Up-to-date: /home/pratik/ros2_ws/install/my_robot_description/lib/libmy_robot_description__rosidl_generator_c.so\n'}
[0.219708] (my_robot_description) StdoutLine: {'line': b'-- Up-to-date: /home/pratik/ros2_ws/install/my_robot_description/include/my_robot_description/my_robot_description\n'}
[0.219750] (my_robot_description) StdoutLine: {'line': b'-- Up-to-date: /home/pratik/ros2_ws/install/my_robot_description/include/my_robot_description/my_robot_description/srv\n'}
[0.219801] (my_robot_description) StdoutLine: {'line': b'-- Up-to-date: /home/pratik/ros2_ws/install/my_robot_description/include/my_robot_description/my_robot_description/srv/detail\n'}
[0.219835] (my_robot_description) StdoutLine: {'line': b'-- Up-to-date: /home/pratik/ros2_ws/install/my_robot_description/include/my_robot_description/my_robot_description/srv/detail/set_velocity__rosidl_typesupport_fastrtps_c.h\n'}
[0.219882] (my_robot_description) StdoutLine: {'line': b'-- Up-to-date: /home/pratik/ros2_ws/install/my_robot_description/include/my_robot_description/my_robot_description/msg\n'}
[0.219911] (my_robot_description) StdoutLine: {'line': b'-- Up-to-date: /home/pratik/ros2_ws/install/my_robot_description/include/my_robot_description/my_robot_description/msg/rosidl_typesupport_fastrtps_c__visibility_control.h\n'}
[0.220012] (my_robot_description) StdoutLine: {'line': b'-- Up-to-date: /home/pratik/ros2_ws/install/my_robot_description/lib/libmy_robot_description__rosidl_typesupport_fastrtps_c.so\n'}
[0.220184] (my_robot_description) StdoutLine: {'line': b'-- Up-to-date: /home/pratik/ros2_ws/install/my_robot_description/include/my_robot_description/my_robot_description\n'}
[0.220226] (my_robot_description) StdoutLine: {'line': b'-- Up-to-date: /home/pratik/ros2_ws/install/my_robot_description/include/my_robot_description/my_robot_description/srv\n'}
[0.220274] (my_robot_description) StdoutLine: {'line': b'-- Up-to-date: /home/pratik/ros2_ws/install/my_robot_description/include/my_robot_description/my_robot_description/srv/set_velocity.hpp\n'}
[0.220306] (my_robot_description) StdoutLine: {'line': b'-- Up-to-date: /home/pratik/ros2_ws/install/my_robot_description/include/my_robot_description/my_robot_description/srv/detail\n'}
[0.220357] (my_robot_description) StdoutLine: {'line': b'-- Up-to-date: /home/pratik/ros2_ws/install/my_robot_description/include/my_robot_description/my_robot_description/srv/detail/set_velocity__type_support.hpp\n'}
[0.220389] (my_robot_description) StdoutLine: {'line': b'-- Up-to-date: /home/pratik/ros2_ws/install/my_robot_description/include/my_robot_description/my_robot_description/srv/detail/set_velocity__traits.hpp\n'}
[0.220419] (my_robot_description) StdoutLine: {'line': b'-- Up-to-date: /home/pratik/ros2_ws/install/my_robot_description/include/my_robot_description/my_robot_description/srv/detail/set_velocity__struct.hpp\n'}
[0.220451] (my_robot_description) StdoutLine: {'line': b'-- Up-to-date: /home/pratik/ros2_ws/install/my_robot_description/include/my_robot_description/my_robot_description/srv/detail/set_velocity__builder.hpp\n'}
[0.220502] (my_robot_description) StdoutLine: {'line': b'-- Up-to-date: /home/pratik/ros2_ws/install/my_robot_description/include/my_robot_description/my_robot_description/msg\n'}
[0.220534] (my_robot_description) StdoutLine: {'line': b'-- Up-to-date: /home/pratik/ros2_ws/install/my_robot_description/include/my_robot_description/my_robot_description/msg/rosidl_generator_cpp__visibility_control.hpp\n'}
[0.220565] (my_robot_description) StdoutLine: {'line': b'-- Up-to-date: /home/pratik/ros2_ws/install/my_robot_description/include/my_robot_description/my_robot_description\n'}
[0.220593] (my_robot_description) StdoutLine: {'line': b'-- Up-to-date: /home/pratik/ros2_ws/install/my_robot_description/include/my_robot_description/my_robot_description/srv\n'}
[0.220623] (my_robot_description) StdoutLine: {'line': b'-- Up-to-date: /home/pratik/ros2_ws/install/my_robot_description/include/my_robot_description/my_robot_description/srv/detail\n'}
[0.220673] (my_robot_description) StdoutLine: {'line': b'-- Up-to-date: /home/pratik/ros2_ws/install/my_robot_description/include/my_robot_description/my_robot_description/srv/detail/set_velocity__rosidl_typesupport_fastrtps_cpp.hpp\n'}
[0.220704] (my_robot_description) StdoutLine: {'line': b'-- Up-to-date: /home/pratik/ros2_ws/install/my_robot_description/include/my_robot_description/my_robot_description/srv/detail/dds_fastrtps\n'}
[0.220734] (my_robot_description) StdoutLine: {'line': b'-- Up-to-date: /home/pratik/ros2_ws/install/my_robot_description/include/my_robot_description/my_robot_description/msg\n'}
[0.220765] (my_robot_description) StdoutLine: {'line': b'-- Up-to-date: /home/pratik/ros2_ws/install/my_robot_description/include/my_robot_description/my_robot_description/msg/rosidl_typesupport_fastrtps_cpp__visibility_control.h\n'}
[0.220807] (my_robot_description) StdoutLine: {'line': b'-- Up-to-date: /home/pratik/ros2_ws/install/my_robot_description/lib/libmy_robot_description__rosidl_typesupport_fastrtps_cpp.so\n'}
[0.220922] (my_robot_description) StdoutLine: {'line': b'-- Up-to-date: /home/pratik/ros2_ws/install/my_robot_description/include/my_robot_description/my_robot_description\n'}
[0.220971] (my_robot_description) StdoutLine: {'line': b'-- Up-to-date: /home/pratik/ros2_ws/install/my_robot_description/include/my_robot_description/my_robot_description/srv\n'}
[0.221015] (my_robot_description) StdoutLine: {'line': b'-- Up-to-date: /home/pratik/ros2_ws/install/my_robot_description/include/my_robot_description/my_robot_description/srv/detail\n'}
[0.221047] (my_robot_description) StdoutLine: {'line': b'-- Up-to-date: /home/pratik/ros2_ws/install/my_robot_description/include/my_robot_description/my_robot_description/srv/detail/set_velocity__rosidl_typesupport_introspection_c.h\n'}
[0.221074] (my_robot_description) StdoutLine: {'line': b'-- Up-to-date: /home/pratik/ros2_ws/install/my_robot_description/include/my_robot_description/my_robot_description/srv/detail/set_velocity__type_support.c\n'}
[0.221099] (my_robot_description) StdoutLine: {'line': b'-- Up-to-date: /home/pratik/ros2_ws/install/my_robot_description/include/my_robot_description/my_robot_description/msg\n'}
[0.221135] (my_robot_description) StdoutLine: {'line': b'-- Up-to-date: /home/pratik/ros2_ws/install/my_robot_description/include/my_robot_description/my_robot_description/msg/rosidl_typesupport_introspection_c__visibility_control.h\n'}
[0.221181] (my_robot_description) StdoutLine: {'line': b'-- Up-to-date: /home/pratik/ros2_ws/install/my_robot_description/lib/libmy_robot_description__rosidl_typesupport_introspection_c.so\n'}
[0.221405] (my_robot_description) StdoutLine: {'line': b'-- Up-to-date: /home/pratik/ros2_ws/install/my_robot_description/lib/libmy_robot_description__rosidl_typesupport_c.so\n'}
[0.221483] (my_robot_description) StdoutLine: {'line': b'-- Up-to-date: /home/pratik/ros2_ws/install/my_robot_description/include/my_robot_description/my_robot_description\n'}
[0.221516] (my_robot_description) StdoutLine: {'line': b'-- Up-to-date: /home/pratik/ros2_ws/install/my_robot_description/include/my_robot_description/my_robot_description/srv\n'}
[0.221558] (my_robot_description) StdoutLine: {'line': b'-- Up-to-date: /home/pratik/ros2_ws/install/my_robot_description/include/my_robot_description/my_robot_description/srv/detail\n'}
[0.221581] (my_robot_description) StdoutLine: {'line': b'-- Up-to-date: /home/pratik/ros2_ws/install/my_robot_description/include/my_robot_description/my_robot_description/srv/detail/set_velocity__type_support.cpp\n'}
[0.221606] (my_robot_description) StdoutLine: {'line': b'-- Up-to-date: /home/pratik/ros2_ws/install/my_robot_description/include/my_robot_description/my_robot_description/srv/detail/set_velocity__rosidl_typesupport_introspection_cpp.hpp\n'}
[0.221642] (my_robot_description) StdoutLine: {'line': b'-- Up-to-date: /home/pratik/ros2_ws/install/my_robot_description/lib/libmy_robot_description__rosidl_typesupport_introspection_cpp.so\n'}
[0.221725] (my_robot_description) StdoutLine: {'line': b'-- Up-to-date: /home/pratik/ros2_ws/install/my_robot_description/lib/libmy_robot_description__rosidl_typesupport_cpp.so\n'}
[0.221787] (my_robot_description) StdoutLine: {'line': b'-- Up-to-date: /home/pratik/ros2_ws/install/my_robot_description/share/my_robot_description/environment/pythonpath.sh\n'}
[0.221827] (my_robot_description) StdoutLine: {'line': b'-- Up-to-date: /home/pratik/ros2_ws/install/my_robot_description/share/my_robot_description/environment/pythonpath.dsv\n'}
[0.221855] (my_robot_description) StdoutLine: {'line': b'-- Up-to-date: /home/pratik/ros2_ws/install/my_robot_description/local/lib/python3.10/dist-packages/my_robot_description-0.0.0-py3.10.egg-info\n'}
[0.221896] (my_robot_description) StdoutLine: {'line': b'-- Installing: /home/pratik/ros2_ws/install/my_robot_description/local/lib/python3.10/dist-packages/my_robot_description-0.0.0-py3.10.egg-info/PKG-INFO\n'}
[0.221930] (my_robot_description) StdoutLine: {'line': b'-- Installing: /home/pratik/ros2_ws/install/my_robot_description/local/lib/python3.10/dist-packages/my_robot_description-0.0.0-py3.10.egg-info/SOURCES.txt\n'}
[0.221972] (my_robot_description) StdoutLine: {'line': b'-- Installing: /home/pratik/ros2_ws/install/my_robot_description/local/lib/python3.10/dist-packages/my_robot_description-0.0.0-py3.10.egg-info/top_level.txt\n'}
[0.222013] (my_robot_description) StdoutLine: {'line': b'-- Installing: /home/pratik/ros2_ws/install/my_robot_description/local/lib/python3.10/dist-packages/my_robot_description-0.0.0-py3.10.egg-info/dependency_links.txt\n'}
[0.222076] (my_robot_description) StdoutLine: {'line': b'-- Up-to-date: /home/pratik/ros2_ws/install/my_robot_description/local/lib/python3.10/dist-packages/my_robot_description\n'}
[0.222118] (my_robot_description) StdoutLine: {'line': b'-- Up-to-date: /home/pratik/ros2_ws/install/my_robot_description/local/lib/python3.10/dist-packages/my_robot_description/_my_robot_description_s.ep.rosidl_typesupport_introspection_c.c\n'}
[0.222147] (my_robot_description) StdoutLine: {'line': b'-- Up-to-date: /home/pratik/ros2_ws/install/my_robot_description/local/lib/python3.10/dist-packages/my_robot_description/__init__.py\n'}
[0.222192] (my_robot_description) StdoutLine: {'line': b'-- Up-to-date: /home/pratik/ros2_ws/install/my_robot_description/local/lib/python3.10/dist-packages/my_robot_description/my_robot_description_s__rosidl_typesupport_introspection_c.cpython-310-x86_64-linux-gnu.so\n'}
[0.222234] (my_robot_description) StdoutLine: {'line': b'-- Up-to-date: /home/pratik/ros2_ws/install/my_robot_description/local/lib/python3.10/dist-packages/my_robot_description/my_robot_description_s__rosidl_typesupport_fastrtps_c.cpython-310-x86_64-linux-gnu.so\n'}
[0.222270] (my_robot_description) StdoutLine: {'line': b'-- Up-to-date: /home/pratik/ros2_ws/install/my_robot_description/local/lib/python3.10/dist-packages/my_robot_description/_my_robot_description_s.ep.rosidl_typesupport_c.c\n'}
[0.222293] (my_robot_description) StdoutLine: {'line': b'-- Up-to-date: /home/pratik/ros2_ws/install/my_robot_description/local/lib/python3.10/dist-packages/my_robot_description/my_robot_description_s__rosidl_typesupport_c.cpython-310-x86_64-linux-gnu.so\n'}
[0.222314] (my_robot_description) StdoutLine: {'line': b'-- Up-to-date: /home/pratik/ros2_ws/install/my_robot_description/local/lib/python3.10/dist-packages/my_robot_description/libmy_robot_description__rosidl_generator_py.so\n'}
[0.222335] (my_robot_description) StdoutLine: {'line': b'-- Up-to-date: /home/pratik/ros2_ws/install/my_robot_description/local/lib/python3.10/dist-packages/my_robot_description/srv\n'}
[0.222373] (my_robot_description) StdoutLine: {'line': b'-- Up-to-date: /home/pratik/ros2_ws/install/my_robot_description/local/lib/python3.10/dist-packages/my_robot_description/srv/__init__.py\n'}
[0.222394] (my_robot_description) StdoutLine: {'line': b'-- Up-to-date: /home/pratik/ros2_ws/install/my_robot_description/local/lib/python3.10/dist-packages/my_robot_description/srv/_set_velocity.py\n'}
[0.222418] (my_robot_description) StdoutLine: {'line': b'-- Up-to-date: /home/pratik/ros2_ws/install/my_robot_description/local/lib/python3.10/dist-packages/my_robot_description/srv/_set_velocity_s.c\n'}
[0.222438] (my_robot_description) StdoutLine: {'line': b'-- Up-to-date: /home/pratik/ros2_ws/install/my_robot_description/local/lib/python3.10/dist-packages/my_robot_description/_my_robot_description_s.ep.rosidl_typesupport_fastrtps_c.c\n'}
[0.243341] (my_robot_description) StdoutLine: {'line': b"Listing '/home/pratik/ros2_ws/install/my_robot_description/local/lib/python3.10/dist-packages/my_robot_description'...\n"}
[0.243474] (my_robot_description) StdoutLine: {'line': b"Listing '/home/pratik/ros2_ws/install/my_robot_description/local/lib/python3.10/dist-packages/my_robot_description/srv'...\n"}
[0.245702] (my_robot_description) StdoutLine: {'line': b'-- Up-to-date: /home/pratik/ros2_ws/install/my_robot_description/local/lib/python3.10/dist-packages/my_robot_description/my_robot_description_s__rosidl_typesupport_fastrtps_c.cpython-310-x86_64-linux-gnu.so\n'}
[0.245784] (my_robot_description) StdoutLine: {'line': b'-- Up-to-date: /home/pratik/ros2_ws/install/my_robot_description/local/lib/python3.10/dist-packages/my_robot_description/my_robot_description_s__rosidl_typesupport_introspection_c.cpython-310-x86_64-linux-gnu.so\n'}
[0.245897] (my_robot_description) StdoutLine: {'line': b'-- Up-to-date: /home/pratik/ros2_ws/install/my_robot_description/local/lib/python3.10/dist-packages/my_robot_description/my_robot_description_s__rosidl_typesupport_c.cpython-310-x86_64-linux-gnu.so\n'}
[0.246002] (my_robot_description) StdoutLine: {'line': b'-- Up-to-date: /home/pratik/ros2_ws/install/my_robot_description/lib/libmy_robot_description__rosidl_generator_py.so\n'}
[0.246064] (my_robot_description) StdoutLine: {'line': b'-- Up-to-date: /home/pratik/ros2_ws/install/my_robot_description/share/my_robot_description/srv/SetVelocity.idl\n'}
[0.246296] (my_robot_description) StdoutLine: {'line': b'-- Up-to-date: /home/pratik/ros2_ws/install/my_robot_description/share/my_robot_description/srv/SetVelocity.srv\n'}
[0.246324] (my_robot_description) StdoutLine: {'line': b'-- Up-to-date: /home/pratik/ros2_ws/install/my_robot_description/share/my_robot_description/srv/SetVelocity_Request.msg\n'}
[0.246347] (my_robot_description) StdoutLine: {'line': b'-- Up-to-date: /home/pratik/ros2_ws/install/my_robot_description/share/my_robot_description/srv/SetVelocity_Response.msg\n'}
[0.246370] (my_robot_description) StdoutLine: {'line': b'-- Up-to-date: /home/pratik/ros2_ws/install/my_robot_description/share/my_robot_description/urdf\n'}
[0.246392] (my_robot_description) StdoutLine: {'line': b'-- Up-to-date: /home/pratik/ros2_ws/install/my_robot_description/share/my_robot_description/urdf/robot.urdf.xacro\n'}
[0.246444] (my_robot_description) StdoutLine: {'line': b'-- Up-to-date: /home/pratik/ros2_ws/install/my_robot_description/share/my_robot_description/launch\n'}
[0.246466] (my_robot_description) StdoutLine: {'line': b'-- Up-to-date: /home/pratik/ros2_ws/install/my_robot_description/share/my_robot_description/launch/robot_gazebo_rviz.launch.py\n'}
[0.246487] (my_robot_description) StdoutLine: {'line': b'-- Up-to-date: /home/pratik/ros2_ws/install/my_robot_description/share/my_robot_description/worlds\n'}
[0.246508] (my_robot_description) StdoutLine: {'line': b'-- Up-to-date: /home/pratik/ros2_ws/install/my_robot_description/share/my_robot_description/worlds/my_world.world\n'}
[0.246529] (my_robot_description) StdoutLine: {'line': b'-- Up-to-date: /home/pratik/ros2_ws/install/my_robot_description/share/my_robot_description/models\n'}
[0.246551] (my_robot_description) StdoutLine: {'line': b'-- Up-to-date: /home/pratik/ros2_ws/install/my_robot_description/share/my_robot_description/models/cardboard_box\n'}
[0.246573] (my_robot_description) StdoutLine: {'line': b'-- Up-to-date: /home/pratik/ros2_ws/install/my_robot_description/share/my_robot_description/models/cardboard_box/meshes\n'}
[0.246595] (my_robot_description) StdoutLine: {'line': b'-- Up-to-date: /home/pratik/ros2_ws/install/my_robot_description/share/my_robot_description/models/cardboard_box/meshes/cardboard_box.dae\n'}
[0.246652] (my_robot_description) StdoutLine: {'line': b'-- Up-to-date: /home/pratik/ros2_ws/install/my_robot_description/share/my_robot_description/models/cardboard_box/meshes/cardboard_box.png\n'}
[0.246676] (my_robot_description) StdoutLine: {'line': b'-- Up-to-date: /home/pratik/ros2_ws/install/my_robot_description/share/my_robot_description/models/cardboard_box/model.sdf\n'}
[0.246698] (my_robot_description) StdoutLine: {'line': b'-- Up-to-date: /home/pratik/ros2_ws/install/my_robot_description/share/my_robot_description/models/cardboard_box/materials\n'}
[0.246768] (my_robot_description) StdoutLine: {'line': b'-- Up-to-date: /home/pratik/ros2_ws/install/my_robot_description/share/my_robot_description/models/cardboard_box/materials/textures\n'}
[0.246793] (my_robot_description) StdoutLine: {'line': b'-- Up-to-date: /home/pratik/ros2_ws/install/my_robot_description/share/my_robot_description/models/cardboard_box/materials/textures/cardboard_box.png\n'}
[0.246817] (my_robot_description) StdoutLine: {'line': b'-- Up-to-date: /home/pratik/ros2_ws/install/my_robot_description/share/my_robot_description/models/cardboard_box/thumbnails\n'}
[0.246840] (my_robot_description) StdoutLine: {'line': b'-- Up-to-date: /home/pratik/ros2_ws/install/my_robot_description/share/my_robot_description/models/cardboard_box/thumbnails/2.png\n'}
[0.246864] (my_robot_description) StdoutLine: {'line': b'-- Up-to-date: /home/pratik/ros2_ws/install/my_robot_description/share/my_robot_description/models/cardboard_box/thumbnails/5.png\n'}
[0.246886] (my_robot_description) StdoutLine: {'line': b'-- Up-to-date: /home/pratik/ros2_ws/install/my_robot_description/share/my_robot_description/models/cardboard_box/thumbnails/4.png\n'}
[0.246909] (my_robot_description) StdoutLine: {'line': b'-- Up-to-date: /home/pratik/ros2_ws/install/my_robot_description/share/my_robot_description/models/cardboard_box/thumbnails/3.png\n'}
[0.246931] (my_robot_description) StdoutLine: {'line': b'-- Up-to-date: /home/pratik/ros2_ws/install/my_robot_description/share/my_robot_description/models/cardboard_box/thumbnails/1.png\n'}
[0.246953] (my_robot_description) StdoutLine: {'line': b'-- Up-to-date: /home/pratik/ros2_ws/install/my_robot_description/share/my_robot_description/models/cardboard_box/model.config\n'}
[0.246976] (my_robot_description) StdoutLine: {'line': b'-- Up-to-date: /home/pratik/ros2_ws/install/my_robot_description/share/my_robot_description/models/MARBLE_HUSKY_SENSOR_CONFIG_2\n'}
[0.247145] (my_robot_description) StdoutLine: {'line': b'-- Up-to-date: /home/pratik/ros2_ws/install/my_robot_description/share/my_robot_description/models/MARBLE_HUSKY_SENSOR_CONFIG_2/meshes\n'}
[0.247183] (my_robot_description) StdoutLine: {'line': b'-- Up-to-date: /home/pratik/ros2_ws/install/my_robot_description/share/my_robot_description/models/MARBLE_HUSKY_SENSOR_CONFIG_2/meshes/spotlight.dae\n'}
[0.247213] (my_robot_description) StdoutLine: {'line': b'-- Up-to-date: /home/pratik/ros2_ws/install/my_robot_description/share/my_robot_description/models/MARBLE_HUSKY_SENSOR_CONFIG_2/meshes/user_rail.dae\n'}
[0.247241] (my_robot_description) StdoutLine: {'line': b'-- Up-to-date: /home/pratik/ros2_ws/install/my_robot_description/share/my_robot_description/models/MARBLE_HUSKY_SENSOR_CONFIG_2/meshes/base_link.dae\n'}
[0.247265] (my_robot_description) StdoutLine: {'line': b'-- Up-to-date: /home/pratik/ros2_ws/install/my_robot_description/share/my_robot_description/models/MARBLE_HUSKY_SENSOR_CONFIG_2/meshes/jpl04_arch_nosensor.stl\n'}
[0.247288] (my_robot_description) StdoutLine: {'line': b'-- Up-to-date: /home/pratik/ros2_ws/install/my_robot_description/share/my_robot_description/models/MARBLE_HUSKY_SENSOR_CONFIG_2/meshes/top_plate.dae\n'}
[0.247310] (my_robot_description) StdoutLine: {'line': b'-- Up-to-date: /home/pratik/ros2_ws/install/my_robot_description/share/my_robot_description/models/MARBLE_HUSKY_SENSOR_CONFIG_2/meshes/VLP16_base_2.dae\n'}
[0.247333] (my_robot_description) StdoutLine: {'line': b'-- Up-to-date: /home/pratik/ros2_ws/install/my_robot_description/share/my_robot_description/models/MARBLE_HUSKY_SENSOR_CONFIG_2/meshes/bumper.dae\n'}
[0.247355] (my_robot_description) StdoutLine: {'line': b'-- Up-to-date: /home/pratik/ros2_ws/install/my_robot_description/share/my_robot_description/models/MARBLE_HUSKY_SENSOR_CONFIG_2/meshes/VLP16_base_1.dae\n'}
[0.247378] (my_robot_description) StdoutLine: {'line': b'-- Up-to-date: /home/pratik/ros2_ws/install/my_robot_description/share/my_robot_description/models/MARBLE_HUSKY_SENSOR_CONFIG_2/meshes/VLP16_scan.dae\n'}
[0.247410] (my_robot_description) StdoutLine: {'line': b'-- Up-to-date: /home/pratik/ros2_ws/install/my_robot_description/share/my_robot_description/models/MARBLE_HUSKY_SENSOR_CONFIG_2/meshes/wheel.dae\n'}
[0.247485] (my_robot_description) StdoutLine: {'line': b'-- Up-to-date: /home/pratik/ros2_ws/install/my_robot_description/share/my_robot_description/models/MARBLE_HUSKY_SENSOR_CONFIG_2/meshes/realsense.dae\n'}
[0.247512] (my_robot_description) StdoutLine: {'line': b'-- Up-to-date: /home/pratik/ros2_ws/install/my_robot_description/share/my_robot_description/models/MARBLE_HUSKY_SENSOR_CONFIG_2/meshes/top_chassis.dae\n'}
[0.247539] (my_robot_description) StdoutLine: {'line': b'-- Up-to-date: /home/pratik/ros2_ws/install/my_robot_description/share/my_robot_description/models/MARBLE_HUSKY_SENSOR_CONFIG_2/model.sdf\n'}
[0.247563] (my_robot_description) StdoutLine: {'line': b'-- Up-to-date: /home/pratik/ros2_ws/install/my_robot_description/share/my_robot_description/models/MARBLE_HUSKY_SENSOR_CONFIG_2/materials\n'}
[0.247613] (my_robot_description) StdoutLine: {'line': b'-- Up-to-date: /home/pratik/ros2_ws/install/my_robot_description/share/my_robot_description/models/MARBLE_HUSKY_SENSOR_CONFIG_2/materials/textures\n'}
[0.247638] (my_robot_description) StdoutLine: {'line': b'-- Up-to-date: /home/pratik/ros2_ws/install/my_robot_description/share/my_robot_description/models/MARBLE_HUSKY_SENSOR_CONFIG_2/materials/textures/realsense_diffuse.jpg\n'}
[0.247665] (my_robot_description) StdoutLine: {'line': b'-- Up-to-date: /home/pratik/ros2_ws/install/my_robot_description/share/my_robot_description/models/MARBLE_HUSKY_SENSOR_CONFIG_2/materials/textures/spotlight.jpg\n'}
[0.247689] (my_robot_description) StdoutLine: {'line': b'-- Up-to-date: /home/pratik/ros2_ws/install/my_robot_description/share/my_robot_description/models/MARBLE_HUSKY_SENSOR_CONFIG_2/thumbnails\n'}
[0.247713] (my_robot_description) StdoutLine: {'line': b'-- Up-to-date: /home/pratik/ros2_ws/install/my_robot_description/share/my_robot_description/models/MARBLE_HUSKY_SENSOR_CONFIG_2/thumbnails/4.jpg\n'}
[0.247737] (my_robot_description) StdoutLine: {'line': b'-- Up-to-date: /home/pratik/ros2_ws/install/my_robot_description/share/my_robot_description/models/MARBLE_HUSKY_SENSOR_CONFIG_2/thumbnails/2.jpg\n'}
[0.247760] (my_robot_description) StdoutLine: {'line': b'-- Up-to-date: /home/pratik/ros2_ws/install/my_robot_description/share/my_robot_description/models/MARBLE_HUSKY_SENSOR_CONFIG_2/thumbnails/3.jpg\n'}
[0.247783] (my_robot_description) StdoutLine: {'line': b'-- Up-to-date: /home/pratik/ros2_ws/install/my_robot_description/share/my_robot_description/models/MARBLE_HUSKY_SENSOR_CONFIG_2/thumbnails/1.jpg\n'}
[0.247807] (my_robot_description) StdoutLine: {'line': b'-- Up-to-date: /home/pratik/ros2_ws/install/my_robot_description/share/my_robot_description/models/MARBLE_HUSKY_SENSOR_CONFIG_2/model.config\n'}
[0.247830] (my_robot_description) StdoutLine: {'line': b'-- Up-to-date: /home/pratik/ros2_ws/install/my_robot_description/share/my_robot_description/models/coke_can\n'}
[0.247856] (my_robot_description) StdoutLine: {'line': b'-- Up-to-date: /home/pratik/ros2_ws/install/my_robot_description/share/my_robot_description/models/coke_can/meshes\n'}
[0.247879] (my_robot_description) StdoutLine: {'line': b'-- Up-to-date: /home/pratik/ros2_ws/install/my_robot_description/share/my_robot_description/models/coke_can/meshes/coke_can.dae\n'}
[0.247902] (my_robot_description) StdoutLine: {'line': b'-- Up-to-date: /home/pratik/ros2_ws/install/my_robot_description/share/my_robot_description/models/coke_can/model.sdf\n'}
[0.247926] (my_robot_description) StdoutLine: {'line': b'-- Up-to-date: /home/pratik/ros2_ws/install/my_robot_description/share/my_robot_description/models/coke_can/materials\n'}
[0.248011] (my_robot_description) StdoutLine: {'line': b'-- Up-to-date: /home/pratik/ros2_ws/install/my_robot_description/share/my_robot_description/models/coke_can/materials/textures\n'}
[0.248036] (my_robot_description) StdoutLine: {'line': b'-- Up-to-date: /home/pratik/ros2_ws/install/my_robot_description/share/my_robot_description/models/coke_can/materials/textures/coke_can.png\n'}
[0.248104] (my_robot_description) StdoutLine: {'line': b'-- Up-to-date: /home/pratik/ros2_ws/install/my_robot_description/share/my_robot_description/models/coke_can/model-1_2.sdf\n'}
[0.248130] (my_robot_description) StdoutLine: {'line': b'-- Up-to-date: /home/pratik/ros2_ws/install/my_robot_description/share/my_robot_description/models/coke_can/thumbnails\n'}
[0.248157] (my_robot_description) StdoutLine: {'line': b'-- Up-to-date: /home/pratik/ros2_ws/install/my_robot_description/share/my_robot_description/models/coke_can/thumbnails/2.png\n'}
[0.248182] (my_robot_description) StdoutLine: {'line': b'-- Up-to-date: /home/pratik/ros2_ws/install/my_robot_description/share/my_robot_description/models/coke_can/thumbnails/5.png\n'}
[0.248207] (my_robot_description) StdoutLine: {'line': b'-- Up-to-date: /home/pratik/ros2_ws/install/my_robot_description/share/my_robot_description/models/coke_can/thumbnails/4.png\n'}
[0.248230] (my_robot_description) StdoutLine: {'line': b'-- Up-to-date: /home/pratik/ros2_ws/install/my_robot_description/share/my_robot_description/models/coke_can/thumbnails/3.png\n'}
[0.248254] (my_robot_description) StdoutLine: {'line': b'-- Up-to-date: /home/pratik/ros2_ws/install/my_robot_description/share/my_robot_description/models/coke_can/thumbnails/1.png\n'}
[0.248279] (my_robot_description) StdoutLine: {'line': b'-- Up-to-date: /home/pratik/ros2_ws/install/my_robot_description/share/my_robot_description/models/coke_can/model.config\n'}
[0.248303] (my_robot_description) StdoutLine: {'line': b'-- Up-to-date: /home/pratik/ros2_ws/install/my_robot_description/share/my_robot_description/models/coke_can/model-1_3.sdf\n'}
[0.248328] (my_robot_description) StdoutLine: {'line': b'-- Up-to-date: /home/pratik/ros2_ws/install/my_robot_description/share/my_robot_description/models/coke_can/model-1_4.sdf\n'}
[0.248353] (my_robot_description) StdoutLine: {'line': b'-- Up-to-date: /home/pratik/ros2_ws/install/my_robot_description/share/my_robot_description/models/LitterBin\n'}
[0.248376] (my_robot_description) StdoutLine: {'line': b'-- Up-to-date: /home/pratik/ros2_ws/install/my_robot_description/share/my_robot_description/models/LitterBin/meshes\n'}
[0.248399] (my_robot_description) StdoutLine: {'line': b'-- Up-to-date: /home/pratik/ros2_ws/install/my_robot_description/share/my_robot_description/models/LitterBin/meshes/LitterBin_Diffuse.png\n'}
[0.248423] (my_robot_description) StdoutLine: {'line': b'-- Up-to-date: /home/pratik/ros2_ws/install/my_robot_description/share/my_robot_description/models/LitterBin/meshes/Litter.obj\n'}
[0.248446] (my_robot_description) StdoutLine: {'line': b'-- Up-to-date: /home/pratik/ros2_ws/install/my_robot_description/share/my_robot_description/models/LitterBin/meshes/Litter.mtl\n'}
[0.248469] (my_robot_description) StdoutLine: {'line': b'-- Up-to-date: /home/pratik/ros2_ws/install/my_robot_description/share/my_robot_description/models/LitterBin/model.sdf\n'}
[0.248494] (my_robot_description) StdoutLine: {'line': b'-- Up-to-date: /home/pratik/ros2_ws/install/my_robot_description/share/my_robot_description/models/LitterBin/thumbnails\n'}
[0.248516] (my_robot_description) StdoutLine: {'line': b'-- Up-to-date: /home/pratik/ros2_ws/install/my_robot_description/share/my_robot_description/models/LitterBin/thumbnails/2.png\n'}
[0.248538] (my_robot_description) StdoutLine: {'line': b'-- Up-to-date: /home/pratik/ros2_ws/install/my_robot_description/share/my_robot_description/models/LitterBin/thumbnails/5.png\n'}
[0.248560] (my_robot_description) StdoutLine: {'line': b'-- Up-to-date: /home/pratik/ros2_ws/install/my_robot_description/share/my_robot_description/models/LitterBin/thumbnails/4.png\n'}
[0.248583] (my_robot_description) StdoutLine: {'line': b'-- Up-to-date: /home/pratik/ros2_ws/install/my_robot_description/share/my_robot_description/models/LitterBin/thumbnails/3.png\n'}
[0.248604] (my_robot_description) StdoutLine: {'line': b'-- Up-to-date: /home/pratik/ros2_ws/install/my_robot_description/share/my_robot_description/models/LitterBin/thumbnails/1.png\n'}
[0.248626] (my_robot_description) StdoutLine: {'line': b'-- Up-to-date: /home/pratik/ros2_ws/install/my_robot_description/share/my_robot_description/models/LitterBin/model.config\n'}
[0.248648] (my_robot_description) StdoutLine: {'line': b'-- Up-to-date: /home/pratik/ros2_ws/install/my_robot_description/share/my_robot_description/models/Table\n'}
[0.248670] (my_robot_description) StdoutLine: {'line': b'-- Up-to-date: /home/pratik/ros2_ws/install/my_robot_description/share/my_robot_description/models/Table/model.sdf\n'}
[0.248692] (my_robot_description) StdoutLine: {'line': b'-- Up-to-date: /home/pratik/ros2_ws/install/my_robot_description/share/my_robot_description/models/Table/Table_Diffuse.jpg\n'}
[0.248714] (my_robot_description) StdoutLine: {'line': b'-- Up-to-date: /home/pratik/ros2_ws/install/my_robot_description/share/my_robot_description/models/Table/model-1_2.sdf\n'}
[0.248735] (my_robot_description) StdoutLine: {'line': b'-- Up-to-date: /home/pratik/ros2_ws/install/my_robot_description/share/my_robot_description/models/Table/thumbnails\n'}
[0.248757] (my_robot_description) StdoutLine: {'line': b'-- Up-to-date: /home/pratik/ros2_ws/install/my_robot_description/share/my_robot_description/models/Table/thumbnails/2.png\n'}
[0.248779] (my_robot_description) StdoutLine: {'line': b'-- Up-to-date: /home/pratik/ros2_ws/install/my_robot_description/share/my_robot_description/models/Table/thumbnails/5.png\n'}
[0.248801] (my_robot_description) StdoutLine: {'line': b'-- Up-to-date: /home/pratik/ros2_ws/install/my_robot_description/share/my_robot_description/models/Table/thumbnails/4.png\n'}
[0.248822] (my_robot_description) StdoutLine: {'line': b'-- Up-to-date: /home/pratik/ros2_ws/install/my_robot_description/share/my_robot_description/models/Table/thumbnails/3.png\n'}
[0.248853] (my_robot_description) StdoutLine: {'line': b'-- Up-to-date: /home/pratik/ros2_ws/install/my_robot_description/share/my_robot_description/models/Table/thumbnails/1.png\n'}
[0.248876] (my_robot_description) StdoutLine: {'line': b'-- Up-to-date: /home/pratik/ros2_ws/install/my_robot_description/share/my_robot_description/models/Table/model.config\n'}
[0.248898] (my_robot_description) StdoutLine: {'line': b'-- Up-to-date: /home/pratik/ros2_ws/install/my_robot_description/share/my_robot_description/models/Table/model-1_3.sdf\n'}
[0.248919] (my_robot_description) StdoutLine: {'line': b'-- Up-to-date: /home/pratik/ros2_ws/install/my_robot_description/share/my_robot_description/models/Table/model-1_4.sdf\n'}
[0.248940] (my_robot_description) StdoutLine: {'line': b'-- Up-to-date: /home/pratik/ros2_ws/install/my_robot_description/share/my_robot_description/models/first_2015_trash_can\n'}
[0.248962] (my_robot_description) StdoutLine: {'line': b'-- Up-to-date: /home/pratik/ros2_ws/install/my_robot_description/share/my_robot_description/models/first_2015_trash_can/meshes\n'}
[0.248984] (my_robot_description) StdoutLine: {'line': b'-- Up-to-date: /home/pratik/ros2_ws/install/my_robot_description/share/my_robot_description/models/first_2015_trash_can/meshes/trash_can.dae\n'}
[0.249007] (my_robot_description) StdoutLine: {'line': b'-- Up-to-date: /home/pratik/ros2_ws/install/my_robot_description/share/my_robot_description/models/first_2015_trash_can/model.sdf\n'}
[0.249029] (my_robot_description) StdoutLine: {'line': b'-- Up-to-date: /home/pratik/ros2_ws/install/my_robot_description/share/my_robot_description/models/first_2015_trash_can/thumbnails\n'}
[0.249051] (my_robot_description) StdoutLine: {'line': b'-- Up-to-date: /home/pratik/ros2_ws/install/my_robot_description/share/my_robot_description/models/first_2015_trash_can/thumbnails/2.png\n'}
[0.249072] (my_robot_description) StdoutLine: {'line': b'-- Up-to-date: /home/pratik/ros2_ws/install/my_robot_description/share/my_robot_description/models/first_2015_trash_can/thumbnails/5.png\n'}
[0.249094] (my_robot_description) StdoutLine: {'line': b'-- Up-to-date: /home/pratik/ros2_ws/install/my_robot_description/share/my_robot_description/models/first_2015_trash_can/thumbnails/4.png\n'}
[0.249227] (my_robot_description) StdoutLine: {'line': b'-- Up-to-date: /home/pratik/ros2_ws/install/my_robot_description/share/my_robot_description/models/first_2015_trash_can/thumbnails/3.png\n'}
[0.249254] (my_robot_description) StdoutLine: {'line': b'-- Up-to-date: /home/pratik/ros2_ws/install/my_robot_description/share/my_robot_description/models/first_2015_trash_can/thumbnails/1.png\n'}
[0.249278] (my_robot_description) StdoutLine: {'line': b'-- Up-to-date: /home/pratik/ros2_ws/install/my_robot_description/share/my_robot_description/models/first_2015_trash_can/model.config\n'}
[0.249303] (my_robot_description) StdoutLine: {'line': b'-- Up-to-date: /home/pratik/ros2_ws/install/my_robot_description/share/my_robot_description/models/Office Chair\n'}
[0.249327] (my_robot_description) StdoutLine: {'line': b'-- Up-to-date: /home/pratik/ros2_ws/install/my_robot_description/share/my_robot_description/models/Office Chair/meshes\n'}
[0.249350] (my_robot_description) StdoutLine: {'line': b'-- Up-to-date: /home/pratik/ros2_ws/install/my_robot_description/share/my_robot_description/models/Office Chair/meshes/officechair.dae\n'}
[0.249373] (my_robot_description) StdoutLine: {'line': b'-- Up-to-date: /home/pratik/ros2_ws/install/my_robot_description/share/my_robot_description/models/Office Chair/model.sdf\n'}
[0.249396] (my_robot_description) StdoutLine: {'line': b'-- Up-to-date: /home/pratik/ros2_ws/install/my_robot_description/share/my_robot_description/models/Office Chair/materials\n'}
[0.249418] (my_robot_description) StdoutLine: {'line': b'-- Up-to-date: /home/pratik/ros2_ws/install/my_robot_description/share/my_robot_description/models/Office Chair/materials/textures\n'}
[0.249441] (my_robot_description) StdoutLine: {'line': b'-- Up-to-date: /home/pratik/ros2_ws/install/my_robot_description/share/my_robot_description/models/Office Chair/materials/textures/OfficeChair_Roughness.png\n'}
[0.249463] (my_robot_description) StdoutLine: {'line': b'-- Up-to-date: /home/pratik/ros2_ws/install/my_robot_description/share/my_robot_description/models/Office Chair/materials/textures/OfficeChair_Albedo.png\n'}
[0.249486] (my_robot_description) StdoutLine: {'line': b'-- Up-to-date: /home/pratik/ros2_ws/install/my_robot_description/share/my_robot_description/models/Office Chair/materials/textures/OfficeChair_Normal.png\n'}
[0.249509] (my_robot_description) StdoutLine: {'line': b'-- Up-to-date: /home/pratik/ros2_ws/install/my_robot_description/share/my_robot_description/models/Office Chair/materials/textures/OfficeChair_Metalness.png\n'}
[0.249530] (my_robot_description) StdoutLine: {'line': b'-- Up-to-date: /home/pratik/ros2_ws/install/my_robot_description/share/my_robot_description/models/Office Chair/thumbnails\n'}
[0.249552] (my_robot_description) StdoutLine: {'line': b'-- Up-to-date: /home/pratik/ros2_ws/install/my_robot_description/share/my_robot_description/models/Office Chair/thumbnails/OfficeChair.png\n'}
[0.249573] (my_robot_description) StdoutLine: {'line': b'-- Up-to-date: /home/pratik/ros2_ws/install/my_robot_description/share/my_robot_description/models/Office Chair/model.config\n'}
[0.249595] (my_robot_description) StdoutLine: {'line': b'-- Up-to-date: /home/pratik/ros2_ws/install/my_robot_description/share/my_robot_description/models/mailbox\n'}
[0.249617] (my_robot_description) StdoutLine: {'line': b'-- Up-to-date: /home/pratik/ros2_ws/install/my_robot_description/share/my_robot_description/models/mailbox/meshes\n'}
[0.249639] (my_robot_description) StdoutLine: {'line': b'-- Up-to-date: /home/pratik/ros2_ws/install/my_robot_description/share/my_robot_description/models/mailbox/meshes/mailbox.dae\n'}
[0.249733] (my_robot_description) StdoutLine: {'line': b'-- Up-to-date: /home/pratik/ros2_ws/install/my_robot_description/share/my_robot_description/models/mailbox/meshes/Mailbox_Spec.png\n'}
[0.249757] (my_robot_description) StdoutLine: {'line': b'-- Up-to-date: /home/pratik/ros2_ws/install/my_robot_description/share/my_robot_description/models/mailbox/meshes/Mailbox_Diffuse.png\n'}
[0.249818] (my_robot_description) StdoutLine: {'line': b'-- Up-to-date: /home/pratik/ros2_ws/install/my_robot_description/share/my_robot_description/models/mailbox/model.sdf\n'}
[0.249844] (my_robot_description) StdoutLine: {'line': b'-- Up-to-date: /home/pratik/ros2_ws/install/my_robot_description/share/my_robot_description/models/mailbox/materials\n'}
[0.249867] (my_robot_description) StdoutLine: {'line': b'-- Up-to-date: /home/pratik/ros2_ws/install/my_robot_description/share/my_robot_description/models/mailbox/materials/scripts\n'}
[0.249890] (my_robot_description) StdoutLine: {'line': b'-- Up-to-date: /home/pratik/ros2_ws/install/my_robot_description/share/my_robot_description/models/mailbox/materials/scripts/mailbox.material\n'}
[0.249912] (my_robot_description) StdoutLine: {'line': b'-- Up-to-date: /home/pratik/ros2_ws/install/my_robot_description/share/my_robot_description/models/mailbox/materials/textures\n'}
[0.249935] (my_robot_description) StdoutLine: {'line': b'-- Up-to-date: /home/pratik/ros2_ws/install/my_robot_description/share/my_robot_description/models/mailbox/materials/textures/Mailbox_Spec.png\n'}
[0.249957] (my_robot_description) StdoutLine: {'line': b'-- Up-to-date: /home/pratik/ros2_ws/install/my_robot_description/share/my_robot_description/models/mailbox/materials/textures/Mailbox_Diffuse.tga.orig\n'}
[0.249980] (my_robot_description) StdoutLine: {'line': b'-- Up-to-date: /home/pratik/ros2_ws/install/my_robot_description/share/my_robot_description/models/mailbox/materials/textures/Mailbox_Diffuse.png\n'}
[0.250022] (my_robot_description) StdoutLine: {'line': b'-- Up-to-date: /home/pratik/ros2_ws/install/my_robot_description/share/my_robot_description/models/mailbox/thumbnails\n'}
[0.250047] (my_robot_description) StdoutLine: {'line': b'-- Up-to-date: /home/pratik/ros2_ws/install/my_robot_description/share/my_robot_description/models/mailbox/thumbnails/2.png\n'}
[0.250071] (my_robot_description) StdoutLine: {'line': b'-- Up-to-date: /home/pratik/ros2_ws/install/my_robot_description/share/my_robot_description/models/mailbox/thumbnails/5.png\n'}
[0.250095] (my_robot_description) StdoutLine: {'line': b'-- Up-to-date: /home/pratik/ros2_ws/install/my_robot_description/share/my_robot_description/models/mailbox/thumbnails/4.png\n'}
[0.250118] (my_robot_description) StdoutLine: {'line': b'-- Up-to-date: /home/pratik/ros2_ws/install/my_robot_description/share/my_robot_description/models/mailbox/thumbnails/3.png\n'}
[0.250140] (my_robot_description) StdoutLine: {'line': b'-- Up-to-date: /home/pratik/ros2_ws/install/my_robot_description/share/my_robot_description/models/mailbox/thumbnails/1.png\n'}
[0.250165] (my_robot_description) StdoutLine: {'line': b'-- Up-to-date: /home/pratik/ros2_ws/install/my_robot_description/share/my_robot_description/models/mailbox/model.config\n'}
[0.250188] (my_robot_description) StdoutLine: {'line': b'-- Up-to-date: /home/pratik/ros2_ws/install/my_robot_description/share/my_robot_description/models/mailbox/model-1_3.sdf\n'}
[0.250211] (my_robot_description) StdoutLine: {'line': b'-- Up-to-date: /home/pratik/ros2_ws/install/my_robot_description/share/my_robot_description/models/mailbox/model-1_4.sdf\n'}
[0.250234] (my_robot_description) StdoutLine: {'line': b'-- Up-to-date: /home/pratik/ros2_ws/install/my_robot_description/share/my_robot_description/models/RoboCup SPL Ball\n'}
[0.250257] (my_robot_description) StdoutLine: {'line': b'-- Up-to-date: /home/pratik/ros2_ws/install/my_robot_description/share/my_robot_description/models/RoboCup SPL Ball/model.sdf\n'}
[0.250280] (my_robot_description) StdoutLine: {'line': b'-- Up-to-date: /home/pratik/ros2_ws/install/my_robot_description/share/my_robot_description/models/RoboCup SPL Ball/thumbnails\n'}
[0.250304] (my_robot_description) StdoutLine: {'line': b'-- Up-to-date: /home/pratik/ros2_ws/install/my_robot_description/share/my_robot_description/models/RoboCup SPL Ball/thumbnails/2.png\n'}
[0.250326] (my_robot_description) StdoutLine: {'line': b'-- Up-to-date: /home/pratik/ros2_ws/install/my_robot_description/share/my_robot_description/models/RoboCup SPL Ball/thumbnails/5.png\n'}
[0.250359] (my_robot_description) StdoutLine: {'line': b'-- Up-to-date: /home/pratik/ros2_ws/install/my_robot_description/share/my_robot_description/models/RoboCup SPL Ball/thumbnails/4.png\n'}
[0.250384] (my_robot_description) StdoutLine: {'line': b'-- Up-to-date: /home/pratik/ros2_ws/install/my_robot_description/share/my_robot_description/models/RoboCup SPL Ball/thumbnails/3.png\n'}
[0.250407] (my_robot_description) StdoutLine: {'line': b'-- Up-to-date: /home/pratik/ros2_ws/install/my_robot_description/share/my_robot_description/models/RoboCup SPL Ball/thumbnails/1.png\n'}
[0.250431] (my_robot_description) StdoutLine: {'line': b'-- Up-to-date: /home/pratik/ros2_ws/install/my_robot_description/share/my_robot_description/models/RoboCup SPL Ball/model.config\n'}
[0.250454] (my_robot_description) StdoutLine: {'line': b'-- Up-to-date: /home/pratik/ros2_ws/install/my_robot_description/share/my_robot_description/models/brick_box_3x1x3\n'}
[0.250480] (my_robot_description) StdoutLine: {'line': b'-- Up-to-date: /home/pratik/ros2_ws/install/my_robot_description/share/my_robot_description/models/brick_box_3x1x3/meshes\n'}
[0.250502] (my_robot_description) StdoutLine: {'line': b'-- Up-to-date: /home/pratik/ros2_ws/install/my_robot_description/share/my_robot_description/models/brick_box_3x1x3/meshes/simple_box.dae\n'}
[0.250525] (my_robot_description) StdoutLine: {'line': b'-- Up-to-date: /home/pratik/ros2_ws/install/my_robot_description/share/my_robot_description/models/brick_box_3x1x3/model.sdf\n'}
[0.250575] (my_robot_description) StdoutLine: {'line': b'-- Up-to-date: /home/pratik/ros2_ws/install/my_robot_description/share/my_robot_description/models/brick_box_3x1x3/materials\n'}
[0.250598] (my_robot_description) StdoutLine: {'line': b'-- Up-to-date: /home/pratik/ros2_ws/install/my_robot_description/share/my_robot_description/models/brick_box_3x1x3/materials/scripts\n'}
[0.250621] (my_robot_description) StdoutLine: {'line': b'-- Up-to-date: /home/pratik/ros2_ws/install/my_robot_description/share/my_robot_description/models/brick_box_3x1x3/materials/scripts/brick_box.material\n'}
[0.250643] (my_robot_description) StdoutLine: {'line': b'-- Up-to-date: /home/pratik/ros2_ws/install/my_robot_description/share/my_robot_description/models/brick_box_3x1x3/materials/textures\n'}
[0.250666] (my_robot_description) StdoutLine: {'line': b'-- Up-to-date: /home/pratik/ros2_ws/install/my_robot_description/share/my_robot_description/models/brick_box_3x1x3/materials/textures/simple_box.png\n'}
[0.250688] (my_robot_description) StdoutLine: {'line': b'-- Up-to-date: /home/pratik/ros2_ws/install/my_robot_description/share/my_robot_description/models/brick_box_3x1x3/thumbnails\n'}
[0.250709] (my_robot_description) StdoutLine: {'line': b'-- Up-to-date: /home/pratik/ros2_ws/install/my_robot_description/share/my_robot_description/models/brick_box_3x1x3/thumbnails/2.png\n'}
[0.250731] (my_robot_description) StdoutLine: {'line': b'-- Up-to-date: /home/pratik/ros2_ws/install/my_robot_description/share/my_robot_description/models/brick_box_3x1x3/thumbnails/5.png\n'}
[0.250755] (my_robot_description) StdoutLine: {'line': b'-- Up-to-date: /home/pratik/ros2_ws/install/my_robot_description/share/my_robot_description/models/brick_box_3x1x3/thumbnails/4.png\n'}
[0.250777] (my_robot_description) StdoutLine: {'line': b'-- Up-to-date: /home/pratik/ros2_ws/install/my_robot_description/share/my_robot_description/models/brick_box_3x1x3/thumbnails/3.png\n'}
[0.250799] (my_robot_description) StdoutLine: {'line': b'-- Up-to-date: /home/pratik/ros2_ws/install/my_robot_description/share/my_robot_description/models/brick_box_3x1x3/thumbnails/1.png\n'}
[0.250834] (my_robot_description) StdoutLine: {'line': b'-- Up-to-date: /home/pratik/ros2_ws/install/my_robot_description/share/my_robot_description/models/brick_box_3x1x3/model.config\n'}
[0.250856] (my_robot_description) StdoutLine: {'line': b'-- Up-to-date: /home/pratik/ros2_ws/install/my_robot_description/share/my_robot_description/models/brick_box_3x1x3/model-1_3.sdf\n'}
[0.250898] (my_robot_description) StdoutLine: {'line': b'-- Up-to-date: /home/pratik/ros2_ws/install/my_robot_description/share/my_robot_description/models/brick_box_3x1x3/model-1_4.sdf\n'}
[0.250920] (my_robot_description) StdoutLine: {'line': b'-- Up-to-date: /home/pratik/ros2_ws/install/my_robot_description/share/my_robot_description/models/fire_hydrant\n'}
[0.250940] (my_robot_description) StdoutLine: {'line': b'-- Up-to-date: /home/pratik/ros2_ws/install/my_robot_description/share/my_robot_description/models/fire_hydrant/meshes\n'}
[0.250961] (my_robot_description) StdoutLine: {'line': b'-- Up-to-date: /home/pratik/ros2_ws/install/my_robot_description/share/my_robot_description/models/fire_hydrant/meshes/fire_hydrant_diffuse.png\n'}
[0.250982] (my_robot_description) StdoutLine: {'line': b'-- Up-to-date: /home/pratik/ros2_ws/install/my_robot_description/share/my_robot_description/models/fire_hydrant/meshes/fire_hydrant_spec.png\n'}
[0.251004] (my_robot_description) StdoutLine: {'line': b'-- Up-to-date: /home/pratik/ros2_ws/install/my_robot_description/share/my_robot_description/models/fire_hydrant/meshes/fire_hydrant.dae\n'}
[0.251026] (my_robot_description) StdoutLine: {'line': b'-- Up-to-date: /home/pratik/ros2_ws/install/my_robot_description/share/my_robot_description/models/fire_hydrant/model.sdf\n'}
[0.251047] (my_robot_description) StdoutLine: {'line': b'-- Up-to-date: /home/pratik/ros2_ws/install/my_robot_description/share/my_robot_description/models/fire_hydrant/materials\n'}
[0.251068] (my_robot_description) StdoutLine: {'line': b'-- Up-to-date: /home/pratik/ros2_ws/install/my_robot_description/share/my_robot_description/models/fire_hydrant/materials/textures\n'}
[0.251088] (my_robot_description) StdoutLine: {'line': b'-- Up-to-date: /home/pratik/ros2_ws/install/my_robot_description/share/my_robot_description/models/fire_hydrant/materials/textures/fire_hydrant_diffuse.png\n'}
[0.251109] (my_robot_description) StdoutLine: {'line': b'-- Up-to-date: /home/pratik/ros2_ws/install/my_robot_description/share/my_robot_description/models/fire_hydrant/materials/textures/fire_hydrant_spec.png\n'}
[0.251129] (my_robot_description) StdoutLine: {'line': b'-- Up-to-date: /home/pratik/ros2_ws/install/my_robot_description/share/my_robot_description/models/fire_hydrant/thumbnails\n'}
[0.251150] (my_robot_description) StdoutLine: {'line': b'-- Up-to-date: /home/pratik/ros2_ws/install/my_robot_description/share/my_robot_description/models/fire_hydrant/thumbnails/2.png\n'}
[0.251171] (my_robot_description) StdoutLine: {'line': b'-- Up-to-date: /home/pratik/ros2_ws/install/my_robot_description/share/my_robot_description/models/fire_hydrant/thumbnails/5.png\n'}
[0.251191] (my_robot_description) StdoutLine: {'line': b'-- Up-to-date: /home/pratik/ros2_ws/install/my_robot_description/share/my_robot_description/models/fire_hydrant/thumbnails/4.png\n'}
[0.251211] (my_robot_description) StdoutLine: {'line': b'-- Up-to-date: /home/pratik/ros2_ws/install/my_robot_description/share/my_robot_description/models/fire_hydrant/thumbnails/3.png\n'}
[0.251233] (my_robot_description) StdoutLine: {'line': b'-- Up-to-date: /home/pratik/ros2_ws/install/my_robot_description/share/my_robot_description/models/fire_hydrant/thumbnails/1.png\n'}
[0.251253] (my_robot_description) StdoutLine: {'line': b'-- Up-to-date: /home/pratik/ros2_ws/install/my_robot_description/share/my_robot_description/models/fire_hydrant/model.config\n'}
[0.251277] (my_robot_description) StdoutLine: {'line': b'-- Up-to-date: /home/pratik/ros2_ws/install/my_robot_description/share/my_robot_description/models/fire_hydrant/model-1_4.sdf\n'}
[0.251298] (my_robot_description) StdoutLine: {'line': b'-- Up-to-date: /home/pratik/ros2_ws/install/my_robot_description/share/my_robot_description/models/Mine Cart\n'}
[0.251319] (my_robot_description) StdoutLine: {'line': b'-- Up-to-date: /home/pratik/ros2_ws/install/my_robot_description/share/my_robot_description/models/Mine Cart/meshes\n'}
[0.251340] (my_robot_description) StdoutLine: {'line': b'-- Up-to-date: /home/pratik/ros2_ws/install/my_robot_description/share/my_robot_description/models/Mine Cart/meshes/minecart.dae\n'}
[0.251362] (my_robot_description) StdoutLine: {'line': b'-- Up-to-date: /home/pratik/ros2_ws/install/my_robot_description/share/my_robot_description/models/Mine Cart/model.sdf\n'}
[0.251382] (my_robot_description) StdoutLine: {'line': b'-- Up-to-date: /home/pratik/ros2_ws/install/my_robot_description/share/my_robot_description/models/Mine Cart/metadata.pbtxt\n'}
[0.251403] (my_robot_description) StdoutLine: {'line': b'-- Up-to-date: /home/pratik/ros2_ws/install/my_robot_description/share/my_robot_description/models/Mine Cart/materials\n'}
[0.251425] (my_robot_description) StdoutLine: {'line': b'-- Up-to-date: /home/pratik/ros2_ws/install/my_robot_description/share/my_robot_description/models/Mine Cart/materials/scripts\n'}
[0.251446] (my_robot_description) StdoutLine: {'line': b'-- Up-to-date: /home/pratik/ros2_ws/install/my_robot_description/share/my_robot_description/models/Mine Cart/materials/scripts/model.material\n'}
[0.251470] (my_robot_description) StdoutLine: {'line': b'-- Up-to-date: /home/pratik/ros2_ws/install/my_robot_description/share/my_robot_description/models/Mine Cart/materials/textures\n'}
[0.251491] (my_robot_description) StdoutLine: {'line': b'-- Up-to-date: /home/pratik/ros2_ws/install/my_robot_description/share/my_robot_description/models/Mine Cart/materials/textures/MineCart_Roughness.png\n'}
[0.251511] (my_robot_description) StdoutLine: {'line': b'-- Up-to-date: /home/pratik/ros2_ws/install/my_robot_description/share/my_robot_description/models/Mine Cart/materials/textures/MineCart_Albedo.png\n'}
[0.251531] (my_robot_description) StdoutLine: {'line': b'-- Up-to-date: /home/pratik/ros2_ws/install/my_robot_description/share/my_robot_description/models/Mine Cart/materials/textures/MineCart_Metalness.png\n'}
[0.251551] (my_robot_description) StdoutLine: {'line': b'-- Up-to-date: /home/pratik/ros2_ws/install/my_robot_description/share/my_robot_description/models/Mine Cart/thumbnails\n'}
[0.251571] (my_robot_description) StdoutLine: {'line': b'-- Up-to-date: /home/pratik/ros2_ws/install/my_robot_description/share/my_robot_description/models/Mine Cart/thumbnails/2.png\n'}
[0.251591] (my_robot_description) StdoutLine: {'line': b'-- Up-to-date: /home/pratik/ros2_ws/install/my_robot_description/share/my_robot_description/models/Mine Cart/thumbnails/4.png\n'}
[0.251611] (my_robot_description) StdoutLine: {'line': b'-- Up-to-date: /home/pratik/ros2_ws/install/my_robot_description/share/my_robot_description/models/Mine Cart/thumbnails/3.png\n'}
[0.251631] (my_robot_description) StdoutLine: {'line': b'-- Up-to-date: /home/pratik/ros2_ws/install/my_robot_description/share/my_robot_description/models/Mine Cart/thumbnails/1.png\n'}
[0.251653] (my_robot_description) StdoutLine: {'line': b'-- Up-to-date: /home/pratik/ros2_ws/install/my_robot_description/share/my_robot_description/models/Mine Cart/model.config\n'}
[0.251673] (my_robot_description) StdoutLine: {'line': b'-- Up-to-date: /home/pratik/ros2_ws/install/my_robot_description/share/my_robot_description/models/nist_maze_wall_120\n'}
[0.251694] (my_robot_description) StdoutLine: {'line': b'-- Up-to-date: /home/pratik/ros2_ws/install/my_robot_description/share/my_robot_description/models/nist_maze_wall_120/meshes\n'}
[0.251713] (my_robot_description) StdoutLine: {'line': b'-- Up-to-date: /home/pratik/ros2_ws/install/my_robot_description/share/my_robot_description/models/nist_maze_wall_120/meshes/nist_maze_wall_120.dae\n'}
[0.251733] (my_robot_description) StdoutLine: {'line': b'-- Up-to-date: /home/pratik/ros2_ws/install/my_robot_description/share/my_robot_description/models/nist_maze_wall_120/model.sdf\n'}
[0.251753] (my_robot_description) StdoutLine: {'line': b'-- Up-to-date: /home/pratik/ros2_ws/install/my_robot_description/share/my_robot_description/models/nist_maze_wall_120/materials\n'}
[0.251774] (my_robot_description) StdoutLine: {'line': b'-- Up-to-date: /home/pratik/ros2_ws/install/my_robot_description/share/my_robot_description/models/nist_maze_wall_120/materials/textures\n'}
[0.251794] (my_robot_description) StdoutLine: {'line': b'-- Up-to-date: /home/pratik/ros2_ws/install/my_robot_description/share/my_robot_description/models/nist_maze_wall_120/materials/textures/plywood256x256.png\n'}
[0.251823] (my_robot_description) StdoutLine: {'line': b'-- Up-to-date: /home/pratik/ros2_ws/install/my_robot_description/share/my_robot_description/models/nist_maze_wall_120/model-1_2.sdf\n'}
[0.251845] (my_robot_description) StdoutLine: {'line': b'-- Up-to-date: /home/pratik/ros2_ws/install/my_robot_description/share/my_robot_description/models/nist_maze_wall_120/thumbnails\n'}
[0.251867] (my_robot_description) StdoutLine: {'line': b'-- Up-to-date: /home/pratik/ros2_ws/install/my_robot_description/share/my_robot_description/models/nist_maze_wall_120/thumbnails/2.png\n'}
[0.251888] (my_robot_description) StdoutLine: {'line': b'-- Up-to-date: /home/pratik/ros2_ws/install/my_robot_description/share/my_robot_description/models/nist_maze_wall_120/thumbnails/5.png\n'}
[0.251936] (my_robot_description) StdoutLine: {'line': b'-- Up-to-date: /home/pratik/ros2_ws/install/my_robot_description/share/my_robot_description/models/nist_maze_wall_120/thumbnails/4.png\n'}
[0.251962] (my_robot_description) StdoutLine: {'line': b'-- Up-to-date: /home/pratik/ros2_ws/install/my_robot_description/share/my_robot_description/models/nist_maze_wall_120/thumbnails/3.png\n'}
[0.251986] (my_robot_description) StdoutLine: {'line': b'-- Up-to-date: /home/pratik/ros2_ws/install/my_robot_description/share/my_robot_description/models/nist_maze_wall_120/thumbnails/1.png\n'}
[0.252068] (my_robot_description) StdoutLine: {'line': b'-- Up-to-date: /home/pratik/ros2_ws/install/my_robot_description/share/my_robot_description/models/nist_maze_wall_120/model.config\n'}
[0.252139] (my_robot_description) StdoutLine: {'line': b'-- Up-to-date: /home/pratik/ros2_ws/install/my_robot_description/share/my_robot_description/models/nist_maze_wall_120/model-1_3.sdf\n'}
[0.252168] (my_robot_description) StdoutLine: {'line': b'-- Up-to-date: /home/pratik/ros2_ws/install/my_robot_description/share/my_robot_description/models/nist_maze_wall_120/model-1_4.sdf\n'}
[0.252194] (my_robot_description) StdoutLine: {'line': b'-- Up-to-date: /home/pratik/ros2_ws/install/my_robot_description/share/my_robot_description/models/Sofa\n'}
[0.252234] (my_robot_description) StdoutLine: {'line': b'-- Up-to-date: /home/pratik/ros2_ws/install/my_robot_description/share/my_robot_description/models/Sofa/meshes\n'}
[0.252326] (my_robot_description) StdoutLine: {'line': b'-- Up-to-date: /home/pratik/ros2_ws/install/my_robot_description/share/my_robot_description/models/Sofa/meshes/SofaDiffuse.png\n'}
[0.252364] (my_robot_description) StdoutLine: {'line': b'-- Up-to-date: /home/pratik/ros2_ws/install/my_robot_description/share/my_robot_description/models/Sofa/meshes/Sofa.obj\n'}
[0.252386] (my_robot_description) StdoutLine: {'line': b'-- Up-to-date: /home/pratik/ros2_ws/install/my_robot_description/share/my_robot_description/models/Sofa/meshes/Sofa.mtl\n'}
[0.252409] (my_robot_description) StdoutLine: {'line': b'-- Up-to-date: /home/pratik/ros2_ws/install/my_robot_description/share/my_robot_description/models/Sofa/model.sdf\n'}
[0.252475] (my_robot_description) StdoutLine: {'line': b'-- Up-to-date: /home/pratik/ros2_ws/install/my_robot_description/share/my_robot_description/models/Sofa/thumbnails\n'}
[0.252548] (my_robot_description) StdoutLine: {'line': b'-- Up-to-date: /home/pratik/ros2_ws/install/my_robot_description/share/my_robot_description/models/Sofa/thumbnails/2.png\n'}
[0.252610] (my_robot_description) StdoutLine: {'line': b'-- Up-to-date: /home/pratik/ros2_ws/install/my_robot_description/share/my_robot_description/models/Sofa/thumbnails/5.png\n'}
[0.252679] (my_robot_description) StdoutLine: {'line': b'-- Up-to-date: /home/pratik/ros2_ws/install/my_robot_description/share/my_robot_description/models/Sofa/thumbnails/4.png\n'}
[0.252701] (my_robot_description) StdoutLine: {'line': b'-- Up-to-date: /home/pratik/ros2_ws/install/my_robot_description/share/my_robot_description/models/Sofa/thumbnails/3.png\n'}
[0.252899] (my_robot_description) StdoutLine: {'line': b'-- Up-to-date: /home/pratik/ros2_ws/install/my_robot_description/share/my_robot_description/models/Sofa/thumbnails/1.png\n'}
[0.252925] (my_robot_description) StdoutLine: {'line': b'-- Up-to-date: /home/pratik/ros2_ws/install/my_robot_description/share/my_robot_description/models/Sofa/model.config\n'}
[0.252948] (my_robot_description) StdoutLine: {'line': b'-- Up-to-date: /home/pratik/ros2_ws/install/my_robot_description/share/my_robot_description/models/table_marble\n'}
[0.252971] (my_robot_description) StdoutLine: {'line': b'-- Up-to-date: /home/pratik/ros2_ws/install/my_robot_description/share/my_robot_description/models/table_marble/meshes\n'}
[0.252995] (my_robot_description) StdoutLine: {'line': b'-- Up-to-date: /home/pratik/ros2_ws/install/my_robot_description/share/my_robot_description/models/table_marble/meshes/table_lightmap.png\n'}
[0.253018] (my_robot_description) StdoutLine: {'line': b'-- Up-to-date: /home/pratik/ros2_ws/install/my_robot_description/share/my_robot_description/models/table_marble/meshes/table_lightmap.dae\n'}
[0.253061] (my_robot_description) StdoutLine: {'line': b'-- Up-to-date: /home/pratik/ros2_ws/install/my_robot_description/share/my_robot_description/models/table_marble/meshes/marble.png\n'}
[0.253084] (my_robot_description) StdoutLine: {'line': b'-- Up-to-date: /home/pratik/ros2_ws/install/my_robot_description/share/my_robot_description/models/table_marble/model.sdf\n'}
[0.253106] (my_robot_description) StdoutLine: {'line': b'-- Up-to-date: /home/pratik/ros2_ws/install/my_robot_description/share/my_robot_description/models/table_marble/materials\n'}
[0.253127] (my_robot_description) StdoutLine: {'line': b'-- Up-to-date: /home/pratik/ros2_ws/install/my_robot_description/share/my_robot_description/models/table_marble/materials/scripts\n'}
[0.253149] (my_robot_description) StdoutLine: {'line': b'-- Up-to-date: /home/pratik/ros2_ws/install/my_robot_description/share/my_robot_description/models/table_marble/materials/scripts/table_lightmap.material\n'}
[0.253174] (my_robot_description) StdoutLine: {'line': b'-- Up-to-date: /home/pratik/ros2_ws/install/my_robot_description/share/my_robot_description/models/table_marble/materials/textures\n'}
[0.253197] (my_robot_description) StdoutLine: {'line': b'-- Up-to-date: /home/pratik/ros2_ws/install/my_robot_description/share/my_robot_description/models/table_marble/materials/textures/table_lightmap.png\n'}
[0.253236] (my_robot_description) StdoutLine: {'line': b'-- Up-to-date: /home/pratik/ros2_ws/install/my_robot_description/share/my_robot_description/models/table_marble/materials/textures/marble.png\n'}
[0.253259] (my_robot_description) StdoutLine: {'line': b'-- Up-to-date: /home/pratik/ros2_ws/install/my_robot_description/share/my_robot_description/models/table_marble/thumbnails\n'}
[0.253281] (my_robot_description) StdoutLine: {'line': b'-- Up-to-date: /home/pratik/ros2_ws/install/my_robot_description/share/my_robot_description/models/table_marble/thumbnails/2.png\n'}
[0.253303] (my_robot_description) StdoutLine: {'line': b'-- Up-to-date: /home/pratik/ros2_ws/install/my_robot_description/share/my_robot_description/models/table_marble/thumbnails/5.png\n'}
[0.253378] (my_robot_description) StdoutLine: {'line': b'-- Up-to-date: /home/pratik/ros2_ws/install/my_robot_description/share/my_robot_description/models/table_marble/thumbnails/4.png\n'}
[0.253401] (my_robot_description) StdoutLine: {'line': b'-- Up-to-date: /home/pratik/ros2_ws/install/my_robot_description/share/my_robot_description/models/table_marble/thumbnails/3.png\n'}
[0.253424] (my_robot_description) StdoutLine: {'line': b'-- Up-to-date: /home/pratik/ros2_ws/install/my_robot_description/share/my_robot_description/models/table_marble/thumbnails/1.png\n'}
[0.253447] (my_robot_description) StdoutLine: {'line': b'-- Up-to-date: /home/pratik/ros2_ws/install/my_robot_description/share/my_robot_description/models/table_marble/model.config\n'}
[0.253470] (my_robot_description) StdoutLine: {'line': b'-- Up-to-date: /home/pratik/ros2_ws/install/my_robot_description/share/my_robot_description/models/table_marble/model-1_4.sdf\n'}
[0.253493] (my_robot_description) StdoutLine: {'line': b'-- Up-to-date: /home/pratik/ros2_ws/install/my_robot_description/share/my_robot_description/models/coke_can_steel\n'}
[0.253515] (my_robot_description) StdoutLine: {'line': b'-- Up-to-date: /home/pratik/ros2_ws/install/my_robot_description/share/my_robot_description/models/coke_can_steel/meshes\n'}
[0.253537] (my_robot_description) StdoutLine: {'line': b'-- Up-to-date: /home/pratik/ros2_ws/install/my_robot_description/share/my_robot_description/models/coke_can_steel/meshes/coke_can.png\n'}
[0.253560] (my_robot_description) StdoutLine: {'line': b'-- Up-to-date: /home/pratik/ros2_ws/install/my_robot_description/share/my_robot_description/models/coke_can_steel/meshes/coke_can.mtl\n'}
[0.253582] (my_robot_description) StdoutLine: {'line': b'-- Up-to-date: /home/pratik/ros2_ws/install/my_robot_description/share/my_robot_description/models/coke_can_steel/meshes/coke_can.obj\n'}
[0.253603] (my_robot_description) StdoutLine: {'line': b'-- Up-to-date: /home/pratik/ros2_ws/install/my_robot_description/share/my_robot_description/models/coke_can_steel/model.sdf\n'}
[0.253625] (my_robot_description) StdoutLine: {'line': b'-- Up-to-date: /home/pratik/ros2_ws/install/my_robot_description/share/my_robot_description/models/coke_can_steel/thumbnails\n'}
[0.253646] (my_robot_description) StdoutLine: {'line': b'-- Up-to-date: /home/pratik/ros2_ws/install/my_robot_description/share/my_robot_description/models/coke_can_steel/thumbnails/2.png\n'}
[0.253668] (my_robot_description) StdoutLine: {'line': b'-- Up-to-date: /home/pratik/ros2_ws/install/my_robot_description/share/my_robot_description/models/coke_can_steel/thumbnails/1.png\n'}
[0.253691] (my_robot_description) StdoutLine: {'line': b'-- Up-to-date: /home/pratik/ros2_ws/install/my_robot_description/share/my_robot_description/models/coke_can_steel/model.config\n'}
[0.253713] (my_robot_description) StdoutLine: {'line': b'-- Up-to-date: /home/pratik/ros2_ws/install/my_robot_description/share/my_robot_description/models/red_ball_10in\n'}
[0.253918] (my_robot_description) StdoutLine: {'line': b'-- Up-to-date: /home/pratik/ros2_ws/install/my_robot_description/share/my_robot_description/models/red_ball_10in/model.sdf\n'}
[0.253944] (my_robot_description) StdoutLine: {'line': b'-- Up-to-date: /home/pratik/ros2_ws/install/my_robot_description/share/my_robot_description/models/red_ball_10in/thumbnails\n'}
[0.253967] (my_robot_description) StdoutLine: {'line': b'-- Up-to-date: /home/pratik/ros2_ws/install/my_robot_description/share/my_robot_description/models/red_ball_10in/thumbnails/1.png\n'}
[0.253990] (my_robot_description) StdoutLine: {'line': b'-- Up-to-date: /home/pratik/ros2_ws/install/my_robot_description/share/my_robot_description/models/red_ball_10in/model.config\n'}
[0.254013] (my_robot_description) StdoutLine: {'line': b'-- Up-to-date: /home/pratik/ros2_ws/install/my_robot_description/share/my_robot_description/models/dumpster\n'}
[0.254036] (my_robot_description) StdoutLine: {'line': b'-- Up-to-date: /home/pratik/ros2_ws/install/my_robot_description/share/my_robot_description/models/dumpster/meshes\n'}
[0.254059] (my_robot_description) StdoutLine: {'line': b'-- Up-to-date: /home/pratik/ros2_ws/install/my_robot_description/share/my_robot_description/models/dumpster/meshes/dumpster.dae\n'}
[0.254081] (my_robot_description) StdoutLine: {'line': b'-- Up-to-date: /home/pratik/ros2_ws/install/my_robot_description/share/my_robot_description/models/dumpster/model.sdf\n'}
[0.254363] (my_robot_description) StdoutLine: {'line': b'-- Up-to-date: /home/pratik/ros2_ws/install/my_robot_description/share/my_robot_description/models/dumpster/materials\n'}
[0.254411] (my_robot_description) StdoutLine: {'line': b'-- Up-to-date: /home/pratik/ros2_ws/install/my_robot_description/share/my_robot_description/models/dumpster/materials/scripts\n'}
[0.254441] (my_robot_description) StdoutLine: {'line': b'-- Up-to-date: /home/pratik/ros2_ws/install/my_robot_description/share/my_robot_description/models/dumpster/materials/scripts/dumpster.material\n'}
[0.254596] (my_robot_description) StdoutLine: {'line': b'-- Up-to-date: /home/pratik/ros2_ws/install/my_robot_description/share/my_robot_description/models/dumpster/materials/textures\n'}
[0.254619] (my_robot_description) StdoutLine: {'line': b'-- Up-to-date: /home/pratik/ros2_ws/install/my_robot_description/share/my_robot_description/models/dumpster/materials/textures/Dumpster_Spec.png\n'}
[0.254642] (my_robot_description) StdoutLine: {'line': b'-- Up-to-date: /home/pratik/ros2_ws/install/my_robot_description/share/my_robot_description/models/dumpster/materials/textures/Dumpster_Diffuse.png\n'}
[0.254663] (my_robot_description) StdoutLine: {'line': b'-- Up-to-date: /home/pratik/ros2_ws/install/my_robot_description/share/my_robot_description/models/dumpster/thumbnails\n'}
[0.254685] (my_robot_description) StdoutLine: {'line': b'-- Up-to-date: /home/pratik/ros2_ws/install/my_robot_description/share/my_robot_description/models/dumpster/thumbnails/2.png\n'}
[0.254717] (my_robot_description) StdoutLine: {'line': b'-- Up-to-date: /home/pratik/ros2_ws/install/my_robot_description/share/my_robot_description/models/dumpster/thumbnails/5.png\n'}
[0.254741] (my_robot_description) StdoutLine: {'line': b'-- Up-to-date: /home/pratik/ros2_ws/install/my_robot_description/share/my_robot_description/models/dumpster/thumbnails/4.png\n'}
[0.254762] (my_robot_description) StdoutLine: {'line': b'-- Up-to-date: /home/pratik/ros2_ws/install/my_robot_description/share/my_robot_description/models/dumpster/thumbnails/3.png\n'}
[0.254783] (my_robot_description) StdoutLine: {'line': b'-- Up-to-date: /home/pratik/ros2_ws/install/my_robot_description/share/my_robot_description/models/dumpster/thumbnails/1.png\n'}
[0.254805] (my_robot_description) StdoutLine: {'line': b'-- Up-to-date: /home/pratik/ros2_ws/install/my_robot_description/share/my_robot_description/models/dumpster/model.config\n'}
[0.254828] (my_robot_description) StdoutLine: {'line': b'-- Up-to-date: /home/pratik/ros2_ws/install/my_robot_description/share/my_robot_description/models/dumpster/model-1_3.sdf\n'}
[0.254849] (my_robot_description) StdoutLine: {'line': b'-- Up-to-date: /home/pratik/ros2_ws/install/my_robot_description/share/my_robot_description/models/dumpster/model-1_4.sdf\n'}
[0.254870] (my_robot_description) StdoutLine: {'line': b'-- Up-to-date: /home/pratik/ros2_ws/install/my_robot_description/share/my_robot_description/models/cafe_table\n'}
[0.254891] (my_robot_description) StdoutLine: {'line': b'-- Up-to-date: /home/pratik/ros2_ws/install/my_robot_description/share/my_robot_description/models/cafe_table/meshes\n'}
[0.254911] (my_robot_description) StdoutLine: {'line': b'-- Up-to-date: /home/pratik/ros2_ws/install/my_robot_description/share/my_robot_description/models/cafe_table/meshes/cafe_table.dae\n'}
[0.254931] (my_robot_description) StdoutLine: {'line': b'-- Up-to-date: /home/pratik/ros2_ws/install/my_robot_description/share/my_robot_description/models/cafe_table/meshes/Wood_Floor_Dark.jpg\n'}
[0.254952] (my_robot_description) StdoutLine: {'line': b'-- Up-to-date: /home/pratik/ros2_ws/install/my_robot_description/share/my_robot_description/models/cafe_table/meshes/Maple.jpg\n'}
[0.254973] (my_robot_description) StdoutLine: {'line': b'-- Up-to-date: /home/pratik/ros2_ws/install/my_robot_description/share/my_robot_description/models/cafe_table/model.sdf\n'}
[0.254993] (my_robot_description) StdoutLine: {'line': b'-- Up-to-date: /home/pratik/ros2_ws/install/my_robot_description/share/my_robot_description/models/cafe_table/materials\n'}
[0.255013] (my_robot_description) StdoutLine: {'line': b'-- Up-to-date: /home/pratik/ros2_ws/install/my_robot_description/share/my_robot_description/models/cafe_table/materials/textures\n'}
[0.255033] (my_robot_description) StdoutLine: {'line': b'-- Up-to-date: /home/pratik/ros2_ws/install/my_robot_description/share/my_robot_description/models/cafe_table/materials/textures/Wood_Floor_Dark.jpg\n'}
[0.255053] (my_robot_description) StdoutLine: {'line': b'-- Up-to-date: /home/pratik/ros2_ws/install/my_robot_description/share/my_robot_description/models/cafe_table/materials/textures/Maple.jpg\n'}
[0.255076] (my_robot_description) StdoutLine: {'line': b'-- Up-to-date: /home/pratik/ros2_ws/install/my_robot_description/share/my_robot_description/models/cafe_table/thumbnails\n'}
[0.255096] (my_robot_description) StdoutLine: {'line': b'-- Up-to-date: /home/pratik/ros2_ws/install/my_robot_description/share/my_robot_description/models/cafe_table/thumbnails/2.png\n'}
[0.255116] (my_robot_description) StdoutLine: {'line': b'-- Up-to-date: /home/pratik/ros2_ws/install/my_robot_description/share/my_robot_description/models/cafe_table/thumbnails/5.png\n'}
[0.255136] (my_robot_description) StdoutLine: {'line': b'-- Up-to-date: /home/pratik/ros2_ws/install/my_robot_description/share/my_robot_description/models/cafe_table/thumbnails/4.png\n'}
[0.255160] (my_robot_description) StdoutLine: {'line': b'-- Up-to-date: /home/pratik/ros2_ws/install/my_robot_description/share/my_robot_description/models/cafe_table/thumbnails/3.png\n'}
[0.255181] (my_robot_description) StdoutLine: {'line': b'-- Up-to-date: /home/pratik/ros2_ws/install/my_robot_description/share/my_robot_description/models/cafe_table/thumbnails/1.png\n'}
[0.255202] (my_robot_description) StdoutLine: {'line': b'-- Up-to-date: /home/pratik/ros2_ws/install/my_robot_description/share/my_robot_description/models/cafe_table/model.config\n'}
[0.255224] (my_robot_description) StdoutLine: {'line': b'-- Up-to-date: /home/pratik/ros2_ws/install/my_robot_description/share/my_robot_description/models/cafe_table/model-1_4.sdf\n'}
[0.255245] (my_robot_description) StdoutLine: {'line': b'-- Up-to-date: /home/pratik/ros2_ws/install/my_robot_description/share/my_robot_description/models/rescue_randy\n'}
[0.255266] (my_robot_description) StdoutLine: {'line': b'-- Up-to-date: /home/pratik/ros2_ws/install/my_robot_description/share/my_robot_description/models/rescue_randy/meshes\n'}
[0.255288] (my_robot_description) StdoutLine: {'line': b'-- Up-to-date: /home/pratik/ros2_ws/install/my_robot_description/share/my_robot_description/models/rescue_randy/meshes/rescue_randy.dae\n'}
[0.255309] (my_robot_description) StdoutLine: {'line': b'-- Up-to-date: /home/pratik/ros2_ws/install/my_robot_description/share/my_robot_description/models/rescue_randy/model.sdf\n'}
[0.255330] (my_robot_description) StdoutLine: {'line': b'-- Up-to-date: /home/pratik/ros2_ws/install/my_robot_description/share/my_robot_description/models/rescue_randy/materials\n'}
[0.255351] (my_robot_description) StdoutLine: {'line': b'-- Up-to-date: /home/pratik/ros2_ws/install/my_robot_description/share/my_robot_description/models/rescue_randy/materials/scripts\n'}
[0.255493] (my_robot_description) StdoutLine: {'line': b'-- Up-to-date: /home/pratik/ros2_ws/install/my_robot_description/share/my_robot_description/models/rescue_randy/materials/scripts/rescue_randy.material\n'}
[0.255518] (my_robot_description) StdoutLine: {'line': b'-- Up-to-date: /home/pratik/ros2_ws/install/my_robot_description/share/my_robot_description/models/rescue_randy/materials/textures\n'}
[0.255567] (my_robot_description) StdoutLine: {'line': b'-- Up-to-date: /home/pratik/ros2_ws/install/my_robot_description/share/my_robot_description/models/rescue_randy/materials/textures/rescue_randy_metalness.png\n'}
[0.255589] (my_robot_description) StdoutLine: {'line': b'-- Up-to-date: /home/pratik/ros2_ws/install/my_robot_description/share/my_robot_description/models/rescue_randy/materials/textures/rescue_randy_roughness.png\n'}
[0.255610] (my_robot_description) StdoutLine: {'line': b'-- Up-to-date: /home/pratik/ros2_ws/install/my_robot_description/share/my_robot_description/models/rescue_randy/materials/textures/RescueRandy_Thermal.png\n'}
[0.255631] (my_robot_description) StdoutLine: {'line': b'-- Up-to-date: /home/pratik/ros2_ws/install/my_robot_description/share/my_robot_description/models/rescue_randy/materials/textures/rescue_randy_normal.png\n'}
[0.255651] (my_robot_description) StdoutLine: {'line': b'-- Up-to-date: /home/pratik/ros2_ws/install/my_robot_description/share/my_robot_description/models/rescue_randy/materials/textures/rescue_randy_albedo.png\n'}
[0.255672] (my_robot_description) StdoutLine: {'line': b'-- Up-to-date: /home/pratik/ros2_ws/install/my_robot_description/share/my_robot_description/models/rescue_randy/thumbnails\n'}
[0.255692] (my_robot_description) StdoutLine: {'line': b'-- Up-to-date: /home/pratik/ros2_ws/install/my_robot_description/share/my_robot_description/models/rescue_randy/thumbnails/2.png\n'}
[0.255712] (my_robot_description) StdoutLine: {'line': b'-- Up-to-date: /home/pratik/ros2_ws/install/my_robot_description/share/my_robot_description/models/rescue_randy/thumbnails/5.png\n'}
[0.255734] (my_robot_description) StdoutLine: {'line': b'-- Up-to-date: /home/pratik/ros2_ws/install/my_robot_description/share/my_robot_description/models/rescue_randy/thumbnails/4.png\n'}
[0.255754] (my_robot_description) StdoutLine: {'line': b'-- Up-to-date: /home/pratik/ros2_ws/install/my_robot_description/share/my_robot_description/models/rescue_randy/thumbnails/3.png\n'}
[0.255774] (my_robot_description) StdoutLine: {'line': b'-- Up-to-date: /home/pratik/ros2_ws/install/my_robot_description/share/my_robot_description/models/rescue_randy/thumbnails/1.png\n'}
[0.255794] (my_robot_description) StdoutLine: {'line': b'-- Up-to-date: /home/pratik/ros2_ws/install/my_robot_description/share/my_robot_description/models/rescue_randy/model.config\n'}
[0.255814] (my_robot_description) StdoutLine: {'line': b'-- Up-to-date: /home/pratik/ros2_ws/install/my_robot_description/share/my_robot_description/models/Suitcase1H\n'}
[0.255834] (my_robot_description) StdoutLine: {'line': b'-- Up-to-date: /home/pratik/ros2_ws/install/my_robot_description/share/my_robot_description/models/Suitcase1H/meshes\n'}
[0.255854] (my_robot_description) StdoutLine: {'line': b'-- Up-to-date: /home/pratik/ros2_ws/install/my_robot_description/share/my_robot_description/models/Suitcase1H/meshes/Suitcase1H_Col.obj\n'}
[0.255873] (my_robot_description) StdoutLine: {'line': b'-- Up-to-date: /home/pratik/ros2_ws/install/my_robot_description/share/my_robot_description/models/Suitcase1H/meshes/Suitcase1H_Metal.png\n'}
[0.255893] (my_robot_description) StdoutLine: {'line': b'-- Up-to-date: /home/pratik/ros2_ws/install/my_robot_description/share/my_robot_description/models/Suitcase1H/meshes/Suitcase1H_Normal.png\n'}
[0.255913] (my_robot_description) StdoutLine: {'line': b'-- Up-to-date: /home/pratik/ros2_ws/install/my_robot_description/share/my_robot_description/models/Suitcase1H/meshes/Suitcase1H_Rough.png\n'}
[0.255933] (my_robot_description) StdoutLine: {'line': b'-- Up-to-date: /home/pratik/ros2_ws/install/my_robot_description/share/my_robot_description/models/Suitcase1H/meshes/Suitcase1H.obj\n'}
[0.255953] (my_robot_description) StdoutLine: {'line': b'-- Up-to-date: /home/pratik/ros2_ws/install/my_robot_description/share/my_robot_description/models/Suitcase1H/meshes/Suitcase1H.mtl\n'}
[0.255973] (my_robot_description) StdoutLine: {'line': b'-- Up-to-date: /home/pratik/ros2_ws/install/my_robot_description/share/my_robot_description/models/Suitcase1H/meshes/Suitcase1H_Col.mtl\n'}
[0.255993] (my_robot_description) StdoutLine: {'line': b'-- Up-to-date: /home/pratik/ros2_ws/install/my_robot_description/share/my_robot_description/models/Suitcase1H/meshes/Suitcase1H_Diffuse.png\n'}
[0.256013] (my_robot_description) StdoutLine: {'line': b'-- Up-to-date: /home/pratik/ros2_ws/install/my_robot_description/share/my_robot_description/models/Suitcase1H/model.sdf\n'}
[0.256033] (my_robot_description) StdoutLine: {'line': b'-- Up-to-date: /home/pratik/ros2_ws/install/my_robot_description/share/my_robot_description/models/Suitcase1H/thumbnails\n'}
[0.256053] (my_robot_description) StdoutLine: {'line': b'-- Up-to-date: /home/pratik/ros2_ws/install/my_robot_description/share/my_robot_description/models/Suitcase1H/thumbnails/2.png\n'}
[0.256074] (my_robot_description) StdoutLine: {'line': b'-- Up-to-date: /home/pratik/ros2_ws/install/my_robot_description/share/my_robot_description/models/Suitcase1H/thumbnails/5.png\n'}
[0.256096] (my_robot_description) StdoutLine: {'line': b'-- Up-to-date: /home/pratik/ros2_ws/install/my_robot_description/share/my_robot_description/models/Suitcase1H/thumbnails/4.png\n'}
[0.256116] (my_robot_description) StdoutLine: {'line': b'-- Up-to-date: /home/pratik/ros2_ws/install/my_robot_description/share/my_robot_description/models/Suitcase1H/thumbnails/3.png\n'}
[0.256136] (my_robot_description) StdoutLine: {'line': b'-- Up-to-date: /home/pratik/ros2_ws/install/my_robot_description/share/my_robot_description/models/Suitcase1H/thumbnails/1.png\n'}
[0.256165] (my_robot_description) StdoutLine: {'line': b'-- Up-to-date: /home/pratik/ros2_ws/install/my_robot_description/share/my_robot_description/models/Suitcase1H/model.config\n'}
[0.256234] (my_robot_description) StdoutLine: {'line': b'-- Up-to-date: /home/pratik/ros2_ws/install/my_robot_description/share/my_robot_description/models/beer\n'}
[0.256258] (my_robot_description) StdoutLine: {'line': b'-- Up-to-date: /home/pratik/ros2_ws/install/my_robot_description/share/my_robot_description/models/beer/model.sdf\n'}
[0.256281] (my_robot_description) StdoutLine: {'line': b'-- Up-to-date: /home/pratik/ros2_ws/install/my_robot_description/share/my_robot_description/models/beer/materials\n'}
[0.256303] (my_robot_description) StdoutLine: {'line': b'-- Up-to-date: /home/pratik/ros2_ws/install/my_robot_description/share/my_robot_description/models/beer/materials/scripts\n'}
[0.256326] (my_robot_description) StdoutLine: {'line': b'-- Up-to-date: /home/pratik/ros2_ws/install/my_robot_description/share/my_robot_description/models/beer/materials/scripts/beer.material\n'}
[0.256348] (my_robot_description) StdoutLine: {'line': b'-- Up-to-date: /home/pratik/ros2_ws/install/my_robot_description/share/my_robot_description/models/beer/materials/textures\n'}
[0.256371] (my_robot_description) StdoutLine: {'line': b'-- Up-to-date: /home/pratik/ros2_ws/install/my_robot_description/share/my_robot_description/models/beer/materials/textures/beer.png\n'}
[0.256393] (my_robot_description) StdoutLine: {'line': b'-- Up-to-date: /home/pratik/ros2_ws/install/my_robot_description/share/my_robot_description/models/beer/thumbnails\n'}
[0.256414] (my_robot_description) StdoutLine: {'line': b'-- Up-to-date: /home/pratik/ros2_ws/install/my_robot_description/share/my_robot_description/models/beer/thumbnails/2.png\n'}
[0.256437] (my_robot_description) StdoutLine: {'line': b'-- Up-to-date: /home/pratik/ros2_ws/install/my_robot_description/share/my_robot_description/models/beer/thumbnails/5.png\n'}
[0.256459] (my_robot_description) StdoutLine: {'line': b'-- Up-to-date: /home/pratik/ros2_ws/install/my_robot_description/share/my_robot_description/models/beer/thumbnails/4.png\n'}
[0.256481] (my_robot_description) StdoutLine: {'line': b'-- Up-to-date: /home/pratik/ros2_ws/install/my_robot_description/share/my_robot_description/models/beer/thumbnails/3.png\n'}
[0.256503] (my_robot_description) StdoutLine: {'line': b'-- Up-to-date: /home/pratik/ros2_ws/install/my_robot_description/share/my_robot_description/models/beer/thumbnails/1.png\n'}
[0.256523] (my_robot_description) StdoutLine: {'line': b'-- Up-to-date: /home/pratik/ros2_ws/install/my_robot_description/share/my_robot_description/models/beer/model.config\n'}
[0.256543] (my_robot_description) StdoutLine: {'line': b'-- Up-to-date: /home/pratik/ros2_ws/install/my_robot_description/share/my_robot_description/models/beer/model-1_4.sdf\n'}
[0.256563] (my_robot_description) StdoutLine: {'line': b'-- Up-to-date: /home/pratik/ros2_ws/install/my_robot_description/share/my_robot_description/models/person_standing\n'}
[0.256582] (my_robot_description) StdoutLine: {'line': b'-- Up-to-date: /home/pratik/ros2_ws/install/my_robot_description/share/my_robot_description/models/person_standing/meshes\n'}
[0.256605] (my_robot_description) StdoutLine: {'line': b'-- Up-to-date: /home/pratik/ros2_ws/install/my_robot_description/share/my_robot_description/models/person_standing/meshes/standing.dae\n'}
[0.256631] (my_robot_description) StdoutLine: {'line': b'-- Up-to-date: /home/pratik/ros2_ws/install/my_robot_description/share/my_robot_description/models/person_standing/model.sdf\n'}
[0.256652] (my_robot_description) StdoutLine: {'line': b'-- Up-to-date: /home/pratik/ros2_ws/install/my_robot_description/share/my_robot_description/models/person_standing/materials\n'}
[0.256674] (my_robot_description) StdoutLine: {'line': b'-- Up-to-date: /home/pratik/ros2_ws/install/my_robot_description/share/my_robot_description/models/person_standing/materials/textures\n'}
[0.256695] (my_robot_description) StdoutLine: {'line': b'-- Up-to-date: /home/pratik/ros2_ws/install/my_robot_description/share/my_robot_description/models/person_standing/materials/textures/tshirt02_texture.png\n'}
[0.256717] (my_robot_description) StdoutLine: {'line': b'-- Up-to-date: /home/pratik/ros2_ws/install/my_robot_description/share/my_robot_description/models/person_standing/materials/textures/eyebrow001-unmodified.png\n'}
[0.256737] (my_robot_description) StdoutLine: {'line': b'-- Up-to-date: /home/pratik/ros2_ws/install/my_robot_description/share/my_robot_description/models/person_standing/materials/textures/young_lightskinned_male_diffuse.png\n'}
[0.256758] (my_robot_description) StdoutLine: {'line': b'-- Up-to-date: /home/pratik/ros2_ws/install/my_robot_description/share/my_robot_description/models/person_standing/materials/textures/teeth.png\n'}
[0.256779] (my_robot_description) StdoutLine: {'line': b'-- Up-to-date: /home/pratik/ros2_ws/install/my_robot_description/share/my_robot_description/models/person_standing/materials/textures/jeans_basic_diffuse.png\n'}
[0.256802] (my_robot_description) StdoutLine: {'line': b'-- Up-to-date: /home/pratik/ros2_ws/install/my_robot_description/share/my_robot_description/models/person_standing/materials/textures/eyebrow001.png\n'}
[0.256824] (my_robot_description) StdoutLine: {'line': b'-- Up-to-date: /home/pratik/ros2_ws/install/my_robot_description/share/my_robot_description/models/person_standing/materials/textures/green_eye.png\n'}
[0.256846] (my_robot_description) StdoutLine: {'line': b'-- Up-to-date: /home/pratik/ros2_ws/install/my_robot_description/share/my_robot_description/models/person_standing/materials/textures/male02_diffuse_black-unmodified.png\n'}
[0.256867] (my_robot_description) StdoutLine: {'line': b'-- Up-to-date: /home/pratik/ros2_ws/install/my_robot_description/share/my_robot_description/models/person_standing/materials/textures/tshirt02_normals.png\n'}
[0.256889] (my_robot_description) StdoutLine: {'line': b'-- Up-to-date: /home/pratik/ros2_ws/install/my_robot_description/share/my_robot_description/models/person_standing/materials/textures/jeans01_normals.png\n'}
[0.256947] (my_robot_description) StdoutLine: {'line': b'-- Up-to-date: /home/pratik/ros2_ws/install/my_robot_description/share/my_robot_description/models/person_standing/materials/textures/male02_diffuse_black.png\n'}
[0.256968] (my_robot_description) StdoutLine: {'line': b'-- Up-to-date: /home/pratik/ros2_ws/install/my_robot_description/share/my_robot_description/models/person_standing/thumbnails\n'}
[0.256988] (my_robot_description) StdoutLine: {'line': b'-- Up-to-date: /home/pratik/ros2_ws/install/my_robot_description/share/my_robot_description/models/person_standing/thumbnails/2.png\n'}
[0.257009] (my_robot_description) StdoutLine: {'line': b'-- Up-to-date: /home/pratik/ros2_ws/install/my_robot_description/share/my_robot_description/models/person_standing/thumbnails/5.png\n'}
[0.257029] (my_robot_description) StdoutLine: {'line': b'-- Up-to-date: /home/pratik/ros2_ws/install/my_robot_description/share/my_robot_description/models/person_standing/thumbnails/4.png\n'}
[0.257050] (my_robot_description) StdoutLine: {'line': b'-- Up-to-date: /home/pratik/ros2_ws/install/my_robot_description/share/my_robot_description/models/person_standing/thumbnails/3.png\n'}
[0.257069] (my_robot_description) StdoutLine: {'line': b'-- Up-to-date: /home/pratik/ros2_ws/install/my_robot_description/share/my_robot_description/models/person_standing/thumbnails/1.png\n'}
[0.257095] (my_robot_description) StdoutLine: {'line': b'-- Up-to-date: /home/pratik/ros2_ws/install/my_robot_description/share/my_robot_description/models/person_standing/model.config\n'}
[0.257116] (my_robot_description) StdoutLine: {'line': b'-- Up-to-date: /home/pratik/ros2_ws/install/my_robot_description/share/my_robot_description/models/aws_robomaker_warehouse_ClutteringC_01\n'}
[0.257136] (my_robot_description) StdoutLine: {'line': b'-- Up-to-date: /home/pratik/ros2_ws/install/my_robot_description/share/my_robot_description/models/aws_robomaker_warehouse_ClutteringC_01/meshes\n'}
[0.257160] (my_robot_description) StdoutLine: {'line': b'-- Up-to-date: /home/pratik/ros2_ws/install/my_robot_description/share/my_robot_description/models/aws_robomaker_warehouse_ClutteringC_01/meshes/aws_robomaker_warehouse_ClutteringC_01_collision.DAE\n'}
[0.257183] (my_robot_description) StdoutLine: {'line': b'-- Up-to-date: /home/pratik/ros2_ws/install/my_robot_description/share/my_robot_description/models/aws_robomaker_warehouse_ClutteringC_01/meshes/aws_robomaker_warehouse_ClutteringC_01_visual.DAE\n'}
[0.257207] (my_robot_description) StdoutLine: {'line': b'-- Up-to-date: /home/pratik/ros2_ws/install/my_robot_description/share/my_robot_description/models/aws_robomaker_warehouse_ClutteringC_01/model.sdf\n'}
[0.257228] (my_robot_description) StdoutLine: {'line': b'-- Up-to-date: /home/pratik/ros2_ws/install/my_robot_description/share/my_robot_description/models/aws_robomaker_warehouse_ClutteringC_01/metadata.pbtxt\n'}
[0.257249] (my_robot_description) StdoutLine: {'line': b'-- Up-to-date: /home/pratik/ros2_ws/install/my_robot_description/share/my_robot_description/models/aws_robomaker_warehouse_ClutteringC_01/materials\n'}
[0.257271] (my_robot_description) StdoutLine: {'line': b'-- Up-to-date: /home/pratik/ros2_ws/install/my_robot_description/share/my_robot_description/models/aws_robomaker_warehouse_ClutteringC_01/materials/textures\n'}
[0.257291] (my_robot_description) StdoutLine: {'line': b'-- Up-to-date: /home/pratik/ros2_ws/install/my_robot_description/share/my_robot_description/models/aws_robomaker_warehouse_ClutteringC_01/materials/textures/aws_robomaker_warehouse_ClutteringC_01.png\n'}
[0.257313] (my_robot_description) StdoutLine: {'line': b'-- Up-to-date: /home/pratik/ros2_ws/install/my_robot_description/share/my_robot_description/models/aws_robomaker_warehouse_ClutteringC_01/materials/textures/aws_robomaker_warehouse_ClutteringC_02.png\n'}
[0.257334] (my_robot_description) StdoutLine: {'line': b'-- Up-to-date: /home/pratik/ros2_ws/install/my_robot_description/share/my_robot_description/models/aws_robomaker_warehouse_ClutteringC_01/thumbnails\n'}
[0.257356] (my_robot_description) StdoutLine: {'line': b'-- Up-to-date: /home/pratik/ros2_ws/install/my_robot_description/share/my_robot_description/models/aws_robomaker_warehouse_ClutteringC_01/thumbnails/2.png\n'}
[0.257379] (my_robot_description) StdoutLine: {'line': b'-- Up-to-date: /home/pratik/ros2_ws/install/my_robot_description/share/my_robot_description/models/aws_robomaker_warehouse_ClutteringC_01/thumbnails/5.png\n'}
[0.257399] (my_robot_description) StdoutLine: {'line': b'-- Up-to-date: /home/pratik/ros2_ws/install/my_robot_description/share/my_robot_description/models/aws_robomaker_warehouse_ClutteringC_01/thumbnails/4.png\n'}
[0.257420] (my_robot_description) StdoutLine: {'line': b'-- Up-to-date: /home/pratik/ros2_ws/install/my_robot_description/share/my_robot_description/models/aws_robomaker_warehouse_ClutteringC_01/thumbnails/3.png\n'}
[0.257441] (my_robot_description) StdoutLine: {'line': b'-- Up-to-date: /home/pratik/ros2_ws/install/my_robot_description/share/my_robot_description/models/aws_robomaker_warehouse_ClutteringC_01/thumbnails/1.png\n'}
[0.257462] (my_robot_description) StdoutLine: {'line': b'-- Up-to-date: /home/pratik/ros2_ws/install/my_robot_description/share/my_robot_description/models/aws_robomaker_warehouse_ClutteringC_01/model.config\n'}
[0.257488] (my_robot_description) StdoutLine: {'line': b'-- Up-to-date: /home/pratik/ros2_ws/install/my_robot_description/share/my_robot_description/models/Nurse\n'}
[0.257534] (my_robot_description) StdoutLine: {'line': b'-- Up-to-date: /home/pratik/ros2_ws/install/my_robot_description/share/my_robot_description/models/Nurse/meshes\n'}
[0.257554] (my_robot_description) StdoutLine: {'line': b'-- Up-to-date: /home/pratik/ros2_ws/install/my_robot_description/share/my_robot_description/models/Nurse/meshes/Clipboard.png\n'}
[0.257580] (my_robot_description) StdoutLine: {'line': b'-- Up-to-date: /home/pratik/ros2_ws/install/my_robot_description/share/my_robot_description/models/Nurse/meshes/NurseFemaleDiffuse.png\n'}
[0.257601] (my_robot_description) StdoutLine: {'line': b'-- Up-to-date: /home/pratik/ros2_ws/install/my_robot_description/share/my_robot_description/models/Nurse/meshes/Nurse.obj\n'}
[0.257621] (my_robot_description) StdoutLine: {'line': b'-- Up-to-date: /home/pratik/ros2_ws/install/my_robot_description/share/my_robot_description/models/Nurse/meshes/Nurse_Col.obj\n'}
[0.257641] (my_robot_description) StdoutLine: {'line': b'-- Up-to-date: /home/pratik/ros2_ws/install/my_robot_description/share/my_robot_description/models/Nurse/meshes/Nurse_Col.mtl\n'}
[0.257661] (my_robot_description) StdoutLine: {'line': b'-- Up-to-date: /home/pratik/ros2_ws/install/my_robot_description/share/my_robot_description/models/Nurse/meshes/Nurse.mtl\n'}
[0.257682] (my_robot_description) StdoutLine: {'line': b'-- Up-to-date: /home/pratik/ros2_ws/install/my_robot_description/share/my_robot_description/models/Nurse/model.sdf\n'}
[0.257705] (my_robot_description) StdoutLine: {'line': b'-- Up-to-date: /home/pratik/ros2_ws/install/my_robot_description/share/my_robot_description/models/Nurse/thumbnails\n'}
[0.257726] (my_robot_description) StdoutLine: {'line': b'-- Up-to-date: /home/pratik/ros2_ws/install/my_robot_description/share/my_robot_description/models/Nurse/thumbnails/2.png\n'}
[0.257747] (my_robot_description) StdoutLine: {'line': b'-- Up-to-date: /home/pratik/ros2_ws/install/my_robot_description/share/my_robot_description/models/Nurse/thumbnails/5.png\n'}
[0.257768] (my_robot_description) StdoutLine: {'line': b'-- Up-to-date: /home/pratik/ros2_ws/install/my_robot_description/share/my_robot_description/models/Nurse/thumbnails/4.png\n'}
[0.257789] (my_robot_description) StdoutLine: {'line': b'-- Up-to-date: /home/pratik/ros2_ws/install/my_robot_description/share/my_robot_description/models/Nurse/thumbnails/3.png\n'}
[0.257811] (my_robot_description) StdoutLine: {'line': b'-- Up-to-date: /home/pratik/ros2_ws/install/my_robot_description/share/my_robot_description/models/Nurse/thumbnails/1.png\n'}
[0.257832] (my_robot_description) StdoutLine: {'line': b'-- Up-to-date: /home/pratik/ros2_ws/install/my_robot_description/share/my_robot_description/models/Nurse/model.config\n'}
[0.257853] (my_robot_description) StdoutLine: {'line': b'-- Up-to-date: /home/pratik/ros2_ws/install/my_robot_description/lib/my_robot_description/robot_controller_node\n'}
[0.257874] (my_robot_description) StdoutLine: {'line': b'-- Up-to-date: /home/pratik/ros2_ws/install/my_robot_description/lib/my_robot_description/teleop_node\n'}
[0.257895] (my_robot_description) StdoutLine: {'line': b'-- Up-to-date: /home/pratik/ros2_ws/install/my_robot_description/lib/my_robot_description/robot_controller.py\n'}
[0.257915] (my_robot_description) StdoutLine: {'line': b'-- Up-to-date: /home/pratik/ros2_ws/install/my_robot_description/share/ament_index/resource_index/package_run_dependencies/my_robot_description\n'}
[0.257935] (my_robot_description) StdoutLine: {'line': b'-- Up-to-date: /home/pratik/ros2_ws/install/my_robot_description/share/ament_index/resource_index/parent_prefix_path/my_robot_description\n'}
[0.257957] (my_robot_description) StdoutLine: {'line': b'-- Up-to-date: /home/pratik/ros2_ws/install/my_robot_description/share/my_robot_description/environment/ament_prefix_path.sh\n'}
[0.257978] (my_robot_description) StdoutLine: {'line': b'-- Up-to-date: /home/pratik/ros2_ws/install/my_robot_description/share/my_robot_description/environment/ament_prefix_path.dsv\n'}
[0.258001] (my_robot_description) StdoutLine: {'line': b'-- Up-to-date: /home/pratik/ros2_ws/install/my_robot_description/share/my_robot_description/environment/path.sh\n'}
[0.258031] (my_robot_description) StdoutLine: {'line': b'-- Up-to-date: /home/pratik/ros2_ws/install/my_robot_description/share/my_robot_description/environment/path.dsv\n'}
[0.258057] (my_robot_description) StdoutLine: {'line': b'-- Up-to-date: /home/pratik/ros2_ws/install/my_robot_description/share/my_robot_description/local_setup.bash\n'}
[0.258080] (my_robot_description) StdoutLine: {'line': b'-- Up-to-date: /home/pratik/ros2_ws/install/my_robot_description/share/my_robot_description/local_setup.sh\n'}
[0.258103] (my_robot_description) StdoutLine: {'line': b'-- Up-to-date: /home/pratik/ros2_ws/install/my_robot_description/share/my_robot_description/local_setup.zsh\n'}
[0.258126] (my_robot_description) StdoutLine: {'line': b'-- Up-to-date: /home/pratik/ros2_ws/install/my_robot_description/share/my_robot_description/local_setup.dsv\n'}
[0.258151] (my_robot_description) StdoutLine: {'line': b'-- Up-to-date: /home/pratik/ros2_ws/install/my_robot_description/share/my_robot_description/package.dsv\n'}
[0.258176] (my_robot_description) StdoutLine: {'line': b'-- Up-to-date: /home/pratik/ros2_ws/install/my_robot_description/share/ament_index/resource_index/packages/my_robot_description\n'}
[0.258199] (my_robot_description) StdoutLine: {'line': b'-- Up-to-date: /home/pratik/ros2_ws/install/my_robot_description/share/my_robot_description/cmake/export_my_robot_description__rosidl_generator_cExport.cmake\n'}
[0.258221] (my_robot_description) StdoutLine: {'line': b'-- Up-to-date: /home/pratik/ros2_ws/install/my_robot_description/share/my_robot_description/cmake/export_my_robot_description__rosidl_generator_cExport-noconfig.cmake\n'}
[0.258244] (my_robot_description) StdoutLine: {'line': b'-- Up-to-date: /home/pratik/ros2_ws/install/my_robot_description/share/my_robot_description/cmake/export_my_robot_description__rosidl_typesupport_fastrtps_cExport.cmake\n'}
[0.258266] (my_robot_description) StdoutLine: {'line': b'-- Up-to-date: /home/pratik/ros2_ws/install/my_robot_description/share/my_robot_description/cmake/export_my_robot_description__rosidl_typesupport_fastrtps_cExport-noconfig.cmake\n'}
[0.258293] (my_robot_description) StdoutLine: {'line': b'-- Up-to-date: /home/pratik/ros2_ws/install/my_robot_description/share/my_robot_description/cmake/export_my_robot_description__rosidl_generator_cppExport.cmake\n'}
[0.258316] (my_robot_description) StdoutLine: {'line': b'-- Up-to-date: /home/pratik/ros2_ws/install/my_robot_description/share/my_robot_description/cmake/export_my_robot_description__rosidl_typesupport_fastrtps_cppExport.cmake\n'}
[0.258339] (my_robot_description) StdoutLine: {'line': b'-- Up-to-date: /home/pratik/ros2_ws/install/my_robot_description/share/my_robot_description/cmake/export_my_robot_description__rosidl_typesupport_fastrtps_cppExport-noconfig.cmake\n'}
[0.258363] (my_robot_description) StdoutLine: {'line': b'-- Up-to-date: /home/pratik/ros2_ws/install/my_robot_description/share/my_robot_description/cmake/my_robot_description__rosidl_typesupport_introspection_cExport.cmake\n'}
[0.258385] (my_robot_description) StdoutLine: {'line': b'-- Up-to-date: /home/pratik/ros2_ws/install/my_robot_description/share/my_robot_description/cmake/my_robot_description__rosidl_typesupport_introspection_cExport-noconfig.cmake\n'}
[0.258408] (my_robot_description) StdoutLine: {'line': b'-- Up-to-date: /home/pratik/ros2_ws/install/my_robot_description/share/my_robot_description/cmake/my_robot_description__rosidl_typesupport_cExport.cmake\n'}
[0.258430] (my_robot_description) StdoutLine: {'line': b'-- Up-to-date: /home/pratik/ros2_ws/install/my_robot_description/share/my_robot_description/cmake/my_robot_description__rosidl_typesupport_cExport-noconfig.cmake\n'}
[0.258453] (my_robot_description) StdoutLine: {'line': b'-- Up-to-date: /home/pratik/ros2_ws/install/my_robot_description/share/my_robot_description/cmake/my_robot_description__rosidl_typesupport_introspection_cppExport.cmake\n'}
[0.258478] (my_robot_description) StdoutLine: {'line': b'-- Up-to-date: /home/pratik/ros2_ws/install/my_robot_description/share/my_robot_description/cmake/my_robot_description__rosidl_typesupport_introspection_cppExport-noconfig.cmake\n'}
[0.258500] (my_robot_description) StdoutLine: {'line': b'-- Up-to-date: /home/pratik/ros2_ws/install/my_robot_description/share/my_robot_description/cmake/my_robot_description__rosidl_typesupport_cppExport.cmake\n'}
[0.258522] (my_robot_description) StdoutLine: {'line': b'-- Up-to-date: /home/pratik/ros2_ws/install/my_robot_description/share/my_robot_description/cmake/my_robot_description__rosidl_typesupport_cppExport-noconfig.cmake\n'}
[0.258544] (my_robot_description) StdoutLine: {'line': b'-- Up-to-date: /home/pratik/ros2_ws/install/my_robot_description/share/my_robot_description/cmake/export_my_robot_description__rosidl_generator_pyExport.cmake\n'}
[0.258566] (my_robot_description) StdoutLine: {'line': b'-- Up-to-date: /home/pratik/ros2_ws/install/my_robot_description/share/my_robot_description/cmake/export_my_robot_description__rosidl_generator_pyExport-noconfig.cmake\n'}
[0.258589] (my_robot_description) StdoutLine: {'line': b'-- Up-to-date: /home/pratik/ros2_ws/install/my_robot_description/share/my_robot_description/cmake/rosidl_cmake-extras.cmake\n'}
[0.258615] (my_robot_description) StdoutLine: {'line': b'-- Up-to-date: /home/pratik/ros2_ws/install/my_robot_description/share/my_robot_description/cmake/ament_cmake_export_include_directories-extras.cmake\n'}
[0.258639] (my_robot_description) StdoutLine: {'line': b'-- Up-to-date: /home/pratik/ros2_ws/install/my_robot_description/share/my_robot_description/cmake/ament_cmake_export_libraries-extras.cmake\n'}
[0.258665] (my_robot_description) StdoutLine: {'line': b'-- Up-to-date: /home/pratik/ros2_ws/install/my_robot_description/share/my_robot_description/cmake/ament_cmake_export_targets-extras.cmake\n'}
[0.258687] (my_robot_description) StdoutLine: {'line': b'-- Up-to-date: /home/pratik/ros2_ws/install/my_robot_description/share/my_robot_description/cmake/rosidl_cmake_export_typesupport_targets-extras.cmake\n'}
[0.258711] (my_robot_description) StdoutLine: {'line': b'-- Up-to-date: /home/pratik/ros2_ws/install/my_robot_description/share/my_robot_description/cmake/ament_cmake_export_dependencies-extras.cmake\n'}
[0.258733] (my_robot_description) StdoutLine: {'line': b'-- Up-to-date: /home/pratik/ros2_ws/install/my_robot_description/share/my_robot_description/cmake/rosidl_cmake_export_typesupport_libraries-extras.cmake\n'}
[0.258756] (my_robot_description) StdoutLine: {'line': b'-- Up-to-date: /home/pratik/ros2_ws/install/my_robot_description/share/my_robot_description/cmake/my_robot_descriptionConfig.cmake\n'}
[0.258778] (my_robot_description) StdoutLine: {'line': b'-- Up-to-date: /home/pratik/ros2_ws/install/my_robot_description/share/my_robot_description/cmake/my_robot_descriptionConfig-version.cmake\n'}
[0.258802] (my_robot_description) StdoutLine: {'line': b'-- Up-to-date: /home/pratik/ros2_ws/install/my_robot_description/share/my_robot_description/package.xml\n'}
[0.258825] (my_robot_description) CommandEnded: {'returncode': 0}
[0.267928] (my_robot_description) JobEnded: {'identifier': 'my_robot_description', 'rc': 0}
[0.268185] (-) EventReactorShutdown: {}
